,Entity,Code,Year,Fertility rate - Sex: all - Age: all - Variant: estimates,Combined - average years of education for 15-64 years female youth and adults,Population (historical),World regions according to OWID
0,Afghanistan,AFG,1950,7.248,0.08,7776133.0,Asia
1,Afghanistan,AFG,1951,7.26,,7879295.0,Asia
2,Afghanistan,AFG,1952,7.26,,7987737.0,Asia
3,Afghanistan,AFG,1953,7.266,,8096656.0,Asia
4,Afghanistan,AFG,1954,7.254,,8207910.0,Asia
5,Afghanistan,AFG,1955,7.262,0.08,8326933.0,Asia
6,Afghanistan,AFG,1956,7.269,,8454265.0,Asia
7,Afghanistan,AFG,1957,7.264,,8588294.0,Asia
8,Afghanistan,AFG,1958,7.269,,8723366.0,Asia
9,Afghanistan,AFG,1959,7.276,,8869225.0,Asia
10,Afghanistan,AFG,1960,7.282,0.09,9034994.0,Asia
11,Afghanistan,AFG,1961,7.284,,9214035.0,Asia
12,Afghanistan,AFG,1962,7.292,,9404364.0,Asia
13,Afghanistan,AFG,1963,7.302,,9604447.0,Asia
14,Afghanistan,AFG,1964,7.304,,9814267.0,Asia
15,Afghanistan,AFG,1965,7.305,0.1,10035943.0,Asia
16,Afghanistan,AFG,1966,7.32,,10266353.0,Asia
17,Afghanistan,AFG,1967,7.339,,10505922.0,Asia
18,Afghanistan,AFG,1968,7.363,,10756882.0,Asia
19,Afghanistan,AFG,1969,7.389,,11017366.0,Asia
20,Afghanistan,AFG,1970,7.4,0.17,11290086.0,Asia
21,Afghanistan,AFG,1971,7.432,,11567632.0,Asia
22,Afghanistan,AFG,1972,7.453,,11853650.0,Asia
23,Afghanistan,AFG,1973,7.487,,12157952.0,Asia
24,Afghanistan,AFG,1974,7.526,,12469080.0,Asia
25,Afghanistan,AFG,1975,7.542,0.23,12773909.0,Asia
26,Afghanistan,AFG,1976,7.561,,13059812.0,Asia
27,Afghanistan,AFG,1977,7.591,,13340713.0,Asia
28,Afghanistan,AFG,1978,7.599,,13611395.0,Asia
29,Afghanistan,AFG,1979,7.612,,13655537.0,Asia
30,Afghanistan,AFG,1980,7.643,0.36,13169267.0,Asia
31,Afghanistan,AFG,1981,7.617,,11937540.0,Asia
32,Afghanistan,AFG,1982,7.6,,10991329.0,Asia
33,Afghanistan,AFG,1983,7.57,,10917939.0,Asia
34,Afghanistan,AFG,1984,7.554,,11190179.0,Asia
35,Afghanistan,AFG,1985,7.55,0.54,11426806.0,Asia
36,Afghanistan,AFG,1986,7.553,,11420029.0,Asia
37,Afghanistan,AFG,1987,7.548,,11387776.0,Asia
38,Afghanistan,AFG,1988,7.551,,11523244.0,Asia
39,Afghanistan,AFG,1989,7.559,,11874030.0,Asia
40,Afghanistan,AFG,1990,7.576,0.73,12045622.0,Asia
41,Afghanistan,AFG,1991,7.631,,12238831.0,Asia
42,Afghanistan,AFG,1992,7.703,,13278937.0,Asia
43,Afghanistan,AFG,1993,7.761,,14943125.0,Asia
44,Afghanistan,AFG,1994,7.767,,16250755.0,Asia
45,Afghanistan,AFG,1995,7.767,0.96,17065794.0,Asia
46,Afghanistan,AFG,1996,7.757,,17763221.0,Asia
47,Afghanistan,AFG,1997,7.732,,18452049.0,Asia
48,Afghanistan,AFG,1998,7.693,,19159955.0,Asia
49,Afghanistan,AFG,1999,7.641,,19887737.0,Asia
50,Afghanistan,AFG,2000,7.566,1.25,20130279.0,Asia
51,Afghanistan,AFG,2001,7.453,,20284252.0,Asia
52,Afghanistan,AFG,2002,7.32,,21378081.0,Asia
53,Afghanistan,AFG,2003,7.174,,22733007.0,Asia
54,Afghanistan,AFG,2004,7.018,,23560598.0,Asia
55,Afghanistan,AFG,2005,6.858,1.44,24404520.0,Asia
56,Afghanistan,AFG,2006,6.686,,25424050.0,Asia
57,Afghanistan,AFG,2007,6.508,,25909790.0,Asia
58,Afghanistan,AFG,2008,6.392,,26482577.0,Asia
59,Afghanistan,AFG,2009,6.295,,27466056.0,Asia
60,Afghanistan,AFG,2010,6.195,2.14,28284036.0,Asia
61,Afghanistan,AFG,2011,6.094,,29347668.0,Asia
62,Afghanistan,AFG,2012,5.985,,30559988.0,Asia
63,Afghanistan,AFG,2013,5.879,,31622662.0,Asia
64,Afghanistan,AFG,2014,5.77,,32792472.0,Asia
65,Afghanistan,AFG,2015,5.652,3.52,33831716.0,Asia
66,Afghanistan,AFG,2016,5.542,,34700565.0,Asia
67,Afghanistan,AFG,2017,5.433,,35688889.0,Asia
68,Afghanistan,AFG,2018,5.327,,36742997.0,Asia
69,Afghanistan,AFG,2019,5.238,,37856071.0,Asia
70,Afghanistan,AFG,2020,5.145,4.81,39068933.0,Asia
608,Albania,ALB,1950,6.169,2.27,1247805.0,Europe
609,Albania,ALB,1951,6.198,,1276310.0,Europe
610,Albania,ALB,1952,6.239,,1308316.0,Europe
611,Albania,ALB,1953,6.341,,1343538.0,Europe
612,Albania,ALB,1954,6.432,,1381040.0,Europe
613,Albania,ALB,1955,6.541,2.37,1418800.0,Europe
614,Albania,ALB,1956,6.437,,1456773.0,Europe
615,Albania,ALB,1957,6.334,,1497895.0,Europe
616,Albania,ALB,1958,6.391,,1543926.0,Europe
617,Albania,ALB,1959,6.397,,1594983.0,Europe
618,Albania,ALB,1960,6.383,2.68,1649347.0,Europe
619,Albania,ALB,1961,6.273,,1698752.0,Europe
620,Albania,ALB,1962,6.106,,1743691.0,Europe
621,Albania,ALB,1963,5.927,,1791245.0,Europe
622,Albania,ALB,1964,5.714,,1841400.0,Europe
623,Albania,ALB,1965,5.474,3.05,1894260.0,Europe
624,Albania,ALB,1966,5.325,,1949994.0,Europe
625,Albania,ALB,1967,5.31,,2008475.0,Europe
626,Albania,ALB,1968,5.317,,2068792.0,Europe
627,Albania,ALB,1969,5.287,,2126841.0,Europe
628,Albania,ALB,1970,5.158,4.02,2181184.0,Europe
629,Albania,ALB,1971,5.083,,2234943.0,Europe
630,Albania,ALB,1972,4.979,,2289216.0,Europe
631,Albania,ALB,1973,4.829,,2344054.0,Europe
632,Albania,ALB,1974,4.7,,2399351.0,Europe
633,Albania,ALB,1975,4.566,5.19,2454821.0,Europe
634,Albania,ALB,1976,4.374,,2510543.0,Europe
635,Albania,ALB,1977,4.204,,2566552.0,Europe
636,Albania,ALB,1978,3.996,,2624568.0,Europe
637,Albania,ALB,1979,3.782,,2681342.0,Europe
638,Albania,ALB,1980,3.59,6.42,2735375.0,Europe
639,Albania,ALB,1981,3.468,,2790376.0,Europe
640,Albania,ALB,1982,3.416,,2846846.0,Europe
641,Albania,ALB,1983,3.319,,2905083.0,Europe
642,Albania,ALB,1984,3.282,,2964906.0,Europe
643,Albania,ALB,1985,3.214,7.47,3026198.0,Europe
644,Albania,ALB,1986,3.141,,3087615.0,Europe
645,Albania,ALB,1987,3.106,,3148799.0,Europe
646,Albania,ALB,1988,3.069,,3212878.0,Europe
647,Albania,ALB,1989,3.03,,3260326.0,Europe
648,Albania,ALB,1990,3.014,8.22,3277919.0,Europe
649,Albania,ALB,1991,2.956,,3282561.0,Europe
650,Albania,ALB,1992,2.885,,3282454.0,Europe
651,Albania,ALB,1993,2.811,,3277776.0,Europe
652,Albania,ALB,1994,2.798,,3269363.0,Europe
653,Albania,ALB,1995,2.762,8.29,3258518.0,Europe
654,Albania,ALB,1996,2.666,,3245632.0,Europe
655,Albania,ALB,1997,2.535,,3229610.0,Europe
656,Albania,ALB,1998,2.425,,3210081.0,Europe
657,Albania,ALB,1999,2.313,,3188548.0,Europe
658,Albania,ALB,2000,2.217,9.75,3166104.0,Europe
659,Albania,ALB,2001,2.141,,3147892.0,Europe
660,Albania,ALB,2002,2.002,,3134049.0,Europe
661,Albania,ALB,2003,2.006,,3118038.0,Europe
662,Albania,ALB,2004,1.889,,3098613.0,Europe
663,Albania,ALB,2005,1.787,10.14,3076108.0,Europe
664,Albania,ALB,2006,1.686,,3050754.0,Europe
665,Albania,ALB,2007,1.633,,3022843.0,Europe
666,Albania,ALB,2008,1.616,,2992879.0,Europe
667,Albania,ALB,2009,1.638,,2961436.0,Europe
668,Albania,ALB,2010,1.653,10.39,2928681.0,Europe
669,Albania,ALB,2011,1.677,,2911446.0,Europe
670,Albania,ALB,2012,1.719,,2909947.0,Europe
671,Albania,ALB,2013,1.741,,2907512.0,Europe
672,Albania,ALB,2014,1.721,,2903689.0,Europe
673,Albania,ALB,2015,1.631,9.83,2898589.0,Europe
674,Albania,ALB,2016,1.555,,2897815.0,Europe
675,Albania,ALB,2017,1.486,,2898198.0,Europe
676,Albania,ALB,2018,1.415,,2894181.0,Europe
677,Albania,ALB,2019,1.395,,2884969.0,Europe
678,Albania,ALB,2020,1.371,10.15,2871900.0,Europe
873,Algeria,DZA,1950,7.324,0.68,9018372.0,Africa
874,Algeria,DZA,1951,7.307,,9269819.0,Africa
875,Algeria,DZA,1952,7.289,,9521159.0,Africa
876,Algeria,DZA,1953,7.291,,9772605.0,Africa
877,Algeria,DZA,1954,7.311,,10014341.0,Africa
878,Algeria,DZA,1955,7.336,0.67,10247375.0,Africa
879,Algeria,DZA,1956,7.358,,10482131.0,Africa
880,Algeria,DZA,1957,7.386,,10717453.0,Africa
881,Algeria,DZA,1958,7.438,,10953584.0,Africa
882,Algeria,DZA,1959,7.454,,11189572.0,Africa
883,Algeria,DZA,1960,7.503,0.6,11424876.0,Africa
884,Algeria,DZA,1961,7.564,,11628830.0,Africa
885,Algeria,DZA,1962,7.607,,11800720.0,Africa
886,Algeria,DZA,1963,7.649,,11982065.0,Africa
887,Algeria,DZA,1964,7.672,,12179764.0,Africa
888,Algeria,DZA,1965,7.711,0.58,12365928.0,Africa
889,Algeria,DZA,1966,7.71,,12590021.0,Africa
890,Algeria,DZA,1967,7.712,,12876068.0,Africa
891,Algeria,DZA,1968,7.711,,13172561.0,Africa
892,Algeria,DZA,1969,7.709,,13475921.0,Africa
893,Algeria,DZA,1970,7.704,0.85,13783680.0,Africa
894,Algeria,DZA,1971,7.671,,14098891.0,Africa
895,Algeria,DZA,1972,7.634,,14427026.0,Africa
896,Algeria,DZA,1973,7.592,,14771102.0,Africa
897,Algeria,DZA,1974,7.545,,15133462.0,Africa
898,Algeria,DZA,1975,7.485,1.33,15678549.0,Africa
899,Algeria,DZA,1976,7.405,,16409124.0,Africa
900,Algeria,DZA,1977,7.312,,17015940.0,Africa
901,Algeria,DZA,1978,7.211,,17506931.0,Africa
902,Algeria,DZA,1979,7.119,,18036608.0,Africa
903,Algeria,DZA,1980,6.994,1.95,18607122.0,Africa
904,Algeria,DZA,1981,6.845,,19220656.0,Africa
905,Algeria,DZA,1982,6.675,,19872306.0,Africa
906,Algeria,DZA,1983,6.496,,20558077.0,Africa
907,Algeria,DZA,1984,6.283,,21271910.0,Africa
908,Algeria,DZA,1985,6.035,3.02,22008492.0,Africa
909,Algeria,DZA,1986,5.645,,22745453.0,Africa
910,Algeria,DZA,1987,5.298,,23443581.0,Africa
911,Algeria,DZA,1988,5.023,,24109485.0,Africa
912,Algeria,DZA,1989,4.761,,24754440.0,Africa
913,Algeria,DZA,1990,4.509,3.79,25375759.0,Africa
914,Algeria,DZA,1991,4.366,,25987891.0,Africa
915,Algeria,DZA,1992,4.274,,26628518.0,Africa
916,Algeria,DZA,1993,4.076,,27276996.0,Africa
917,Algeria,DZA,1994,3.914,,27887227.0,Africa
918,Algeria,DZA,1995,3.487,4.69,28470152.0,Africa
919,Algeria,DZA,1996,3.139,,29032996.0,Africa
920,Algeria,DZA,1997,2.886,,29579249.0,Africa
921,Algeria,DZA,1998,2.691,,30054098.0,Africa
922,Algeria,DZA,1999,2.62,,30474312.0,Africa
923,Algeria,DZA,2000,2.59,5.28,30903850.0,Africa
924,Algeria,DZA,2001,2.519,,31331173.0,Africa
925,Algeria,DZA,2002,2.429,,31750790.0,Africa
926,Algeria,DZA,2003,2.451,,32175762.0,Africa
927,Algeria,DZA,2004,2.5,,32628233.0,Africa
928,Algeria,DZA,2005,2.562,5.94,33109211.0,Africa
929,Algeria,DZA,2006,2.628,,33623459.0,Africa
930,Algeria,DZA,2007,2.704,,34189375.0,Africa
931,Algeria,DZA,2008,2.785,,34816912.0,Africa
932,Algeria,DZA,2009,2.825,,35490399.0,Africa
933,Algeria,DZA,2010,2.875,6.71,36188192.0,Africa
934,Algeria,DZA,2011,2.899,,36903328.0,Africa
935,Algeria,DZA,2012,2.996,,37646120.0,Africa
936,Algeria,DZA,2013,2.997,,38414134.0,Africa
937,Algeria,DZA,2014,3.084,,39204992.0,Africa
938,Algeria,DZA,2015,3.091,7.43,40019473.0,Africa
939,Algeria,DZA,2016,3.091,,40850673.0,Africa
940,Algeria,DZA,2017,3.09,,41689261.0,Africa
941,Algeria,DZA,2018,3.019,,42504975.0,Africa
942,Algeria,DZA,2019,2.997,,43294503.0,Africa
943,Algeria,DZA,2020,2.94,8.16,44042041.0,Africa
1138,American Samoa,ASM,1950,6.219,,19025.0,Oceania
1139,American Samoa,ASM,1951,6.166,,19409.0,Oceania
1140,American Samoa,ASM,1952,6.112,,19527.0,Oceania
1141,American Samoa,ASM,1953,6.087,,19660.0,Oceania
1142,American Samoa,ASM,1954,6.094,,19734.0,Oceania
1143,American Samoa,ASM,1955,6.143,,19837.0,Oceania
1144,American Samoa,ASM,1956,6.197,,19915.0,Oceania
1145,American Samoa,ASM,1957,6.301,,19945.0,Oceania
1146,American Samoa,ASM,1958,6.425,,19915.0,Oceania
1147,American Samoa,ASM,1959,6.537,,19895.0,Oceania
1148,American Samoa,ASM,1960,6.578,,20117.0,Oceania
1149,American Samoa,ASM,1961,6.575,,20647.0,Oceania
1150,American Samoa,ASM,1962,6.603,,21273.0,Oceania
1151,American Samoa,ASM,1963,6.687,,21952.0,Oceania
1152,American Samoa,ASM,1964,6.78,,22663.0,Oceania
1153,American Samoa,ASM,1965,6.73,,23385.0,Oceania
1154,American Samoa,ASM,1966,6.618,,24112.0,Oceania
1155,American Samoa,ASM,1967,6.461,,24849.0,Oceania
1156,American Samoa,ASM,1968,6.281,,25591.0,Oceania
1157,American Samoa,ASM,1969,6.122,,26356.0,Oceania
1158,American Samoa,ASM,1970,5.953,,27011.0,Oceania
1159,American Samoa,ASM,1971,5.765,,27517.0,Oceania
1160,American Samoa,ASM,1972,5.519,,27983.0,Oceania
1161,American Samoa,ASM,1973,5.297,,28425.0,Oceania
1162,American Samoa,ASM,1974,5.139,,28859.0,Oceania
1163,American Samoa,ASM,1975,5.013,,29365.0,Oceania
1164,American Samoa,ASM,1976,4.932,,29935.0,Oceania
1165,American Samoa,ASM,1977,4.953,,30498.0,Oceania
1166,American Samoa,ASM,1978,4.873,,31056.0,Oceania
1167,American Samoa,ASM,1979,4.756,,31588.0,Oceania
1168,American Samoa,ASM,1980,4.627,,32389.0,Oceania
1169,American Samoa,ASM,1981,4.498,,33563.0,Oceania
1170,American Samoa,ASM,1982,4.37,,34895.0,Oceania
1171,American Samoa,ASM,1983,4.267,,36255.0,Oceania
1172,American Samoa,ASM,1984,4.25,,37646.0,Oceania
1173,American Samoa,ASM,1985,4.255,,39089.0,Oceania
1174,American Samoa,ASM,1986,4.276,,40544.0,Oceania
1175,American Samoa,ASM,1987,4.298,,42048.0,Oceania
1176,American Samoa,ASM,1988,4.314,,43584.0,Oceania
1177,American Samoa,ASM,1989,4.41,,45169.0,Oceania
1178,American Samoa,ASM,1990,4.472,,46620.0,Oceania
1179,American Samoa,ASM,1991,4.528,,47856.0,Oceania
1180,American Samoa,ASM,1992,4.557,,49013.0,Oceania
1181,American Samoa,ASM,1993,4.605,,50137.0,Oceania
1182,American Samoa,ASM,1994,4.384,,51230.0,Oceania
1183,American Samoa,ASM,1995,4.121,,52290.0,Oceania
1184,American Samoa,ASM,1996,3.944,,53336.0,Oceania
1185,American Samoa,ASM,1997,3.887,,54342.0,Oceania
1186,American Samoa,ASM,1998,3.878,,55299.0,Oceania
1187,American Samoa,ASM,1999,3.891,,56232.0,Oceania
1188,American Samoa,ASM,2000,3.89,,56828.0,Oceania
1189,American Samoa,ASM,2001,3.87,,57033.0,Oceania
1190,American Samoa,ASM,2002,3.866,,57037.0,Oceania
1191,American Samoa,ASM,2003,3.91,,56946.0,Oceania
1192,American Samoa,ASM,2004,3.945,,56796.0,Oceania
1193,American Samoa,ASM,2005,3.863,,56591.0,Oceania
1194,American Samoa,ASM,2006,3.685,,56340.0,Oceania
1195,American Samoa,ASM,2007,3.509,,56089.0,Oceania
1196,American Samoa,ASM,2008,3.42,,55805.0,Oceania
1197,American Samoa,ASM,2009,3.359,,55502.0,Oceania
1198,American Samoa,ASM,2010,3.292,,55204.0,Oceania
1199,American Samoa,ASM,2011,3.169,,54874.0,Oceania
1200,American Samoa,ASM,2012,3.043,,54453.0,Oceania
1201,American Samoa,ASM,2013,2.932,,53986.0,Oceania
1202,American Samoa,ASM,2014,2.852,,53448.0,Oceania
1203,American Samoa,ASM,2015,2.78,,52849.0,Oceania
1204,American Samoa,ASM,2016,2.699,,52227.0,Oceania
1205,American Samoa,ASM,2017,2.598,,51561.0,Oceania
1206,American Samoa,ASM,2018,2.494,,50884.0,Oceania
1207,American Samoa,ASM,2019,2.404,,50189.0,Oceania
1208,American Samoa,ASM,2020,2.36,,49732.0,Oceania
1328,Andorra,AND,1950,2.112,,5979.0,Europe
1329,Andorra,AND,1951,2.195,,5802.0,Europe
1330,Andorra,AND,1952,2.258,,5429.0,Europe
1331,Andorra,AND,1953,2.315,,5311.0,Europe
1332,Andorra,AND,1954,2.32,,5592.0,Europe
1333,Andorra,AND,1955,2.271,,6139.0,Europe
1334,Andorra,AND,1956,2.296,,6750.0,Europe
1335,Andorra,AND,1957,2.374,,7373.0,Europe
1336,Andorra,AND,1958,2.459,,8048.0,Europe
1337,Andorra,AND,1959,2.552,,8753.0,Europe
1338,Andorra,AND,1960,2.545,,9498.0,Europe
1339,Andorra,AND,1961,2.543,,10266.0,Europe
1340,Andorra,AND,1962,2.548,,11062.0,Europe
1341,Andorra,AND,1963,2.602,,11892.0,Europe
1342,Andorra,AND,1964,2.689,,12744.0,Europe
1343,Andorra,AND,1965,2.715,,13618.0,Europe
1344,Andorra,AND,1966,2.759,,14609.0,Europe
1345,Andorra,AND,1967,2.78,,15814.0,Europe
1346,Andorra,AND,1968,2.77,,17154.0,Europe
1347,Andorra,AND,1969,2.769,,18533.0,Europe
1348,Andorra,AND,1970,2.787,,19953.0,Europe
1349,Andorra,AND,1971,2.832,,21426.0,Europe
1350,Andorra,AND,1972,2.905,,22935.0,Europe
1351,Andorra,AND,1973,2.826,,24502.0,Europe
1352,Andorra,AND,1974,2.735,,26101.0,Europe
1353,Andorra,AND,1975,2.458,,27754.0,Europe
1354,Andorra,AND,1976,2.207,,29417.0,Europe
1355,Andorra,AND,1977,2.029,,31076.0,Europe
1356,Andorra,AND,1978,1.884,,32714.0,Europe
1357,Andorra,AND,1979,1.795,,34283.0,Europe
1358,Andorra,AND,1980,1.83,,35754.0,Europe
1359,Andorra,AND,1981,1.797,,37143.0,Europe
1360,Andorra,AND,1982,1.726,,38743.0,Europe
1361,Andorra,AND,1983,1.574,,40543.0,Europe
1362,Andorra,AND,1984,1.475,,42238.0,Europe
1363,Andorra,AND,1985,1.434,,43796.0,Europe
1364,Andorra,AND,1986,1.397,,45715.0,Europe
1365,Andorra,AND,1987,1.367,,47634.0,Europe
1366,Andorra,AND,1988,1.365,,49394.0,Europe
1367,Andorra,AND,1989,1.395,,50589.0,Europe
1368,Andorra,AND,1990,1.401,,52573.0,Europe
1369,Andorra,AND,1991,1.397,,56650.0,Europe
1370,Andorra,AND,1992,1.373,,60165.0,Europe
1371,Andorra,AND,1993,1.334,,63239.0,Europe
1372,Andorra,AND,1994,1.317,,64586.0,Europe
1373,Andorra,AND,1995,1.319,,63884.0,Europe
1374,Andorra,AND,1996,1.329,,63958.0,Europe
1375,Andorra,AND,1997,1.354,,64677.0,Europe
1376,Andorra,AND,1998,1.383,,65352.0,Europe
1377,Andorra,AND,1999,1.421,,65689.0,Europe
1378,Andorra,AND,2000,1.273,,65653.0,Europe
1379,Andorra,AND,2001,1.305,,65826.0,Europe
1380,Andorra,AND,2002,1.265,,66469.0,Europe
1381,Andorra,AND,2003,1.18,,69456.0,Europe
1382,Andorra,AND,2004,1.229,,74295.0,Europe
1383,Andorra,AND,2005,1.224,,77390.0,Europe
1384,Andorra,AND,2006,1.234,,79552.0,Europe
1385,Andorra,AND,2007,1.189,,81850.0,Europe
1386,Andorra,AND,2008,1.25,,83468.0,Europe
1387,Andorra,AND,2009,1.208,,83863.0,Europe
1388,Andorra,AND,2010,1.275,,80679.0,Europe
1389,Andorra,AND,2011,1.321,,77749.0,Europe
1390,Andorra,AND,2012,1.26,,76812.0,Europe
1391,Andorra,AND,2013,1.142,,75175.0,Europe
1392,Andorra,AND,2014,1.168,,73701.0,Europe
1393,Andorra,AND,2015,1.223,,72151.0,Europe
1394,Andorra,AND,2016,1.184,,72144.0,Europe
1395,Andorra,AND,2017,1.129,,73730.0,Europe
1396,Andorra,AND,2018,1.053,,75145.0,Europe
1397,Andorra,AND,2019,1.045,,76436.0,Europe
1398,Andorra,AND,2020,1.028,,77343.0,Europe
1589,Angola,AGO,1950,5.771,,4551815.0,Africa
1590,Angola,AGO,1951,5.831,,4602514.0,Africa
1591,Angola,AGO,1952,5.948,,4651645.0,Africa
1592,Angola,AGO,1953,6.06,,4706304.0,Africa
1593,Angola,AGO,1954,6.166,,4766662.0,Africa
1594,Angola,AGO,1955,6.267,,4832728.0,Africa
1595,Angola,AGO,1956,6.363,,4904220.0,Africa
1596,Angola,AGO,1957,6.455,,4980606.0,Africa
1597,Angola,AGO,1958,6.542,,5061086.0,Africa
1598,Angola,AGO,1959,6.626,,5145059.0,Africa
1599,Angola,AGO,1960,6.708,,5231614.0,Africa
1600,Angola,AGO,1961,6.79,,5301537.0,Africa
1601,Angola,AGO,1962,6.872,,5354263.0,Africa
1602,Angola,AGO,1963,6.954,,5408282.0,Africa
1603,Angola,AGO,1964,7.036,,5464131.0,Africa
1604,Angola,AGO,1965,7.116,,5521930.0,Africa
1605,Angola,AGO,1966,7.194,,5581345.0,Africa
1606,Angola,AGO,1967,7.267,,5641757.0,Africa
1607,Angola,AGO,1968,7.332,,5702647.0,Africa
1608,Angola,AGO,1969,7.388,,5763643.0,Africa
1609,Angola,AGO,1970,7.434,,5852739.0,Africa
1610,Angola,AGO,1971,7.467,,5991069.0,Africa
1611,Angola,AGO,1972,7.488,,6174222.0,Africa
1612,Angola,AGO,1973,7.498,,6388487.0,Africa
1613,Angola,AGO,1974,7.5,,6613318.0,Africa
1614,Angola,AGO,1975,7.494,,6842895.0,Africa
1615,Angola,AGO,1976,7.485,,7074616.0,Africa
1616,Angola,AGO,1977,7.475,,7317788.0,Africa
1617,Angola,AGO,1978,7.467,,7576689.0,Africa
1618,Angola,AGO,1979,7.461,,7847158.0,Africa
1619,Angola,AGO,1980,7.459,,8133821.0,Africa
1620,Angola,AGO,1981,7.459,,8435554.0,Africa
1621,Angola,AGO,1982,7.461,,8751606.0,Africa
1622,Angola,AGO,1983,7.462,,9082937.0,Africa
1623,Angola,AGO,1984,7.459,,9425868.0,Africa
1624,Angola,AGO,1985,7.451,,9779081.0,Africa
1625,Angola,AGO,1986,7.435,,10139414.0,Africa
1626,Angola,AGO,1987,7.409,,10497814.0,Africa
1627,Angola,AGO,1988,7.373,,10861253.0,Africa
1628,Angola,AGO,1989,7.328,,11238508.0,Africa
1629,Angola,AGO,1990,7.272,,11626308.0,Africa
1630,Angola,AGO,1991,7.208,,12023483.0,Africa
1631,Angola,AGO,1992,7.138,,12423671.0,Africa
1632,Angola,AGO,1993,7.065,,12827083.0,Africa
1633,Angola,AGO,1994,6.99,,13249709.0,Africa
1634,Angola,AGO,1995,6.918,,13699738.0,Africa
1635,Angola,AGO,1996,6.851,,14170920.0,Africa
1636,Angola,AGO,1997,6.789,,14660376.0,Africa
1637,Angola,AGO,1998,6.732,,15159322.0,Africa
1638,Angola,AGO,1999,6.683,,15667183.0,Africa
1639,Angola,AGO,2000,6.639,,16194813.0,Africa
1640,Angola,AGO,2001,6.601,,16747158.0,Africa
1641,Angola,AGO,2002,6.567,,17327653.0,Africa
1642,Angola,AGO,2003,6.533,,17943666.0,Africa
1643,Angola,AGO,2004,6.499,,18600378.0,Africa
1644,Angola,AGO,2005,6.461,,19291121.0,Africa
1645,Angola,AGO,2006,6.419,,20015238.0,Africa
1646,Angola,AGO,2007,6.372,,20778519.0,Africa
1647,Angola,AGO,2008,6.32,,21578610.0,Africa
1648,Angola,AGO,2009,6.26,,22414715.0,Africa
1649,Angola,AGO,2010,6.194,,23294781.0,Africa
1650,Angola,AGO,2011,6.12,,24218306.0,Africa
1651,Angola,AGO,2012,6.039,,25177351.0,Africa
1652,Angola,AGO,2013,5.953,,26165566.0,Africa
1653,Angola,AGO,2014,5.864,,27160719.0,Africa
1654,Angola,AGO,2015,5.774,,28157754.0,Africa
1655,Angola,AGO,2016,5.686,,29183023.0,Africa
1656,Angola,AGO,2017,5.6,,30234791.0,Africa
1657,Angola,AGO,2018,5.519,,31297103.0,Africa
1658,Angola,AGO,2019,5.442,,32375581.0,Africa
1659,Angola,AGO,2020,5.371,,33451100.0,Africa
1850,Anguilla,AIA,1950,6.491,,4981.0,North America
1851,Anguilla,AIA,1951,6.643,,5182.0,North America
1852,Anguilla,AIA,1952,6.772,,5347.0,North America
1853,Anguilla,AIA,1953,6.886,,5477.0,North America
1854,Anguilla,AIA,1954,6.981,,5624.0,North America
1855,Anguilla,AIA,1955,7.05,,5726.0,North America
1856,Anguilla,AIA,1956,7.085,,5761.0,North America
1857,Anguilla,AIA,1957,7.088,,5796.0,North America
1858,Anguilla,AIA,1958,7.046,,5781.0,North America
1859,Anguilla,AIA,1959,6.985,,5761.0,North America
1860,Anguilla,AIA,1960,6.925,,5759.0,North America
1861,Anguilla,AIA,1961,6.872,,5800.0,North America
1862,Anguilla,AIA,1962,6.82,,5859.0,North America
1863,Anguilla,AIA,1963,6.744,,5903.0,North America
1864,Anguilla,AIA,1964,6.641,,5955.0,North America
1865,Anguilla,AIA,1965,6.509,,6012.0,North America
1866,Anguilla,AIA,1966,6.346,,6063.0,North America
1867,Anguilla,AIA,1967,6.152,,6112.0,North America
1868,Anguilla,AIA,1968,5.884,,6171.0,North America
1869,Anguilla,AIA,1969,5.58,,6220.0,North America
1870,Anguilla,AIA,1970,5.299,,6286.0,North America
1871,Anguilla,AIA,1971,5.052,,6340.0,North America
1872,Anguilla,AIA,1972,4.829,,6395.0,North America
1873,Anguilla,AIA,1973,4.601,,6430.0,North America
1874,Anguilla,AIA,1974,4.393,,6466.0,North America
1875,Anguilla,AIA,1975,4.197,,6480.0,North America
1876,Anguilla,AIA,1976,3.977,,6500.0,North America
1877,Anguilla,AIA,1977,3.749,,6523.0,North America
1878,Anguilla,AIA,1978,3.545,,6536.0,North America
1879,Anguilla,AIA,1979,3.371,,6558.0,North America
1880,Anguilla,AIA,1980,3.238,,6561.0,North America
1881,Anguilla,AIA,1981,3.147,,6592.0,North America
1882,Anguilla,AIA,1982,3.084,,6614.0,North America
1883,Anguilla,AIA,1983,3.017,,6634.0,North America
1884,Anguilla,AIA,1984,2.925,,6731.0,North America
1885,Anguilla,AIA,1985,2.733,,6939.0,North America
1886,Anguilla,AIA,1986,2.511,,7213.0,North America
1887,Anguilla,AIA,1987,2.308,,7473.0,North America
1888,Anguilla,AIA,1988,2.205,,7763.0,North America
1889,Anguilla,AIA,1989,2.403,,8071.0,North America
1890,Anguilla,AIA,1990,2.185,,8381.0,North America
1891,Anguilla,AIA,1991,2.137,,8684.0,North America
1892,Anguilla,AIA,1992,2.025,,8963.0,North America
1893,Anguilla,AIA,1993,1.996,,9219.0,North America
1894,Anguilla,AIA,1994,1.932,,9444.0,North America
1895,Anguilla,AIA,1995,1.943,,9687.0,North America
1896,Anguilla,AIA,1996,1.881,,9965.0,North America
1897,Anguilla,AIA,1997,1.873,,10239.0,North America
1898,Anguilla,AIA,1998,1.898,,10519.0,North America
1899,Anguilla,AIA,1999,1.906,,10817.0,North America
1900,Anguilla,AIA,2000,1.877,,11151.0,North America
1901,Anguilla,AIA,2001,2.0,,11457.0,North America
1902,Anguilla,AIA,2002,1.74,,11679.0,North America
1903,Anguilla,AIA,2003,1.637,,11857.0,North America
1904,Anguilla,AIA,2004,1.605,,12046.0,North America
1905,Anguilla,AIA,2005,1.528,,12244.0,North America
1906,Anguilla,AIA,2006,1.473,,12449.0,North America
1907,Anguilla,AIA,2007,1.51,,12652.0,North America
1908,Anguilla,AIA,2008,1.562,,12868.0,North America
1909,Anguilla,AIA,2009,1.607,,13093.0,North America
1910,Anguilla,AIA,2010,1.627,,13331.0,North America
1911,Anguilla,AIA,2011,1.632,,13550.0,North America
1912,Anguilla,AIA,2012,1.611,,13356.0,North America
1913,Anguilla,AIA,2013,1.553,,13225.0,North America
1914,Anguilla,AIA,2014,1.469,,13703.0,North America
1915,Anguilla,AIA,2015,1.39,,14195.0,North America
1916,Anguilla,AIA,2016,1.374,,14301.0,North America
1917,Anguilla,AIA,2017,1.374,,14404.0,North America
1918,Anguilla,AIA,2018,1.374,,14703.0,North America
1919,Anguilla,AIA,2019,1.377,,14798.0,North America
1920,Anguilla,AIA,2020,1.382,,14831.0,North America
1973,Antigua and Barbuda,ATG,1950,5.124,,45421.0,North America
1974,Antigua and Barbuda,ATG,1951,5.063,,46408.0,North America
1975,Antigua and Barbuda,ATG,1952,5.011,,47377.0,North America
1976,Antigua and Barbuda,ATG,1953,4.955,,48353.0,North America
1977,Antigua and Barbuda,ATG,1954,4.917,,49352.0,North America
1978,Antigua and Barbuda,ATG,1955,4.866,,50350.0,North America
1979,Antigua and Barbuda,ATG,1956,4.819,,51354.0,North America
1980,Antigua and Barbuda,ATG,1957,4.769,,52380.0,North America
1981,Antigua and Barbuda,ATG,1958,4.719,,53427.0,North America
1982,Antigua and Barbuda,ATG,1959,4.66,,54506.0,North America
1983,Antigua and Barbuda,ATG,1960,4.602,,55582.0,North America
1984,Antigua and Barbuda,ATG,1961,4.559,,56518.0,North America
1985,Antigua and Barbuda,ATG,1962,4.547,,57304.0,North America
1986,Antigua and Barbuda,ATG,1963,4.536,,58113.0,North America
1987,Antigua and Barbuda,ATG,1964,4.484,,58987.0,North America
1988,Antigua and Barbuda,ATG,1965,4.416,,59945.0,North America
1989,Antigua and Barbuda,ATG,1966,4.322,,60864.0,North America
1990,Antigua and Barbuda,ATG,1967,4.178,,61810.0,North America
1991,Antigua and Barbuda,ATG,1968,4.014,,62782.0,North America
1992,Antigua and Barbuda,ATG,1969,3.829,,63786.0,North America
1993,Antigua and Barbuda,ATG,1970,3.628,,64508.0,North America
1994,Antigua and Barbuda,ATG,1971,3.455,,64698.0,North America
1995,Antigua and Barbuda,ATG,1972,3.287,,64585.0,North America
1996,Antigua and Barbuda,ATG,1973,3.126,,64318.0,North America
1997,Antigua and Barbuda,ATG,1974,2.932,,64031.0,North America
1998,Antigua and Barbuda,ATG,1975,2.77,,63817.0,North America
1999,Antigua and Barbuda,ATG,1976,2.78,,63734.0,North America
2000,Antigua and Barbuda,ATG,1977,2.784,,63835.0,North America
2001,Antigua and Barbuda,ATG,1978,2.573,,64007.0,North America
2002,Antigua and Barbuda,ATG,1979,2.632,,64257.0,North America
2003,Antigua and Barbuda,ATG,1980,2.311,,64478.0,North America
2004,Antigua and Barbuda,ATG,1981,2.166,,64629.0,North America
2005,Antigua and Barbuda,ATG,1982,2.087,,64753.0,North America
2006,Antigua and Barbuda,ATG,1983,2.116,,64903.0,North America
2007,Antigua and Barbuda,ATG,1984,2.038,,64851.0,North America
2008,Antigua and Barbuda,ATG,1985,2.151,,64559.0,North America
2009,Antigua and Barbuda,ATG,1986,2.032,,64247.0,North America
2010,Antigua and Barbuda,ATG,1987,2.067,,63919.0,North America
2011,Antigua and Barbuda,ATG,1988,2.132,,63588.0,North America
2012,Antigua and Barbuda,ATG,1989,2.199,,63290.0,North America
2013,Antigua and Barbuda,ATG,1990,2.249,,63032.0,North America
2014,Antigua and Barbuda,ATG,1991,2.036,,63355.0,North America
2015,Antigua and Barbuda,ATG,1992,2.126,,64373.0,North America
2016,Antigua and Barbuda,ATG,1993,2.036,,65545.0,North America
2017,Antigua and Barbuda,ATG,1994,2.069,,66810.0,North America
2018,Antigua and Barbuda,ATG,1995,2.159,,68168.0,North America
2019,Antigua and Barbuda,ATG,1996,2.266,,69588.0,North America
2020,Antigua and Barbuda,ATG,1997,2.19,,71031.0,North America
2021,Antigua and Barbuda,ATG,1998,2.017,,72381.0,North America
2022,Antigua and Barbuda,ATG,1999,1.956,,73634.0,North America
2023,Antigua and Barbuda,ATG,2000,2.196,,74881.0,North America
2024,Antigua and Barbuda,ATG,2001,2.018,,76033.0,North America
2025,Antigua and Barbuda,ATG,2002,1.94,,77002.0,North America
2026,Antigua and Barbuda,ATG,2003,1.887,,77845.0,North America
2027,Antigua and Barbuda,ATG,2004,1.852,,78677.0,North America
2028,Antigua and Barbuda,ATG,2005,1.832,,79579.0,North America
2029,Antigua and Barbuda,ATG,2006,1.831,,80566.0,North America
2030,Antigua and Barbuda,ATG,2007,1.86,,81679.0,North America
2031,Antigua and Barbuda,ATG,2008,2.042,,82880.0,North America
2032,Antigua and Barbuda,ATG,2009,2.006,,84138.0,North America
2033,Antigua and Barbuda,ATG,2010,1.785,,85286.0,North America
2034,Antigua and Barbuda,ATG,2011,1.746,,86296.0,North America
2035,Antigua and Barbuda,ATG,2012,1.655,,87228.0,North America
2036,Antigua and Barbuda,ATG,2013,1.537,,88018.0,North America
2037,Antigua and Barbuda,ATG,2014,1.526,,88730.0,North America
2038,Antigua and Barbuda,ATG,2015,1.567,,89367.0,North America
2039,Antigua and Barbuda,ATG,2016,1.458,,89929.0,North America
2040,Antigua and Barbuda,ATG,2017,1.485,,90435.0,North America
2041,Antigua and Barbuda,ATG,2018,1.371,,90889.0,North America
2042,Antigua and Barbuda,ATG,2019,1.468,,91328.0,North America
2043,Antigua and Barbuda,ATG,2020,1.569,,91818.0,North America
2234,Argentina,ARG,1950,3.164,4.78,17017981.0,South America
2235,Argentina,ARG,1951,3.161,,17356414.0,South America
2236,Argentina,ARG,1952,3.157,,17698837.0,South America
2237,Argentina,ARG,1953,3.152,,18041250.0,South America
2238,Argentina,ARG,1954,3.141,,18381159.0,South America
2239,Argentina,ARG,1955,3.139,5.08,18715994.0,South America
2240,Argentina,ARG,1956,3.147,,19049926.0,South America
2241,Argentina,ARG,1957,3.137,,19382992.0,South America
2242,Argentina,ARG,1958,3.1,,19714205.0,South America
2243,Argentina,ARG,1959,3.141,,20049554.0,South America
2244,Argentina,ARG,1960,3.136,5.53,20386005.0,South America
2245,Argentina,ARG,1961,3.12,,20726232.0,South America
2246,Argentina,ARG,1962,3.126,,21072499.0,South America
2247,Argentina,ARG,1963,3.109,,21421656.0,South America
2248,Argentina,ARG,1964,3.075,,21769410.0,South America
2249,Argentina,ARG,1965,3.005,5.89,22112587.0,South America
2250,Argentina,ARG,1966,2.966,,22453850.0,South America
2251,Argentina,ARG,1967,2.982,,22799016.0,South America
2252,Argentina,ARG,1968,3.011,,23150538.0,South America
2253,Argentina,ARG,1969,3.049,,23508675.0,South America
2254,Argentina,ARG,1970,3.085,6.38,23878281.0,South America
2255,Argentina,ARG,1971,3.108,,24257167.0,South America
2256,Argentina,ARG,1972,3.135,,24644276.0,South America
2257,Argentina,ARG,1973,3.17,,25045955.0,South America
2258,Argentina,ARG,1974,3.216,,25461303.0,South America
2259,Argentina,ARG,1975,3.271,6.96,25874061.0,South America
2260,Argentina,ARG,1976,3.317,,26282236.0,South America
2261,Argentina,ARG,1977,3.359,,26701762.0,South America
2262,Argentina,ARG,1978,3.359,,27132110.0,South America
2263,Argentina,ARG,1979,3.339,,27568846.0,South America
2264,Argentina,ARG,1980,3.301,7.35,28011548.0,South America
2265,Argentina,ARG,1981,3.253,,28463917.0,South America
2266,Argentina,ARG,1982,3.204,,28924212.0,South America
2267,Argentina,ARG,1983,3.148,,29391291.0,South America
2268,Argentina,ARG,1984,3.116,,29863040.0,South America
2269,Argentina,ARG,1985,3.066,8.09,30336405.0,South America
2270,Argentina,ARG,1986,3.054,,30811934.0,South America
2271,Argentina,ARG,1987,3.037,,31291711.0,South America
2272,Argentina,ARG,1988,3.046,,31780481.0,South America
2273,Argentina,ARG,1989,3.022,,32270914.0,South America
2274,Argentina,ARG,1990,3.034,8.8,32755859.0,South America
2275,Argentina,ARG,1991,3.012,,33230247.0,South America
2276,Argentina,ARG,1992,2.987,,33693487.0,South America
2277,Argentina,ARG,1993,2.966,,34152666.0,South America
2278,Argentina,ARG,1994,2.935,,34613440.0,South America
2279,Argentina,ARG,1995,2.864,9.08,35069968.0,South America
2280,Argentina,ARG,1996,2.781,,35513745.0,South America
2281,Argentina,ARG,1997,2.706,,35947739.0,South America
2282,Argentina,ARG,1998,2.662,,36372814.0,South America
2283,Argentina,ARG,1999,2.643,,36794636.0,South America
2284,Argentina,ARG,2000,2.591,9.3,37213933.0,South America
2285,Argentina,ARG,2001,2.531,,37624762.0,South America
2286,Argentina,ARG,2002,2.493,,38029300.0,South America
2287,Argentina,ARG,2003,2.451,,38424224.0,South America
2288,Argentina,ARG,2004,2.43,,38815865.0,South America
2289,Argentina,ARG,2005,2.426,9.69,39216734.0,South America
2290,Argentina,ARG,2006,2.4,,39622060.0,South America
2291,Argentina,ARG,2007,2.37,,40016709.0,South America
2292,Argentina,ARG,2008,2.432,,40424101.0,South America
2293,Argentina,ARG,2009,2.4,,40854783.0,South America
2294,Argentina,ARG,2010,2.411,9.88,41288642.0,South America
2295,Argentina,ARG,2011,2.393,,41730610.0,South America
2296,Argentina,ARG,2012,2.304,,42161676.0,South America
2297,Argentina,ARG,2013,2.335,,42582408.0,South America
2298,Argentina,ARG,2014,2.386,,43024021.0,South America
2299,Argentina,ARG,2015,2.35,9.78,43476961.0,South America
2300,Argentina,ARG,2016,2.241,,43900264.0,South America
2301,Argentina,ARG,2017,2.168,,44288844.0,South America
2302,Argentina,ARG,2018,2.067,,44654822.0,South America
2303,Argentina,ARG,2019,1.882,,44973412.0,South America
2304,Argentina,ARG,2020,1.601,10.04,45191917.0,South America
2499,Armenia,ARM,1950,4.904,,1382852.0,Asia
2500,Armenia,ARM,1951,4.852,,1417233.0,Asia
2501,Armenia,ARM,1952,4.808,,1454062.0,Asia
2502,Armenia,ARM,1953,4.792,,1493522.0,Asia
2503,Armenia,ARM,1954,4.796,,1535933.0,Asia
2504,Armenia,ARM,1955,4.798,,1581455.0,Asia
2505,Armenia,ARM,1956,4.89,,1630767.0,Asia
2506,Armenia,ARM,1957,4.918,,1684098.0,Asia
2507,Armenia,ARM,1958,4.91,,1740847.0,Asia
2508,Armenia,ARM,1959,4.867,,1800970.0,Asia
2509,Armenia,ARM,1960,4.786,,1863664.0,Asia
2510,Armenia,ARM,1961,4.67,,1927443.0,Asia
2511,Armenia,ARM,1962,4.521,,1991632.0,Asia
2512,Armenia,ARM,1963,4.345,,2055975.0,Asia
2513,Armenia,ARM,1964,4.15,,2120089.0,Asia
2514,Armenia,ARM,1965,3.988,,2183588.0,Asia
2515,Armenia,ARM,1966,3.829,,2246113.0,Asia
2516,Armenia,ARM,1967,3.731,,2307445.0,Asia
2517,Armenia,ARM,1968,3.622,,2367275.0,Asia
2518,Armenia,ARM,1969,3.488,,2423977.0,Asia
2519,Armenia,ARM,1970,3.328,,2475580.0,Asia
2520,Armenia,ARM,1971,3.286,,2525300.0,Asia
2521,Armenia,ARM,1972,3.198,,2577039.0,Asia
2522,Armenia,ARM,1973,3.081,,2630807.0,Asia
2523,Armenia,ARM,1974,2.984,,2686400.0,Asia
2524,Armenia,ARM,1975,2.921,,2743615.0,Asia
2525,Armenia,ARM,1976,2.844,,2818122.0,Asia
2526,Armenia,ARM,1977,2.739,,2912777.0,Asia
2527,Armenia,ARM,1978,2.617,,3012759.0,Asia
2528,Armenia,ARM,1979,2.53,,3078458.0,Asia
2529,Armenia,ARM,1980,2.48,,3107375.0,Asia
2530,Armenia,ARM,1981,2.48,,3135300.0,Asia
2531,Armenia,ARM,1982,2.503,,3163092.0,Asia
2532,Armenia,ARM,1983,2.558,,3191496.0,Asia
2533,Armenia,ARM,1984,2.603,,3224502.0,Asia
2534,Armenia,ARM,1985,2.644,,3260391.0,Asia
2535,Armenia,ARM,1986,2.662,,3294810.0,Asia
2536,Armenia,ARM,1987,2.664,,3328478.0,Asia
2537,Armenia,ARM,1988,2.675,,3355070.0,Asia
2538,Armenia,ARM,1989,2.705,,3443051.0,Asia
2539,Armenia,ARM,1990,2.708,,3552069.0,Asia
2540,Armenia,ARM,1991,2.643,,3613925.0,Asia
2541,Armenia,ARM,1992,2.499,,3571827.0,Asia
2542,Armenia,ARM,1993,2.286,,3453292.0,Asia
2543,Armenia,ARM,1994,2.084,,3364574.0,Asia
2544,Armenia,ARM,1995,2.067,,3307535.0,Asia
2545,Armenia,ARM,1996,2.06,,3278685.0,Asia
2546,Armenia,ARM,1997,1.9,,3246244.0,Asia
2547,Armenia,ARM,1998,1.81,,3208341.0,Asia
2548,Armenia,ARM,1999,1.534,,3167231.0,Asia
2549,Armenia,ARM,2000,1.47,,3125566.0,Asia
2550,Armenia,ARM,2001,1.402,,3084300.0,Asia
2551,Armenia,ARM,2002,1.405,,3055592.0,Asia
2552,Armenia,ARM,2003,1.473,,3038932.0,Asia
2553,Armenia,ARM,2004,1.491,,3022490.0,Asia
2554,Armenia,ARM,2005,1.492,,3006305.0,Asia
2555,Armenia,ARM,2006,1.494,,2990317.0,Asia
2556,Armenia,ARM,2007,1.519,,2974777.0,Asia
2557,Armenia,ARM,2008,1.541,,2959943.0,Asia
2558,Armenia,ARM,2009,1.574,,2945458.0,Asia
2559,Armenia,ARM,2010,1.588,,2931041.0,Asia
2560,Armenia,ARM,2011,1.615,,2923214.0,Asia
2561,Armenia,ARM,2012,1.647,,2922474.0,Asia
2562,Armenia,ARM,2013,1.669,,2922487.0,Asia
2563,Armenia,ARM,2014,1.663,,2922390.0,Asia
2564,Armenia,ARM,2015,1.621,10.57,2921124.0,Asia
2565,Armenia,ARM,2016,1.625,,2918753.0,Asia
2566,Armenia,ARM,2017,1.561,,2914918.0,Asia
2567,Armenia,ARM,2018,1.567,,2909917.0,Asia
2568,Armenia,ARM,2019,1.601,,2903922.0,Asia
2569,Armenia,ARM,2020,1.619,10.71,2890849.0,Asia
2764,Aruba,ABW,1950,5.827,,42718.0,North America
2765,Aruba,ABW,1951,5.761,,43840.0,North America
2766,Aruba,ABW,1952,5.678,,45011.0,North America
2767,Aruba,ABW,1953,5.559,,46220.0,North America
2768,Aruba,ABW,1954,5.421,,47469.0,North America
2769,Aruba,ABW,1955,5.274,,48751.0,North America
2770,Aruba,ABW,1956,5.108,,50050.0,North America
2771,Aruba,ABW,1957,4.926,,51336.0,North America
2772,Aruba,ABW,1958,4.759,,52648.0,North America
2773,Aruba,ABW,1959,4.649,,53964.0,North America
2774,Aruba,ABW,1960,4.567,,54891.0,North America
2775,Aruba,ABW,1961,4.422,,55554.0,North America
2776,Aruba,ABW,1962,4.262,,56289.0,North America
2777,Aruba,ABW,1963,4.107,,56977.0,North America
2778,Aruba,ABW,1964,3.94,,57596.0,North America
2779,Aruba,ABW,1965,3.797,,58163.0,North America
2780,Aruba,ABW,1966,3.621,,58660.0,North America
2781,Aruba,ABW,1967,3.452,,58963.0,North America
2782,Aruba,ABW,1968,3.277,,59048.0,North America
2783,Aruba,ABW,1969,3.111,,59020.0,North America
2784,Aruba,ABW,1970,2.973,,58916.0,North America
2785,Aruba,ABW,1971,2.862,,58750.0,North America
2786,Aruba,ABW,1972,2.755,,58870.0,North America
2787,Aruba,ABW,1973,2.655,,59413.0,North America
2788,Aruba,ABW,1974,2.573,,60101.0,North America
2789,Aruba,ABW,1975,2.499,,60788.0,North America
2790,Aruba,ABW,1976,2.432,,61244.0,North America
2791,Aruba,ABW,1977,2.372,,61482.0,North America
2792,Aruba,ABW,1978,2.312,,61683.0,North America
2793,Aruba,ABW,1979,2.257,,61873.0,North America
2794,Aruba,ABW,1980,2.203,,61998.0,North America
2795,Aruba,ABW,1981,2.161,,62229.0,North America
2796,Aruba,ABW,1982,2.142,,62632.0,North America
2797,Aruba,ABW,1983,2.148,,63071.0,North America
2798,Aruba,ABW,1984,2.17,,63444.0,North America
2799,Aruba,ABW,1985,2.188,,63623.0,North America
2800,Aruba,ABW,1986,2.212,,63597.0,North America
2801,Aruba,ABW,1987,2.243,,63368.0,North America
2802,Aruba,ABW,1988,2.273,,63176.0,North America
2803,Aruba,ABW,1989,2.306,,63366.0,North America
2804,Aruba,ABW,1990,2.345,,64410.0,North America
2805,Aruba,ABW,1991,2.362,,66522.0,North America
2806,Aruba,ABW,1992,2.353,,68842.0,North America
2807,Aruba,ABW,1993,2.331,,71045.0,North America
2808,Aruba,ABW,1994,2.298,,73428.0,North America
2809,Aruba,ABW,1995,2.288,,75880.0,North America
2810,Aruba,ABW,1996,2.233,,78445.0,North America
2811,Aruba,ABW,1997,2.138,,81073.0,North America
2812,Aruba,ABW,1998,2.001,,83733.0,North America
2813,Aruba,ABW,1999,1.897,,86439.0,North America
2814,Aruba,ABW,2000,1.845,,88729.0,North America
2815,Aruba,ABW,2001,1.813,,90276.0,North America
2816,Aruba,ABW,2002,1.8,,91348.0,North America
2817,Aruba,ABW,2003,1.808,,92281.0,North America
2818,Aruba,ABW,2004,1.819,,93173.0,North America
2819,Aruba,ABW,2005,1.844,,94198.0,North America
2820,Aruba,ABW,2006,1.862,,95355.0,North America
2821,Aruba,ABW,2007,1.881,,96553.0,North America
2822,Aruba,ABW,2008,1.889,,97772.0,North America
2823,Aruba,ABW,2009,1.875,,98990.0,North America
2824,Aruba,ABW,2010,1.855,,100082.0,North America
2825,Aruba,ABW,2011,1.858,,100950.0,North America
2826,Aruba,ABW,2012,1.907,,101717.0,North America
2827,Aruba,ABW,2013,1.944,,102523.0,North America
2828,Aruba,ABW,2014,1.944,,103341.0,North America
2829,Aruba,ABW,2015,1.899,,104153.0,North America
2830,Aruba,ABW,2016,1.848,,104947.0,North America
2831,Aruba,ABW,2017,1.785,,105690.0,North America
2832,Aruba,ABW,2018,1.732,,106404.0,North America
2833,Aruba,ABW,2019,1.701,,107048.0,North America
2834,Aruba,ABW,2020,1.662,,107360.0,North America
3211,Australia,AUS,1950,3.063,7.99,8176704.0,Oceania
3212,Australia,AUS,1951,3.063,,8418566.0,Oceania
3213,Australia,AUS,1952,3.18,,8630647.0,Oceania
3214,Australia,AUS,1953,3.192,,8816034.0,Oceania
3215,Australia,AUS,1954,3.192,,8999335.0,Oceania
3216,Australia,AUS,1955,3.273,8.24,9205143.0,Oceania
3217,Australia,AUS,1956,3.331,,9424616.0,Oceania
3218,Australia,AUS,1957,3.421,,9638721.0,Oceania
3219,Australia,AUS,1958,3.423,,9847590.0,Oceania
3220,Australia,AUS,1959,3.441,,10059986.0,Oceania
3221,Australia,AUS,1960,3.453,8.54,10280765.0,Oceania
3222,Australia,AUS,1961,3.542,,10500383.0,Oceania
3223,Australia,AUS,1962,3.425,,10707194.0,Oceania
3224,Australia,AUS,1963,3.334,,10913219.0,Oceania
3225,Australia,AUS,1964,3.146,,11128215.0,Oceania
3226,Australia,AUS,1965,2.979,8.97,11357428.0,Oceania
3227,Australia,AUS,1966,2.883,,11592444.0,Oceania
3228,Australia,AUS,1967,2.851,,11810475.0,Oceania
3229,Australia,AUS,1968,2.889,,12029960.0,Oceania
3230,Australia,AUS,1969,2.889,,12272333.0,Oceania
3231,Australia,AUS,1970,2.86,9.65,12599361.0,Oceania
3232,Australia,AUS,1971,2.948,,12997910.0,Oceania
3233,Australia,AUS,1972,2.742,,13304850.0,Oceania
3234,Australia,AUS,1973,2.493,,13518640.0,Oceania
3235,Australia,AUS,1974,2.376,,13719451.0,Oceania
3236,Australia,AUS,1975,2.207,10.51,13893941.0,Oceania
3237,Australia,AUS,1976,2.063,,14046705.0,Oceania
3238,Australia,AUS,1977,2.019,,14203470.0,Oceania
3239,Australia,AUS,1978,1.961,,14367053.0,Oceania
3240,Australia,AUS,1979,1.913,,14532994.0,Oceania
3241,Australia,AUS,1980,1.901,11.27,14721295.0,Oceania
3242,Australia,AUS,1981,1.94,,14949155.0,Oceania
3243,Australia,AUS,1982,1.94,,15192443.0,Oceania
3244,Australia,AUS,1983,1.931,,15414842.0,Oceania
3245,Australia,AUS,1984,1.872,,15620598.0,Oceania
3246,Australia,AUS,1985,1.899,11.32,15835693.0,Oceania
3247,Australia,AUS,1986,1.872,,16069581.0,Oceania
3248,Australia,AUS,1987,1.851,,16322225.0,Oceania
3249,Australia,AUS,1988,1.84,,16594053.0,Oceania
3250,Australia,AUS,1989,1.843,,16869306.0,Oceania
3251,Australia,AUS,1990,1.908,11.36,17126249.0,Oceania
3252,Australia,AUS,1991,1.863,,17353139.0,Oceania
3253,Australia,AUS,1992,1.892,,17549234.0,Oceania
3254,Australia,AUS,1993,1.864,,17722869.0,Oceania
3255,Australia,AUS,1994,1.852,,17897388.0,Oceania
3256,Australia,AUS,1995,1.825,11.48,18095295.0,Oceania
3257,Australia,AUS,1996,1.804,,18305265.0,Oceania
3258,Australia,AUS,1997,1.783,,18504864.0,Oceania
3259,Australia,AUS,1998,1.765,,18701660.0,Oceania
3260,Australia,AUS,1999,1.764,,18909934.0,Oceania
3261,Australia,AUS,2000,1.764,11.39,19132426.0,Oceania
3262,Australia,AUS,2001,1.738,,19365383.0,Oceania
3263,Australia,AUS,2002,1.765,,19595306.0,Oceania
3264,Australia,AUS,2003,1.764,,19819398.0,Oceania
3265,Australia,AUS,2004,1.784,,20046631.0,Oceania
3266,Australia,AUS,2005,1.849,11.78,20294430.0,Oceania
3267,Australia,AUS,2006,1.882,,20590515.0,Oceania
3268,Australia,AUS,2007,1.991,,20954497.0,Oceania
3269,Australia,AUS,2008,2.02,,21370545.0,Oceania
3270,Australia,AUS,2009,1.972,,21782958.0,Oceania
3271,Australia,AUS,2010,1.948,11.77,22141527.0,Oceania
3272,Australia,AUS,2011,1.922,,22479723.0,Oceania
3273,Australia,AUS,2012,1.931,,22852597.0,Oceania
3274,Australia,AUS,2013,1.883,,23236224.0,Oceania
3275,Australia,AUS,2014,1.805,,23595552.0,Oceania
3276,Australia,AUS,2015,1.803,13.01,23947955.0,Oceania
3277,Australia,AUS,2016,1.792,,24329914.0,Oceania
3278,Australia,AUS,2017,1.745,,24730998.0,Oceania
3279,Australia,AUS,2018,1.743,,25119651.0,Oceania
3280,Australia,AUS,2019,1.666,,25482660.0,Oceania
3281,Australia,AUS,2020,1.593,13.03,25743732.0,Oceania
3476,Austria,AUT,1950,2.089,5.68,6936410.0,Europe
3477,Austria,AUT,1951,2.035,,6930436.0,Europe
3478,Austria,AUT,1952,2.068,,6927208.0,Europe
3479,Austria,AUT,1953,2.09,,6932036.0,Europe
3480,Austria,AUT,1954,2.139,,6939834.0,Europe
3481,Austria,AUT,1955,2.268,5.45,6946610.0,Europe
3482,Austria,AUT,1956,2.456,,6952225.0,Europe
3483,Austria,AUT,1957,2.549,,6965796.0,Europe
3484,Austria,AUT,1958,2.592,,6987292.0,Europe
3485,Austria,AUT,1959,2.678,,7014220.0,Europe
3486,Austria,AUT,1960,2.689,5.43,7047228.0,Europe
3487,Austria,AUT,1961,2.787,,7086019.0,Europe
3488,Austria,AUT,1962,2.801,,7129527.0,Europe
3489,Austria,AUT,1963,2.817,,7175455.0,Europe
3490,Austria,AUT,1964,2.779,,7223347.0,Europe
3491,Austria,AUT,1965,2.697,5.93,7270356.0,Europe
3492,Austria,AUT,1966,2.672,,7321473.0,Europe
3493,Austria,AUT,1967,2.629,,7376251.0,Europe
3494,Austria,AUT,1968,2.585,,7414577.0,Europe
3495,Austria,AUT,1969,2.484,,7440256.0,Europe
3496,Austria,AUT,1970,2.294,6.39,7466271.0,Europe
3497,Austria,AUT,1971,2.194,,7499589.0,Europe
3498,Austria,AUT,1972,2.077,,7543211.0,Europe
3499,Austria,AUT,1973,1.931,,7585058.0,Europe
3500,Austria,AUT,1974,1.902,,7597917.0,Europe
3501,Austria,AUT,1975,1.823,6.58,7577786.0,Europe
3502,Austria,AUT,1976,1.681,,7564406.0,Europe
3503,Austria,AUT,1977,1.623,,7567278.0,Europe
3504,Austria,AUT,1978,1.597,,7561154.0,Europe
3505,Austria,AUT,1979,1.597,,7548292.0,Europe
3506,Austria,AUT,1980,1.651,6.77,7548355.0,Europe
3507,Austria,AUT,1981,1.672,,7567494.0,Europe
3508,Austria,AUT,1982,1.661,,7573032.0,Europe
3509,Austria,AUT,1983,1.563,,7561119.0,Europe
3510,Austria,AUT,1984,1.526,,7560669.0,Europe
3511,Austria,AUT,1985,1.479,7.07,7564263.0,Europe
3512,Austria,AUT,1986,1.455,,7569357.0,Europe
3513,Austria,AUT,1987,1.44,,7574271.0,Europe
3514,Austria,AUT,1988,1.457,,7585290.0,Europe
3515,Austria,AUT,1989,1.455,,7620361.0,Europe
3516,Austria,AUT,1990,1.467,7.57,7679582.0,Europe
3517,Austria,AUT,1991,1.516,,7757088.0,Europe
3518,Austria,AUT,1992,1.516,,7842667.0,Europe
3519,Austria,AUT,1993,1.512,,7907434.0,Europe
3520,Austria,AUT,1994,1.474,,7938100.0,Europe
3521,Austria,AUT,1995,1.431,8.29,7950275.0,Europe
3522,Austria,AUT,1996,1.448,,7960868.0,Europe
3523,Austria,AUT,1997,1.395,,7969749.0,Europe
3524,Austria,AUT,1998,1.371,,7978413.0,Europe
3525,Austria,AUT,1999,1.344,,7993849.0,Europe
3526,Austria,AUT,2000,1.364,8.85,8012872.0,Europe
3527,Austria,AUT,2001,1.331,,8042189.0,Europe
3528,Austria,AUT,2002,1.389,,8081595.0,Europe
3529,Austria,AUT,2003,1.373,,8122551.0,Europe
3530,Austria,AUT,2004,1.415,,8173453.0,Europe
3531,Austria,AUT,2005,1.406,9.36,8229148.0,Europe
3532,Austria,AUT,2006,1.404,,8269852.0,Europe
3533,Austria,AUT,2007,1.381,,8296906.0,Europe
3534,Austria,AUT,2008,1.411,,8323196.0,Europe
3535,Austria,AUT,2009,1.393,,8345019.0,Europe
3536,Austria,AUT,2010,1.44,9.7,8365050.0,Europe
3537,Austria,AUT,2011,1.43,,8393226.0,Europe
3538,Austria,AUT,2012,1.44,,8431540.0,Europe
3539,Austria,AUT,2013,1.436,,8481365.0,Europe
3540,Austria,AUT,2014,1.464,,8547760.0,Europe
3541,Austria,AUT,2015,1.492,9.98,8643981.0,Europe
3542,Austria,AUT,2016,1.531,,8737874.0,Europe
3543,Austria,AUT,2017,1.521,,8798734.0,Europe
3544,Austria,AUT,2018,1.479,,8841608.0,Europe
3545,Austria,AUT,2019,1.464,,8880830.0,Europe
3546,Austria,AUT,2020,1.439,10.22,8921362.0,Europe
3742,Azerbaijan,AZE,1950,5.075,,3131945.0,Asia
3743,Azerbaijan,AZE,1951,5.101,,3187111.0,Asia
3744,Azerbaijan,AZE,1952,5.158,,3246954.0,Asia
3745,Azerbaijan,AZE,1953,5.226,,3312560.0,Asia
3746,Azerbaijan,AZE,1954,5.304,,3384663.0,Asia
3747,Azerbaijan,AZE,1955,5.393,,3464039.0,Asia
3748,Azerbaijan,AZE,1956,5.49,,3551338.0,Asia
3749,Azerbaijan,AZE,1957,5.593,,3646813.0,Asia
3750,Azerbaijan,AZE,1958,5.697,,3750647.0,Asia
3751,Azerbaijan,AZE,1959,5.795,,3862776.0,Asia
3752,Azerbaijan,AZE,1960,5.878,,3982659.0,Asia
3753,Azerbaijan,AZE,1961,5.937,,4108930.0,Asia
3754,Azerbaijan,AZE,1962,5.961,,4239368.0,Asia
3755,Azerbaijan,AZE,1963,5.945,,4371998.0,Asia
3756,Azerbaijan,AZE,1964,5.888,,4503606.0,Asia
3757,Azerbaijan,AZE,1965,5.792,,4630268.0,Asia
3758,Azerbaijan,AZE,1966,5.663,,4751852.0,Asia
3759,Azerbaijan,AZE,1967,5.371,,4867256.0,Asia
3760,Azerbaijan,AZE,1968,5.213,,4976436.0,Asia
3761,Azerbaijan,AZE,1969,5.053,,5081727.0,Asia
3762,Azerbaijan,AZE,1970,4.899,,5183768.0,Asia
3763,Azerbaijan,AZE,1971,4.757,,5283461.0,Asia
3764,Azerbaijan,AZE,1972,4.593,,5380866.0,Asia
3765,Azerbaijan,AZE,1973,4.434,,5476557.0,Asia
3766,Azerbaijan,AZE,1974,4.314,,5572182.0,Asia
3767,Azerbaijan,AZE,1975,4.215,,5669217.0,Asia
3768,Azerbaijan,AZE,1976,4.116,,5790988.0,Asia
3769,Azerbaijan,AZE,1977,3.982,,5937590.0,Asia
3770,Azerbaijan,AZE,1978,3.816,,6075024.0,Asia
3771,Azerbaijan,AZE,1979,3.702,,6187084.0,Asia
3772,Azerbaijan,AZE,1980,3.586,,6284662.0,Asia
3773,Azerbaijan,AZE,1981,3.483,,6385558.0,Asia
3774,Azerbaijan,AZE,1982,3.392,,6491390.0,Asia
3775,Azerbaijan,AZE,1983,3.32,,6602286.0,Asia
3776,Azerbaijan,AZE,1984,3.258,,6706245.0,Asia
3777,Azerbaijan,AZE,1985,3.201,,6799771.0,Asia
3778,Azerbaijan,AZE,1986,3.138,,6891297.0,Asia
3779,Azerbaijan,AZE,1987,3.068,,6977603.0,Asia
3780,Azerbaijan,AZE,1988,3.036,,7081352.0,Asia
3781,Azerbaijan,AZE,1989,3.004,,7167525.0,Asia
3782,Azerbaijan,AZE,1990,2.983,,7231035.0,Asia
3783,Azerbaijan,AZE,1991,2.952,,7314263.0,Asia
3784,Azerbaijan,AZE,1992,2.863,,7405734.0,Asia
3785,Azerbaijan,AZE,1993,2.747,,7504063.0,Asia
3786,Azerbaijan,AZE,1994,2.445,,7608844.0,Asia
3787,Azerbaijan,AZE,1995,2.193,,7719236.0,Asia
3788,Azerbaijan,AZE,1996,1.977,,7830936.0,Asia
3789,Azerbaijan,AZE,1997,2.018,,7936177.0,Asia
3790,Azerbaijan,AZE,1998,1.848,,8025764.0,Asia
3791,Azerbaijan,AZE,1999,1.716,,8100413.0,Asia
3792,Azerbaijan,AZE,2000,1.698,,8174736.0,Asia
3793,Azerbaijan,AZE,2001,1.589,,8251722.0,Asia
3794,Azerbaijan,AZE,2002,1.577,,8326090.0,Asia
3795,Azerbaijan,AZE,2003,1.591,,8400486.0,Asia
3796,Azerbaijan,AZE,2004,1.965,,8489831.0,Asia
3797,Azerbaijan,AZE,2005,1.982,,8597205.0,Asia
3798,Azerbaijan,AZE,2006,2.019,,8711329.0,Asia
3799,Azerbaijan,AZE,2007,1.968,,8828270.0,Asia
3800,Azerbaijan,AZE,2008,1.904,,8942598.0,Asia
3801,Azerbaijan,AZE,2009,1.821,,9046297.0,Asia
3802,Azerbaijan,AZE,2010,1.924,,9146807.0,Asia
3803,Azerbaijan,AZE,2011,1.98,,9256100.0,Asia
3804,Azerbaijan,AZE,2012,2.142,,9376131.0,Asia
3805,Azerbaijan,AZE,2013,2.148,,9504374.0,Asia
3806,Azerbaijan,AZE,2014,2.131,,9631088.0,Asia
3807,Azerbaijan,AZE,2015,2.092,,9752813.0,Asia
3808,Azerbaijan,AZE,2016,2.032,,9868395.0,Asia
3809,Azerbaijan,AZE,2017,1.961,,9968463.0,Asia
3810,Azerbaijan,AZE,2018,1.905,,10039730.0,Asia
3811,Azerbaijan,AZE,2019,1.845,,10110446.0,Asia
3812,Azerbaijan,AZE,2020,1.764,,10181688.0,Asia
4003,Bahamas,BHS,1950,4.517,,83468.0,North America
4004,Bahamas,BHS,1951,4.534,,84565.0,North America
4005,Bahamas,BHS,1952,4.61,,86134.0,North America
4006,Bahamas,BHS,1953,4.686,,88213.0,North America
4007,Bahamas,BHS,1954,4.759,,90797.0,North America
4008,Bahamas,BHS,1955,4.825,,93883.0,North America
4009,Bahamas,BHS,1956,4.878,,97469.0,North America
4010,Bahamas,BHS,1957,4.924,,101499.0,North America
4011,Bahamas,BHS,1958,4.96,,105961.0,North America
4012,Bahamas,BHS,1959,5.034,,110881.0,North America
4013,Bahamas,BHS,1960,5.093,,116284.0,North America
4014,Bahamas,BHS,1961,5.156,,122167.0,North America
4015,Bahamas,BHS,1962,5.125,,128455.0,North America
4016,Bahamas,BHS,1963,5.062,,135057.0,North America
4017,Bahamas,BHS,1964,4.969,,141486.0,North America
4018,Bahamas,BHS,1965,4.884,,147923.0,North America
4019,Bahamas,BHS,1966,4.788,,154840.0,North America
4020,Bahamas,BHS,1967,4.689,,162239.0,North America
4021,Bahamas,BHS,1968,4.556,,170066.0,North America
4022,Bahamas,BHS,1969,4.38,,177946.0,North America
4023,Bahamas,BHS,1970,4.212,,184949.0,North America
4024,Bahamas,BHS,1971,4.058,,190818.0,North America
4025,Bahamas,BHS,1972,3.886,,196011.0,North America
4026,Bahamas,BHS,1973,3.726,,200743.0,North America
4027,Bahamas,BHS,1974,3.572,,205315.0,North America
4028,Bahamas,BHS,1975,3.424,,209849.0,North America
4029,Bahamas,BHS,1976,3.297,,214464.0,North America
4030,Bahamas,BHS,1977,3.167,,219124.0,North America
4031,Bahamas,BHS,1978,3.052,,223733.0,North America
4032,Bahamas,BHS,1979,2.937,,228190.0,North America
4033,Bahamas,BHS,1980,2.842,,232498.0,North America
4034,Bahamas,BHS,1981,2.771,,236569.0,North America
4035,Bahamas,BHS,1982,2.708,,240581.0,North America
4036,Bahamas,BHS,1983,2.652,,244670.0,North America
4037,Bahamas,BHS,1984,2.591,,248823.0,North America
4038,Bahamas,BHS,1985,2.546,,253116.0,North America
4039,Bahamas,BHS,1986,2.529,,257491.0,North America
4040,Bahamas,BHS,1987,2.52,,261901.0,North America
4041,Bahamas,BHS,1988,2.519,,266404.0,North America
4042,Bahamas,BHS,1989,2.523,,271140.0,North America
4043,Bahamas,BHS,1990,2.52,,275910.0,North America
4044,Bahamas,BHS,1991,2.51,,280701.0,North America
4045,Bahamas,BHS,1992,2.71,,285877.0,North America
4046,Bahamas,BHS,1993,2.61,,291306.0,North America
4047,Bahamas,BHS,1994,2.472,,296467.0,North America
4048,Bahamas,BHS,1995,2.419,,301424.0,North America
4049,Bahamas,BHS,1996,2.353,,306237.0,North America
4050,Bahamas,BHS,1997,2.293,,310862.0,North America
4051,Bahamas,BHS,1998,2.232,,315328.0,North America
4052,Bahamas,BHS,1999,2.134,,319574.0,North America
4053,Bahamas,BHS,2000,2.06,,323804.0,North America
4054,Bahamas,BHS,2001,2.02,,327798.0,North America
4055,Bahamas,BHS,2002,1.984,,331575.0,North America
4056,Bahamas,BHS,2003,1.971,,335573.0,North America
4057,Bahamas,BHS,2004,1.98,,339743.0,North America
4058,Bahamas,BHS,2005,2.008,,343857.0,North America
4059,Bahamas,BHS,2006,2.019,,348333.0,North America
4060,Bahamas,BHS,2007,2.035,,353289.0,North America
4061,Bahamas,BHS,2008,1.999,,358083.0,North America
4062,Bahamas,BHS,2009,2.011,,362746.0,North America
4063,Bahamas,BHS,2010,1.837,,367432.0,North America
4064,Bahamas,BHS,2011,1.791,,371683.0,North America
4065,Bahamas,BHS,2012,1.761,,375423.0,North America
4066,Bahamas,BHS,2013,1.738,,378905.0,North America
4067,Bahamas,BHS,2014,1.687,,382262.0,North America
4068,Bahamas,BHS,2015,1.574,,385302.0,North America
4069,Bahamas,BHS,2016,1.495,,388002.0,North America
4070,Bahamas,BHS,2017,1.424,,390454.0,North America
4071,Bahamas,BHS,2018,1.404,,392668.0,North America
4072,Bahamas,BHS,2019,1.397,,394631.0,North America
4073,Bahamas,BHS,2020,1.386,,395827.0,North America
4263,Bahrain,BHR,1950,7.29,,117226.0,Asia
4264,Bahrain,BHR,1951,7.287,,120718.0,Asia
4265,Bahrain,BHR,1952,7.294,,124420.0,Asia
4266,Bahrain,BHR,1953,7.293,,128353.0,Asia
4267,Bahrain,BHR,1954,7.286,,132532.0,Asia
4268,Bahrain,BHR,1955,7.275,,137035.0,Asia
4269,Bahrain,BHR,1956,7.266,,141884.0,Asia
4270,Bahrain,BHR,1957,7.263,,147124.0,Asia
4271,Bahrain,BHR,1958,7.295,,152780.0,Asia
4272,Bahrain,BHR,1959,7.287,,158891.0,Asia
4273,Bahrain,BHR,1960,7.262,,165452.0,Asia
4274,Bahrain,BHR,1961,7.231,,172311.0,Asia
4275,Bahrain,BHR,1962,7.185,,179311.0,Asia
4276,Bahrain,BHR,1963,7.137,,186460.0,Asia
4277,Bahrain,BHR,1964,7.091,,193779.0,Asia
4278,Bahrain,BHR,1965,7.027,,200837.0,Asia
4279,Bahrain,BHR,1966,6.944,,207503.0,Asia
4280,Bahrain,BHR,1967,6.843,,214141.0,Asia
4281,Bahrain,BHR,1968,6.708,,219299.0,Asia
4282,Bahrain,BHR,1969,6.57,,222430.0,Asia
4283,Bahrain,BHR,1970,6.428,,224763.0,Asia
4284,Bahrain,BHR,1971,6.284,,230706.0,Asia
4285,Bahrain,BHR,1972,6.139,,242075.0,Asia
4286,Bahrain,BHR,1973,5.965,,255288.0,Asia
4287,Bahrain,BHR,1974,5.787,,269010.0,Asia
4288,Bahrain,BHR,1975,5.618,,283199.0,Asia
4289,Bahrain,BHR,1976,5.454,,297830.0,Asia
4290,Bahrain,BHR,1977,5.287,,312774.0,Asia
4291,Bahrain,BHR,1978,5.12,,327999.0,Asia
4292,Bahrain,BHR,1979,4.937,,343410.0,Asia
4293,Bahrain,BHR,1980,4.762,,358943.0,Asia
4294,Bahrain,BHR,1981,4.602,,373495.0,Asia
4295,Bahrain,BHR,1982,4.505,,386935.0,Asia
4296,Bahrain,BHR,1983,4.406,,400679.0,Asia
4297,Bahrain,BHR,1984,4.303,,415119.0,Asia
4298,Bahrain,BHR,1985,4.281,,430315.0,Asia
4299,Bahrain,BHR,1986,4.254,,446244.0,Asia
4300,Bahrain,BHR,1987,4.133,,462815.0,Asia
4301,Bahrain,BHR,1988,4.04,,479884.0,Asia
4302,Bahrain,BHR,1989,3.956,,497284.0,Asia
4303,Bahrain,BHR,1990,3.817,,514755.0,Asia
4304,Bahrain,BHR,1991,3.625,,531841.0,Asia
4305,Bahrain,BHR,1992,3.548,,547704.0,Asia
4306,Bahrain,BHR,1993,3.461,,562766.0,Asia
4307,Bahrain,BHR,1994,3.291,,577908.0,Asia
4308,Bahrain,BHR,1995,3.128,,593177.0,Asia
4309,Bahrain,BHR,1996,2.986,,608545.0,Asia
4310,Bahrain,BHR,1997,2.924,,623971.0,Asia
4311,Bahrain,BHR,1998,2.889,,639345.0,Asia
4312,Bahrain,BHR,1999,2.899,,654572.0,Asia
4313,Bahrain,BHR,2000,2.798,,669543.0,Asia
4314,Bahrain,BHR,2001,2.653,,699926.0,Asia
4315,Bahrain,BHR,2002,2.699,,752141.0,Asia
4316,Bahrain,BHR,2003,2.778,,811229.0,Asia
4317,Bahrain,BHR,2004,2.774,,871404.0,Asia
4318,Bahrain,BHR,2005,2.67,,932571.0,Asia
4319,Bahrain,BHR,2006,2.464,,994573.0,Asia
4320,Bahrain,BHR,2007,2.282,,1057370.0,Asia
4321,Bahrain,BHR,2008,2.152,,1120668.0,Asia
4322,Bahrain,BHR,2009,2.047,,1183577.0,Asia
4323,Bahrain,BHR,2010,1.987,,1213201.0,Asia
4324,Bahrain,BHR,2011,2.025,,1206693.0,Asia
4325,Bahrain,BHR,2012,2.11,,1216256.0,Asia
4326,Bahrain,BHR,2013,2.166,,1257153.0,Asia
4327,Bahrain,BHR,2014,2.149,,1312803.0,Asia
4328,Bahrain,BHR,2015,2.113,8.11,1369607.0,Asia
4329,Bahrain,BHR,2016,2.042,,1429559.0,Asia
4330,Bahrain,BHR,2017,1.984,,1481958.0,Asia
4331,Bahrain,BHR,2018,1.911,,1497582.0,Asia
4332,Bahrain,BHR,2019,1.843,,1485632.0,Asia
4333,Bahrain,BHR,2020,1.86,8.41,1483026.0,Asia
4528,Bangladesh,BGD,1950,6.374,0.27,41206802.0,Asia
4529,Bangladesh,BGD,1951,6.394,,42022262.0,Asia
4530,Bangladesh,BGD,1952,6.406,,42892968.0,Asia
4531,Bangladesh,BGD,1953,6.421,,43791337.0,Asia
4532,Bangladesh,BGD,1954,6.472,,44741247.0,Asia
4533,Bangladesh,BGD,1955,6.505,0.28,45767635.0,Asia
4534,Bangladesh,BGD,1956,6.537,,46854365.0,Asia
4535,Bangladesh,BGD,1957,6.576,,48004616.0,Asia
4536,Bangladesh,BGD,1958,6.608,,49184012.0,Asia
4537,Bangladesh,BGD,1959,6.678,,50441720.0,Asia
4538,Bangladesh,BGD,1960,6.742,0.33,51828616.0,Asia
4539,Bangladesh,BGD,1961,6.78,,53310300.0,Asia
4540,Bangladesh,BGD,1962,6.806,,54881103.0,Asia
4541,Bangladesh,BGD,1963,6.798,,56504365.0,Asia
4542,Bangladesh,BGD,1964,6.785,,58178318.0,Asia
4543,Bangladesh,BGD,1965,6.771,0.47,59902477.0,Asia
4544,Bangladesh,BGD,1966,6.766,,61669760.0,Asia
4545,Bangladesh,BGD,1967,6.79,,63510878.0,Asia
4546,Bangladesh,BGD,1968,6.791,,65408231.0,Asia
4547,Bangladesh,BGD,1969,6.806,,67294079.0,Asia
4548,Bangladesh,BGD,1970,6.839,0.57,69058849.0,Asia
4549,Bangladesh,BGD,1971,6.831,,70276718.0,Asia
4550,Bangladesh,BGD,1972,6.816,,71641480.0,Asia
4551,Bangladesh,BGD,1973,6.8,,73722257.0,Asia
4552,Bangladesh,BGD,1974,6.778,,75839301.0,Asia
4553,Bangladesh,BGD,1975,6.728,0.71,77854303.0,Asia
4554,Bangladesh,BGD,1976,6.66,,79855273.0,Asia
4555,Bangladesh,BGD,1977,6.583,,81867220.0,Asia
4556,Bangladesh,BGD,1978,6.509,,83889615.0,Asia
4557,Bangladesh,BGD,1979,6.421,,85935022.0,Asia
4558,Bangladesh,BGD,1980,6.326,1.31,88016388.0,Asia
4559,Bangladesh,BGD,1981,6.237,,90303059.0,Asia
4560,Bangladesh,BGD,1982,6.118,,92814458.0,Asia
4561,Bangladesh,BGD,1983,5.906,,95335110.0,Asia
4562,Bangladesh,BGD,1984,5.732,,97814921.0,Asia
4563,Bangladesh,BGD,1985,5.539,1.94,100253773.0,Asia
4564,Bangladesh,BGD,1986,5.302,,102635523.0,Asia
4565,Bangladesh,BGD,1987,5.075,,104959246.0,Asia
4566,Bangladesh,BGD,1988,4.849,,107215958.0,Asia
4567,Bangladesh,BGD,1989,4.695,,109433756.0,Asia
4568,Bangladesh,BGD,1990,4.506,2.4,111633674.0,Asia
4569,Bangladesh,BGD,1991,4.261,,113787065.0,Asia
4570,Bangladesh,BGD,1992,4.027,,115952146.0,Asia
4571,Bangladesh,BGD,1993,3.832,,118132306.0,Asia
4572,Bangladesh,BGD,1994,3.737,,120343133.0,Asia
4573,Bangladesh,BGD,1995,3.588,3.11,122600315.0,Asia
4574,Bangladesh,BGD,1996,3.505,,124862131.0,Asia
4575,Bangladesh,BGD,1997,3.502,,127198029.0,Asia
4576,Bangladesh,BGD,1998,3.427,,129622282.0,Asia
4577,Bangladesh,BGD,1999,3.357,,132108017.0,Asia
4578,Bangladesh,BGD,2000,3.279,4.33,134544254.0,Asia
4579,Bangladesh,BGD,2001,3.203,,136805753.0,Asia
4580,Bangladesh,BGD,2002,3.126,,138933610.0,Asia
4581,Bangladesh,BGD,2003,3.029,,140970309.0,Asia
4582,Bangladesh,BGD,2004,2.94,,142902810.0,Asia
4583,Bangladesh,BGD,2005,2.846,5.27,144715747.0,Asia
4584,Bangladesh,BGD,2006,2.755,,146405934.0,Asia
4585,Bangladesh,BGD,2007,2.666,,147989238.0,Asia
4586,Bangladesh,BGD,2008,2.577,,149474218.0,Asia
4587,Bangladesh,BGD,2009,2.484,,150873661.0,Asia
4588,Bangladesh,BGD,2010,2.38,6.24,152201922.0,Asia
4589,Bangladesh,BGD,2011,2.309,,153591029.0,Asia
4590,Bangladesh,BGD,2012,2.263,,155070060.0,Asia
4591,Bangladesh,BGD,2013,2.247,,156532092.0,Asia
4592,Bangladesh,BGD,2014,2.228,,157964878.0,Asia
4593,Bangladesh,BGD,2015,2.227,7.09,159383130.0,Asia
4594,Bangladesh,BGD,2016,2.227,,160811890.0,Asia
4595,Bangladesh,BGD,2017,2.205,,162186094.0,Asia
4596,Bangladesh,BGD,2018,2.193,,163523054.0,Asia
4597,Bangladesh,BGD,2019,2.18,,164913011.0,Asia
4598,Bangladesh,BGD,2020,2.175,7.88,166297978.0,Asia
4793,Barbados,BRB,1950,4.473,4.64,209878.0,North America
4794,Barbados,BRB,1951,4.521,,213360.0,North America
4795,Barbados,BRB,1952,4.547,,216471.0,North America
4796,Barbados,BRB,1953,4.529,,219189.0,North America
4797,Barbados,BRB,1954,4.456,,221512.0,North America
4798,Barbados,BRB,1955,4.44,4.83,223258.0,North America
4799,Barbados,BRB,1956,4.18,,224469.0,North America
4800,Barbados,BRB,1957,4.333,,225758.0,North America
4801,Barbados,BRB,1958,4.25,,227226.0,North America
4802,Barbados,BRB,1959,4.276,,228741.0,North America
4803,Barbados,BRB,1960,4.706,4.98,230851.0,North America
4804,Barbados,BRB,1961,4.153,,233110.0,North America
4805,Barbados,BRB,1962,4.3,,235190.0,North America
4806,Barbados,BRB,1963,4.304,,237510.0,North America
4807,Barbados,BRB,1964,4.214,,239919.0,North America
4808,Barbados,BRB,1965,4.176,6.61,242379.0,North America
4809,Barbados,BRB,1966,4.144,,244967.0,North America
4810,Barbados,BRB,1967,3.599,,247050.0,North America
4811,Barbados,BRB,1968,3.574,,248507.0,North America
4812,Barbados,BRB,1969,3.342,,249394.0,North America
4813,Barbados,BRB,1970,3.079,8.46,249353.0,North America
4814,Barbados,BRB,1971,3.199,,249128.0,North America
4815,Barbados,BRB,1972,3.153,,249614.0,North America
4816,Barbados,BRB,1973,2.865,,250277.0,North America
4817,Barbados,BRB,1974,2.652,,250737.0,North America
4818,Barbados,BRB,1975,2.447,7.83,251137.0,North America
4819,Barbados,BRB,1976,2.241,,251416.0,North America
4820,Barbados,BRB,1977,2.201,,251582.0,North America
4821,Barbados,BRB,1978,1.839,,251522.0,North America
4822,Barbados,BRB,1979,1.862,,251224.0,North America
4823,Barbados,BRB,1980,1.777,7.6,251487.0,North America
4824,Barbados,BRB,1981,1.846,,252233.0,North America
4825,Barbados,BRB,1982,1.859,,253047.0,North America
4826,Barbados,BRB,1983,1.856,,253951.0,North America
4827,Barbados,BRB,1984,1.752,,254880.0,North America
4828,Barbados,BRB,1985,1.769,8.32,255790.0,North America
4829,Barbados,BRB,1986,1.694,,256588.0,North America
4830,Barbados,BRB,1987,1.611,,257234.0,North America
4831,Barbados,BRB,1988,1.58,,257733.0,North America
4832,Barbados,BRB,1989,1.638,,258059.0,North America
4833,Barbados,BRB,1990,1.842,8.77,258536.0,North America
4834,Barbados,BRB,1991,1.838,,259339.0,North America
4835,Barbados,BRB,1992,1.804,,260219.0,North America
4836,Barbados,BRB,1993,1.769,,260992.0,North America
4837,Barbados,BRB,1994,1.733,,261588.0,North America
4838,Barbados,BRB,1995,1.704,9.12,262002.0,North America
4839,Barbados,BRB,1996,1.673,,262246.0,North America
4840,Barbados,BRB,1997,1.645,,262357.0,North America
4841,Barbados,BRB,1998,1.62,,262382.0,North America
4842,Barbados,BRB,1999,1.779,,262477.0,North America
4843,Barbados,BRB,2000,1.933,9.36,262028.0,North America
4844,Barbados,BRB,2001,1.955,,262376.0,North America
4845,Barbados,BRB,2002,1.862,,264107.0,North America
4846,Barbados,BRB,2003,1.856,,265735.0,North America
4847,Barbados,BRB,2004,1.797,,267247.0,North America
4848,Barbados,BRB,2005,1.738,9.62,268672.0,North America
4849,Barbados,BRB,2006,1.702,,269966.0,North America
4850,Barbados,BRB,2007,1.755,,271250.0,North America
4851,Barbados,BRB,2008,1.756,,272679.0,North America
4852,Barbados,BRB,2009,1.77,,274081.0,North America
4853,Barbados,BRB,2010,1.785,9.88,275193.0,North America
4854,Barbados,BRB,2011,1.758,,276094.0,North America
4855,Barbados,BRB,2012,1.731,,276904.0,North America
4856,Barbados,BRB,2013,1.729,,277625.0,North America
4857,Barbados,BRB,2014,1.727,,278302.0,North America
4858,Barbados,BRB,2015,1.726,9.87,278942.0,North America
4859,Barbados,BRB,2016,1.724,,279556.0,North America
4860,Barbados,BRB,2017,1.724,,280132.0,North America
4861,Barbados,BRB,2018,1.72,,280674.0,North America
4862,Barbados,BRB,2019,1.715,,281162.0,North America
4863,Barbados,BRB,2020,1.708,10.13,281654.0,North America
5050,Belarus,BLR,1950,2.64,,7127548.0,Europe
5051,Belarus,BLR,1951,2.66,,7189378.0,Europe
5052,Belarus,BLR,1952,2.625,,7264560.0,Europe
5053,Belarus,BLR,1953,2.6,,7350594.0,Europe
5054,Belarus,BLR,1954,2.607,,7448835.0,Europe
5055,Belarus,BLR,1955,2.633,,7560625.0,Europe
5056,Belarus,BLR,1956,2.66,,7682823.0,Europe
5057,Belarus,BLR,1957,2.69,,7811291.0,Europe
5058,Belarus,BLR,1958,2.728,,7944044.0,Europe
5059,Belarus,BLR,1959,2.763,,8081274.0,Europe
5060,Belarus,BLR,1960,2.757,,8207950.0,Europe
5061,Belarus,BLR,1961,2.673,,8320379.0,Europe
5062,Belarus,BLR,1962,2.607,,8424429.0,Europe
5063,Belarus,BLR,1963,2.479,,8517653.0,Europe
5064,Belarus,BLR,1964,2.28,,8602802.0,Europe
5065,Belarus,BLR,1965,2.229,,8679894.0,Europe
5066,Belarus,BLR,1966,2.273,,8752918.0,Europe
5067,Belarus,BLR,1967,2.245,,8823204.0,Europe
5068,Belarus,BLR,1968,2.258,,8891280.0,Europe
5069,Belarus,BLR,1969,2.232,,8954559.0,Europe
5070,Belarus,BLR,1970,2.293,,9014853.0,Europe
5071,Belarus,BLR,1971,2.313,,9079704.0,Europe
5072,Belarus,BLR,1972,2.28,,9144589.0,Europe
5073,Belarus,BLR,1973,2.206,,9205662.0,Europe
5074,Belarus,BLR,1974,2.191,,9265631.0,Europe
5075,Belarus,BLR,1975,2.133,,9324245.0,Europe
5076,Belarus,BLR,1976,2.09,,9380047.0,Europe
5077,Belarus,BLR,1977,2.061,,9434898.0,Europe
5078,Belarus,BLR,1978,2.033,,9485755.0,Europe
5079,Belarus,BLR,1979,1.996,,9537657.0,Europe
5080,Belarus,BLR,1980,1.983,,9603126.0,Europe
5081,Belarus,BLR,1981,1.989,,9677989.0,Europe
5082,Belarus,BLR,1982,1.99,,9748234.0,Europe
5083,Belarus,BLR,1983,2.134,,9815504.0,Europe
5084,Belarus,BLR,1984,2.078,,9881646.0,Europe
5085,Belarus,BLR,1985,2.041,,9944137.0,Europe
5086,Belarus,BLR,1986,2.126,,10004246.0,Europe
5087,Belarus,BLR,1987,2.055,,10057565.0,Europe
5088,Belarus,BLR,1988,2.07,,10107584.0,Europe
5089,Belarus,BLR,1989,1.978,,10158729.0,Europe
5090,Belarus,BLR,1990,1.86,,10186209.0,Europe
5091,Belarus,BLR,1991,1.752,,10193837.0,Europe
5092,Belarus,BLR,1992,1.704,,10217518.0,Europe
5093,Belarus,BLR,1993,1.577,,10241269.0,Europe
5094,Belarus,BLR,1994,1.486,,10230138.0,Europe
5095,Belarus,BLR,1995,1.369,,10197421.0,Europe
5096,Belarus,BLR,1996,1.307,,10163972.0,Europe
5097,Belarus,BLR,1997,1.223,,10122315.0,Europe
5098,Belarus,BLR,1998,1.268,,10080527.0,Europe
5099,Belarus,BLR,1999,1.263,,10039177.0,Europe
5100,Belarus,BLR,2000,1.272,,9991254.0,Europe
5101,Belarus,BLR,2001,1.241,,9938024.0,Europe
5102,Belarus,BLR,2002,1.202,,9873403.0,Europe
5103,Belarus,BLR,2003,1.192,,9803112.0,Europe
5104,Belarus,BLR,2004,1.196,,9735039.0,Europe
5105,Belarus,BLR,2005,1.221,,9667778.0,Europe
5106,Belarus,BLR,2006,1.305,,9607999.0,Europe
5107,Belarus,BLR,2007,1.394,,9563078.0,Europe
5108,Belarus,BLR,2008,1.449,,9529315.0,Europe
5109,Belarus,BLR,2009,1.481,,9507289.0,Europe
5110,Belarus,BLR,2010,1.478,,9490705.0,Europe
5111,Belarus,BLR,2011,1.524,,9472681.0,Europe
5112,Belarus,BLR,2012,1.623,,9463025.0,Europe
5113,Belarus,BLR,2013,1.673,,9464405.0,Europe
5114,Belarus,BLR,2014,1.702,,9472660.0,Europe
5115,Belarus,BLR,2015,1.728,,9487235.0,Europe
5116,Belarus,BLR,2016,1.727,,9499018.0,Europe
5117,Belarus,BLR,2017,1.55,,9495737.0,Europe
5118,Belarus,BLR,2018,1.457,,9479978.0,Europe
5119,Belarus,BLR,2019,1.389,,9435364.0,Europe
5120,Belarus,BLR,2020,1.369,,9350896.0,Europe
5311,Belgium,BEL,1950,2.346,6.67,8617394.0,Europe
5312,Belgium,BEL,1951,2.289,,8655711.0,Europe
5313,Belgium,BEL,1952,2.332,,8696594.0,Europe
5314,Belgium,BEL,1953,2.327,,8741817.0,Europe
5315,Belgium,BEL,1954,2.361,,8788342.0,Europe
5316,Belgium,BEL,1955,2.382,7.02,8835446.0,Europe
5317,Belgium,BEL,1956,2.409,,8882106.0,Europe
5318,Belgium,BEL,1957,2.452,,8931814.0,Europe
5319,Belgium,BEL,1958,2.498,,8986075.0,Europe
5320,Belgium,BEL,1959,2.559,,9045691.0,Europe
5321,Belgium,BEL,1960,2.533,7.17,9102115.0,Europe
5322,Belgium,BEL,1961,2.622,,9158154.0,Europe
5323,Belgium,BEL,1962,2.595,,9217620.0,Europe
5324,Belgium,BEL,1963,2.676,,9275149.0,Europe
5325,Belgium,BEL,1964,2.702,,9337627.0,Europe
5326,Belgium,BEL,1965,2.612,7.26,9399795.0,Europe
5327,Belgium,BEL,1966,2.519,,9454947.0,Europe
5328,Belgium,BEL,1967,2.409,,9505876.0,Europe
5329,Belgium,BEL,1968,2.311,,9549645.0,Europe
5330,Belgium,BEL,1969,2.278,,9589150.0,Europe
5331,Belgium,BEL,1970,2.254,7.72,9630468.0,Europe
5332,Belgium,BEL,1971,2.208,,9666481.0,Europe
5333,Belgium,BEL,1972,2.091,,9694803.0,Europe
5334,Belgium,BEL,1973,1.953,,9717983.0,Europe
5335,Belgium,BEL,1974,1.838,,9735769.0,Europe
5336,Belgium,BEL,1975,1.749,8.12,9748424.0,Europe
5337,Belgium,BEL,1976,1.738,,9758851.0,Europe
5338,Belgium,BEL,1977,1.725,,9773969.0,Europe
5339,Belgium,BEL,1978,1.71,,9791768.0,Europe
5340,Belgium,BEL,1979,1.707,,9811311.0,Europe
5341,Belgium,BEL,1980,1.693,8.71,9833043.0,Europe
5342,Belgium,BEL,1981,1.668,,9850626.0,Europe
5343,Belgium,BEL,1982,1.612,,9862280.0,Europe
5344,Belgium,BEL,1983,1.562,,9869086.0,Europe
5345,Belgium,BEL,1984,1.531,,9874550.0,Europe
5346,Belgium,BEL,1985,1.504,9.23,9880285.0,Europe
5347,Belgium,BEL,1986,1.537,,9886926.0,Europe
5348,Belgium,BEL,1987,1.538,,9899101.0,Europe
5349,Belgium,BEL,1988,1.568,,9916509.0,Europe
5350,Belgium,BEL,1989,1.585,,9936527.0,Europe
5351,Belgium,BEL,1990,1.625,9.86,9960924.0,Europe
5352,Belgium,BEL,1991,1.656,,9998909.0,Europe
5353,Belgium,BEL,1992,1.648,,10045947.0,Europe
5354,Belgium,BEL,1993,1.606,,10084882.0,Europe
5355,Belgium,BEL,1994,1.563,,10115950.0,Europe
5356,Belgium,BEL,1995,1.564,10.57,10137211.0,Europe
5357,Belgium,BEL,1996,1.591,,10156921.0,Europe
5358,Belgium,BEL,1997,1.603,,10181406.0,Europe
5359,Belgium,BEL,1998,1.594,,10203130.0,Europe
5360,Belgium,BEL,1999,1.614,,10226629.0,Europe
5361,Belgium,BEL,2000,1.663,10.94,10251672.0,Europe
5362,Belgium,BEL,2001,1.666,,10286956.0,Europe
5363,Belgium,BEL,2002,1.645,,10332929.0,Europe
5364,Belgium,BEL,2003,1.665,,10376207.0,Europe
5365,Belgium,BEL,2004,1.719,,10421247.0,Europe
5366,Belgium,BEL,2005,1.754,11.1,10478829.0,Europe
5367,Belgium,BEL,2006,1.794,,10548397.0,Europe
5368,Belgium,BEL,2007,1.813,,10625433.0,Europe
5369,Belgium,BEL,2008,1.846,,10709668.0,Europe
5370,Belgium,BEL,2009,1.835,,10812883.0,Europe
5371,Belgium,BEL,2010,1.849,11.31,10936569.0,Europe
5372,Belgium,BEL,2011,1.805,,11038580.0,Europe
5373,Belgium,BEL,2012,1.784,,11107477.0,Europe
5374,Belgium,BEL,2013,1.748,,11160227.0,Europe
5375,Belgium,BEL,2014,1.733,,11210070.0,Europe
5376,Belgium,BEL,2015,1.69,11.45,11275281.0,Europe
5377,Belgium,BEL,2016,1.675,,11332652.0,Europe
5378,Belgium,BEL,2017,1.641,,11376542.0,Europe
5379,Belgium,BEL,2018,1.616,,11428564.0,Europe
5380,Belgium,BEL,2019,1.609,,11490570.0,Europe
5381,Belgium,BEL,2020,1.575,11.72,11540055.0,Europe
5576,Belize,BLZ,1950,6.69,7.24,69045.0,North America
5577,Belize,BLZ,1951,6.68,,71090.0,North America
5578,Belize,BLZ,1952,6.66,,73322.0,North America
5579,Belize,BLZ,1953,6.64,,75486.0,North America
5580,Belize,BLZ,1954,6.62,,77644.0,North America
5581,Belize,BLZ,1955,6.6,7.4,79826.0,North America
5582,Belize,BLZ,1956,6.58,,82049.0,North America
5583,Belize,BLZ,1957,6.56,,84307.0,North America
5584,Belize,BLZ,1958,6.54,,86627.0,North America
5585,Belize,BLZ,1959,6.52,,88968.0,North America
5586,Belize,BLZ,1960,6.5,7.74,91292.0,North America
5587,Belize,BLZ,1961,6.48,,93600.0,North America
5588,Belize,BLZ,1962,6.46,,96018.0,North America
5589,Belize,BLZ,1963,6.44,,98672.0,North America
5590,Belize,BLZ,1964,6.42,,101577.0,North America
5591,Belize,BLZ,1965,6.4,7.79,104653.0,North America
5592,Belize,BLZ,1966,6.379,,107875.0,North America
5593,Belize,BLZ,1967,6.358,,111244.0,North America
5594,Belize,BLZ,1968,6.337,,114683.0,North America
5595,Belize,BLZ,1969,6.316,,118014.0,North America
5596,Belize,BLZ,1970,6.299,7.79,120701.0,North America
5597,Belize,BLZ,1971,6.288,,122765.0,North America
5598,Belize,BLZ,1972,6.284,,124641.0,North America
5599,Belize,BLZ,1973,6.285,,126417.0,North America
5600,Belize,BLZ,1974,6.287,,128152.0,North America
5601,Belize,BLZ,1975,6.278,8.01,130363.0,North America
5602,Belize,BLZ,1976,6.25,,133070.0,North America
5603,Belize,BLZ,1977,6.195,,135866.0,North America
5604,Belize,BLZ,1978,6.109,,138674.0,North America
5605,Belize,BLZ,1979,5.992,,141645.0,North America
5606,Belize,BLZ,1980,5.849,7.82,145029.0,North America
5607,Belize,BLZ,1981,5.684,,148753.0,North America
5608,Belize,BLZ,1982,5.497,,152509.0,North America
5609,Belize,BLZ,1983,5.309,,156264.0,North America
5610,Belize,BLZ,1984,5.115,,160011.0,North America
5611,Belize,BLZ,1985,4.997,8.04,163759.0,North America
5612,Belize,BLZ,1986,4.937,,167526.0,North America
5613,Belize,BLZ,1987,4.883,,171310.0,North America
5614,Belize,BLZ,1988,4.868,,175147.0,North America
5615,Belize,BLZ,1989,4.864,,179071.0,North America
5616,Belize,BLZ,1990,4.802,8.99,183049.0,North America
5617,Belize,BLZ,1991,4.595,,187007.0,North America
5618,Belize,BLZ,1992,4.429,,190952.0,North America
5619,Belize,BLZ,1993,4.206,,194864.0,North America
5620,Belize,BLZ,1994,3.973,,199048.0,North America
5621,Belize,BLZ,1995,3.876,9.64,204125.0,North America
5622,Belize,BLZ,1996,3.755,,210272.0,North America
5623,Belize,BLZ,1997,3.737,,217417.0,North America
5624,Belize,BLZ,1998,3.752,,225144.0,North America
5625,Belize,BLZ,1999,3.726,,233023.0,North America
5626,Belize,BLZ,2000,3.633,10.2,240769.0,North America
5627,Belize,BLZ,2001,3.526,,248338.0,North America
5628,Belize,BLZ,2002,3.43,,255972.0,North America
5629,Belize,BLZ,2003,3.335,,263743.0,North America
5630,Belize,BLZ,2004,3.252,,271646.0,North America
5631,Belize,BLZ,2005,3.173,10.79,279698.0,North America
5632,Belize,BLZ,2006,3.021,,287841.0,North America
5633,Belize,BLZ,2007,2.885,,296069.0,North America
5634,Belize,BLZ,2008,2.78,,304321.0,North America
5635,Belize,BLZ,2009,2.659,,312570.0,North America
5636,Belize,BLZ,2010,2.552,11.33,320203.0,North America
5637,Belize,BLZ,2011,2.531,,327253.0,North America
5638,Belize,BLZ,2012,2.51,,334367.0,North America
5639,Belize,BLZ,2013,2.498,,341596.0,North America
5640,Belize,BLZ,2014,2.474,,348889.0,North America
5641,Belize,BLZ,2015,2.433,10.59,356296.0,North America
5642,Belize,BLZ,2016,2.396,,364666.0,North America
5643,Belize,BLZ,2017,2.368,,373177.0,North America
5644,Belize,BLZ,2018,2.343,,380188.0,North America
5645,Belize,BLZ,2019,2.142,,385784.0,North America
5646,Belize,BLZ,2020,2.04,10.76,390775.0,North America
5841,Benin,BEN,1950,5.751,0.27,2250436.0,Africa
5842,Benin,BEN,1951,5.777,,2267259.0,Africa
5843,Benin,BEN,1952,5.829,,2285739.0,Africa
5844,Benin,BEN,1953,5.883,,2306166.0,Africa
5845,Benin,BEN,1954,5.938,,2328739.0,Africa
5846,Benin,BEN,1955,5.993,0.32,2353610.0,Africa
5847,Benin,BEN,1956,6.05,,2380847.0,Africa
5848,Benin,BEN,1957,6.108,,2410720.0,Africa
5849,Benin,BEN,1958,6.166,,2443383.0,Africa
5850,Benin,BEN,1959,6.225,,2478876.0,Africa
5851,Benin,BEN,1960,6.282,0.37,2517239.0,Africa
5852,Benin,BEN,1961,6.402,,2559182.0,Africa
5853,Benin,BEN,1962,6.457,,2604619.0,Africa
5854,Benin,BEN,1963,6.51,,2652862.0,Africa
5855,Benin,BEN,1964,6.565,,2703952.0,Africa
5856,Benin,BEN,1965,6.605,0.42,2757888.0,Africa
5857,Benin,BEN,1966,6.625,,2814268.0,Africa
5858,Benin,BEN,1967,6.643,,2872953.0,Africa
5859,Benin,BEN,1968,6.669,,2934215.0,Africa
5860,Benin,BEN,1969,6.705,,2998179.0,Africa
5861,Benin,BEN,1970,6.735,0.47,3065006.0,Africa
5862,Benin,BEN,1971,6.766,,3134711.0,Africa
5863,Benin,BEN,1972,6.799,,3207493.0,Africa
5864,Benin,BEN,1973,6.809,,3283447.0,Africa
5865,Benin,BEN,1974,6.822,,3362585.0,Africa
5866,Benin,BEN,1975,6.83,0.53,3445361.0,Africa
5867,Benin,BEN,1976,6.83,,3532157.0,Africa
5868,Benin,BEN,1977,6.832,,3623154.0,Africa
5869,Benin,BEN,1978,6.824,,3718258.0,Africa
5870,Benin,BEN,1979,6.905,,3818482.0,Africa
5871,Benin,BEN,1980,6.989,0.7,3925195.0,Africa
5872,Benin,BEN,1981,7.056,,4038268.0,Africa
5873,Benin,BEN,1982,7.055,,4156550.0,Africa
5874,Benin,BEN,1983,7.045,,4278927.0,Africa
5875,Benin,BEN,1984,7.031,,4405848.0,Africa
5876,Benin,BEN,1985,7.003,1.04,4537963.0,Africa
5877,Benin,BEN,1986,6.962,,4675383.0,Africa
5878,Benin,BEN,1987,6.918,,4818432.0,Africa
5879,Benin,BEN,1988,6.871,,4967293.0,Africa
5880,Benin,BEN,1989,6.815,,5121611.0,Africa
5881,Benin,BEN,1990,6.741,1.42,5281430.0,Africa
5882,Benin,BEN,1991,6.666,,5446879.0,Africa
5883,Benin,BEN,1992,6.593,,5617799.0,Africa
5884,Benin,BEN,1993,6.51,,5872663.0,Africa
5885,Benin,BEN,1994,6.419,,6096466.0,Africa
5886,Benin,BEN,1995,6.33,1.77,6226726.0,Africa
5887,Benin,BEN,1996,6.279,,6391818.0,Africa
5888,Benin,BEN,1997,6.23,,6583322.0,Africa
5889,Benin,BEN,1998,6.136,,6789446.0,Africa
5890,Benin,BEN,1999,6.032,,7002781.0,Africa
5891,Benin,BEN,2000,5.937,2.16,7221570.0,Africa
5892,Benin,BEN,2001,5.848,,7445548.0,Africa
5893,Benin,BEN,2002,5.793,,7675382.0,Africa
5894,Benin,BEN,2003,5.763,,7913016.0,Africa
5895,Benin,BEN,2004,5.718,,8159045.0,Africa
5896,Benin,BEN,2005,5.692,2.69,8426103.0,Africa
5897,Benin,BEN,2006,5.673,,8693194.0,Africa
5898,Benin,BEN,2007,5.627,,8953918.0,Africa
5899,Benin,BEN,2008,5.548,,9228420.0,Africa
5900,Benin,BEN,2009,5.491,,9509380.0,Africa
5901,Benin,BEN,2010,5.452,3.49,9797446.0,Africa
5902,Benin,BEN,2011,5.436,,10093579.0,Africa
5903,Benin,BEN,2012,5.429,,10397614.0,Africa
5904,Benin,BEN,2013,5.41,,10708774.0,Africa
5905,Benin,BEN,2014,5.374,,11029964.0,Africa
5906,Benin,BEN,2015,5.32,4.43,11360628.0,Africa
5907,Benin,BEN,2016,5.254,,11697798.0,Africa
5908,Benin,BEN,2017,5.155,,12039735.0,Africa
5909,Benin,BEN,2018,5.031,,12383302.0,Africa
5910,Benin,BEN,2019,4.9,,12726713.0,Africa
5911,Benin,BEN,2020,4.795,5.39,13070131.0,Africa
6106,Bermuda,BMU,1950,3.617,,37193.0,North America
6107,Bermuda,BMU,1951,3.565,,37779.0,North America
6108,Bermuda,BMU,1952,3.538,,38321.0,North America
6109,Bermuda,BMU,1953,3.514,,38799.0,North America
6110,Bermuda,BMU,1954,3.508,,39318.0,North America
6111,Bermuda,BMU,1955,3.487,,39832.0,North America
6112,Bermuda,BMU,1956,3.478,,40319.0,North America
6113,Bermuda,BMU,1957,3.543,,40771.0,North America
6114,Bermuda,BMU,1958,3.581,,41190.0,North America
6115,Bermuda,BMU,1959,3.629,,41610.0,North America
6116,Bermuda,BMU,1960,3.63,,42183.0,North America
6117,Bermuda,BMU,1961,3.594,,43097.0,North America
6118,Bermuda,BMU,1962,3.441,,44209.0,North America
6119,Bermuda,BMU,1963,3.476,,45313.0,North America
6120,Bermuda,BMU,1964,3.231,,46376.0,North America
6121,Bermuda,BMU,1965,3.077,,47445.0,North America
6122,Bermuda,BMU,1966,2.794,,48508.0,North America
6123,Bermuda,BMU,1967,2.567,,49498.0,North America
6124,Bermuda,BMU,1968,2.451,,50387.0,North America
6125,Bermuda,BMU,1969,2.361,,51281.0,North America
6126,Bermuda,BMU,1970,2.308,,52097.0,North America
6127,Bermuda,BMU,1971,2.277,,52588.0,North America
6128,Bermuda,BMU,1972,2.225,,52787.0,North America
6129,Bermuda,BMU,1973,2.143,,52913.0,North America
6130,Bermuda,BMU,1974,2.023,,53049.0,North America
6131,Bermuda,BMU,1975,1.888,,53098.0,North America
6132,Bermuda,BMU,1976,1.864,,53192.0,North America
6133,Bermuda,BMU,1977,1.689,,53292.0,North America
6134,Bermuda,BMU,1978,1.798,,53406.0,North America
6135,Bermuda,BMU,1979,1.661,,53496.0,North America
6136,Bermuda,BMU,1980,1.664,,53657.0,North America
6137,Bermuda,BMU,1981,1.596,,53971.0,North America
6138,Bermuda,BMU,1982,1.643,,54362.0,North America
6139,Bermuda,BMU,1983,1.812,,54747.0,North America
6140,Bermuda,BMU,1984,1.683,,55142.0,North America
6141,Bermuda,BMU,1985,1.774,,55517.0,North America
6142,Bermuda,BMU,1986,1.732,,55864.0,North America
6143,Bermuda,BMU,1987,1.746,,56241.0,North America
6144,Bermuda,BMU,1988,1.797,,56667.0,North America
6145,Bermuda,BMU,1989,1.76,,57111.0,North America
6146,Bermuda,BMU,1990,1.699,,57539.0,North America
6147,Bermuda,BMU,1991,1.744,,57962.0,North America
6148,Bermuda,BMU,1992,1.725,,58378.0,North America
6149,Bermuda,BMU,1993,1.7,,58778.0,North America
6150,Bermuda,BMU,1994,1.684,,59156.0,North America
6151,Bermuda,BMU,1995,1.677,,59511.0,North America
6152,Bermuda,BMU,1996,1.699,,59782.0,North America
6153,Bermuda,BMU,1997,1.692,,60146.0,North America
6154,Bermuda,BMU,1998,1.794,,60613.0,North America
6155,Bermuda,BMU,1999,1.794,,61099.0,North America
6156,Bermuda,BMU,2000,1.738,,61528.0,North America
6157,Bermuda,BMU,2001,1.861,,61840.0,North America
6158,Bermuda,BMU,2002,1.815,,62118.0,North America
6159,Bermuda,BMU,2003,1.79,,62367.0,North America
6160,Bermuda,BMU,2004,1.76,,62536.0,North America
6161,Bermuda,BMU,2005,1.782,,62690.0,North America
6162,Bermuda,BMU,2006,1.79,,62806.0,North America
6163,Bermuda,BMU,2007,1.934,,62985.0,North America
6164,Bermuda,BMU,2008,1.86,,63273.0,North America
6165,Bermuda,BMU,2009,1.853,,63540.0,North America
6166,Bermuda,BMU,2010,1.767,,63708.0,North America
6167,Bermuda,BMU,2011,1.569,,63705.0,North America
6168,Bermuda,BMU,2012,1.528,,63617.0,North America
6169,Bermuda,BMU,2013,1.522,,63548.0,North America
6170,Bermuda,BMU,2014,1.42,,63499.0,North America
6171,Bermuda,BMU,2015,1.44,,63442.0,North America
6172,Bermuda,BMU,2016,1.45,,63421.0,North America
6173,Bermuda,BMU,2017,1.419,,63546.0,North America
6174,Bermuda,BMU,2018,1.374,,63810.0,North America
6175,Bermuda,BMU,2019,1.383,,64083.0,North America
6176,Bermuda,BMU,2020,1.451,,64354.0,North America
6196,Bhutan,BTN,1950,6.848,,169947.0,Asia
6197,Bhutan,BTN,1951,6.823,,174570.0,Asia
6198,Bhutan,BTN,1952,6.802,,179349.0,Asia
6199,Bhutan,BTN,1953,6.788,,184304.0,Asia
6200,Bhutan,BTN,1954,6.775,,189419.0,Asia
6201,Bhutan,BTN,1955,6.762,,194719.0,Asia
6202,Bhutan,BTN,1956,6.752,,200202.0,Asia
6203,Bhutan,BTN,1957,6.738,,205868.0,Asia
6204,Bhutan,BTN,1958,6.721,,211722.0,Asia
6205,Bhutan,BTN,1959,6.708,,217784.0,Asia
6206,Bhutan,BTN,1960,6.704,,224064.0,Asia
6207,Bhutan,BTN,1961,6.698,,230571.0,Asia
6208,Bhutan,BTN,1962,6.692,,237607.0,Asia
6209,Bhutan,BTN,1963,6.687,,245127.0,Asia
6210,Bhutan,BTN,1964,6.682,,252950.0,Asia
6211,Bhutan,BTN,1965,6.679,,261170.0,Asia
6212,Bhutan,BTN,1966,6.674,,269776.0,Asia
6213,Bhutan,BTN,1967,6.669,,278807.0,Asia
6214,Bhutan,BTN,1968,6.664,,288274.0,Asia
6215,Bhutan,BTN,1969,6.658,,298172.0,Asia
6216,Bhutan,BTN,1970,6.65,,308484.0,Asia
6217,Bhutan,BTN,1971,6.643,,319166.0,Asia
6218,Bhutan,BTN,1972,6.639,,330224.0,Asia
6219,Bhutan,BTN,1973,6.633,,341669.0,Asia
6220,Bhutan,BTN,1974,6.618,,353506.0,Asia
6221,Bhutan,BTN,1975,6.62,,365753.0,Asia
6222,Bhutan,BTN,1976,6.616,,378455.0,Asia
6223,Bhutan,BTN,1977,6.605,,391613.0,Asia
6224,Bhutan,BTN,1978,6.584,,405210.0,Asia
6225,Bhutan,BTN,1979,6.553,,419164.0,Asia
6226,Bhutan,BTN,1980,6.511,,433354.0,Asia
6227,Bhutan,BTN,1981,6.46,,447799.0,Asia
6228,Bhutan,BTN,1982,6.402,,462440.0,Asia
6229,Bhutan,BTN,1983,6.336,,477431.0,Asia
6230,Bhutan,BTN,1984,6.262,,492745.0,Asia
6231,Bhutan,BTN,1985,6.176,,508357.0,Asia
6232,Bhutan,BTN,1986,6.103,,524271.0,Asia
6233,Bhutan,BTN,1987,5.999,,540521.0,Asia
6234,Bhutan,BTN,1988,5.88,,556946.0,Asia
6235,Bhutan,BTN,1989,5.757,,573542.0,Asia
6236,Bhutan,BTN,1990,5.604,,589259.0,Asia
6237,Bhutan,BTN,1991,5.451,,599743.0,Asia
6238,Bhutan,BTN,1992,5.267,,577737.0,Asia
6239,Bhutan,BTN,1993,5.072,,554639.0,Asia
6240,Bhutan,BTN,1994,4.866,,554469.0,Asia
6241,Bhutan,BTN,1995,4.624,,547951.0,Asia
6242,Bhutan,BTN,1996,4.369,,548740.0,Asia
6243,Bhutan,BTN,1997,4.088,,558656.0,Asia
6244,Bhutan,BTN,1998,3.853,,569386.0,Asia
6245,Bhutan,BTN,1999,3.607,,582545.0,Asia
6246,Bhutan,BTN,2000,3.378,,596815.0,Asia
6247,Bhutan,BTN,2001,3.188,,610761.0,Asia
6248,Bhutan,BTN,2002,3.012,,624369.0,Asia
6249,Bhutan,BTN,2003,2.865,,637625.0,Asia
6250,Bhutan,BTN,2004,2.781,,650515.0,Asia
6251,Bhutan,BTN,2005,2.726,,661827.0,Asia
6252,Bhutan,BTN,2006,2.66,,670755.0,Asia
6253,Bhutan,BTN,2007,2.589,,678600.0,Asia
6254,Bhutan,BTN,2008,2.481,,686312.0,Asia
6255,Bhutan,BTN,2009,2.364,,693954.0,Asia
6256,Bhutan,BTN,2010,2.252,,701585.0,Asia
6257,Bhutan,BTN,2011,2.155,,709337.0,Asia
6258,Bhutan,BTN,2012,2.068,,717237.0,Asia
6259,Bhutan,BTN,2013,2.0,,725241.0,Asia
6260,Bhutan,BTN,2014,1.923,,733102.0,Asia
6261,Bhutan,BTN,2015,1.835,,740573.0,Asia
6262,Bhutan,BTN,2016,1.738,,747831.0,Asia
6263,Bhutan,BTN,2017,1.621,,754292.0,Asia
6264,Bhutan,BTN,2018,1.517,,759710.0,Asia
6265,Bhutan,BTN,2019,1.448,,764777.0,Asia
6266,Bhutan,BTN,2020,1.502,,769966.0,Asia
6457,Bolivia,BOL,1950,6.191,1.93,3089932.0,South America
6458,Bolivia,BOL,1951,6.191,,3137246.0,South America
6459,Bolivia,BOL,1952,6.183,,3187487.0,South America
6460,Bolivia,BOL,1953,6.202,,3240922.0,South America
6461,Bolivia,BOL,1954,6.214,,3297802.0,South America
6462,Bolivia,BOL,1955,6.241,2.19,3357965.0,South America
6463,Bolivia,BOL,1956,6.246,,3421304.0,South America
6464,Bolivia,BOL,1957,6.264,,3487526.0,South America
6465,Bolivia,BOL,1958,6.271,,3556501.0,South America
6466,Bolivia,BOL,1959,6.276,,3628138.0,South America
6467,Bolivia,BOL,1960,6.273,2.41,3702263.0,South America
6468,Bolivia,BOL,1961,6.257,,3778686.0,South America
6469,Bolivia,BOL,1962,6.246,,3857444.0,South America
6470,Bolivia,BOL,1963,6.232,,3938863.0,South America
6471,Bolivia,BOL,1964,6.21,,4022961.0,South America
6472,Bolivia,BOL,1965,6.182,2.84,4109750.0,South America
6473,Bolivia,BOL,1966,6.158,,4199493.0,South America
6474,Bolivia,BOL,1967,6.133,,4292521.0,South America
6475,Bolivia,BOL,1968,6.101,,4388897.0,South America
6476,Bolivia,BOL,1969,6.058,,4488191.0,South America
6477,Bolivia,BOL,1970,6.004,3.22,4589963.0,South America
6478,Bolivia,BOL,1971,5.947,,4694302.0,South America
6479,Bolivia,BOL,1972,5.885,,4800935.0,South America
6480,Bolivia,BOL,1973,5.847,,4910155.0,South America
6481,Bolivia,BOL,1974,5.796,,5022429.0,South America
6482,Bolivia,BOL,1975,5.748,3.8,5137477.0,South America
6483,Bolivia,BOL,1976,5.739,,5256448.0,South America
6484,Bolivia,BOL,1977,5.673,,5379115.0,South America
6485,Bolivia,BOL,1978,5.61,,5504082.0,South America
6486,Bolivia,BOL,1979,5.542,,5630799.0,South America
6487,Bolivia,BOL,1980,5.474,4.78,5758853.0,South America
6488,Bolivia,BOL,1981,5.408,,5888067.0,South America
6489,Bolivia,BOL,1982,5.346,,6018045.0,South America
6490,Bolivia,BOL,1983,5.289,,6149021.0,South America
6491,Bolivia,BOL,1984,5.242,,6281824.0,South America
6492,Bolivia,BOL,1985,5.153,5.79,6416153.0,South America
6493,Bolivia,BOL,1986,5.115,,6552428.0,South America
6494,Bolivia,BOL,1987,5.063,,6692123.0,South America
6495,Bolivia,BOL,1988,5.025,,6835460.0,South America
6496,Bolivia,BOL,1989,4.965,,6981727.0,South America
6497,Bolivia,BOL,1990,4.9,6.81,7130085.0,South America
6498,Bolivia,BOL,1991,4.846,,7280258.0,South America
6499,Bolivia,BOL,1992,4.713,,7430292.0,South America
6500,Bolivia,BOL,1993,4.592,,7579145.0,South America
6501,Bolivia,BOL,1994,4.494,,7727273.0,South America
6502,Bolivia,BOL,1995,4.409,7.32,7874632.0,South America
6503,Bolivia,BOL,1996,4.336,,8021698.0,South America
6504,Bolivia,BOL,1997,4.219,,8167859.0,South America
6505,Bolivia,BOL,1998,4.149,,8313355.0,South America
6506,Bolivia,BOL,1999,4.09,,8459762.0,South America
6507,Bolivia,BOL,2000,3.991,8.01,8606277.0,South America
6508,Bolivia,BOL,2001,3.89,,8752692.0,South America
6509,Bolivia,BOL,2002,3.802,,8900306.0,South America
6510,Bolivia,BOL,2003,3.721,,9050652.0,South America
6511,Bolivia,BOL,2004,3.633,,9204246.0,South America
6512,Bolivia,BOL,2005,3.558,8.14,9360702.0,South America
6513,Bolivia,BOL,2006,3.533,,9521625.0,South America
6514,Bolivia,BOL,2007,3.447,,9685913.0,South America
6515,Bolivia,BOL,2008,3.364,,9850806.0,South America
6516,Bolivia,BOL,2009,3.287,,10016233.0,South America
6517,Bolivia,BOL,2010,3.213,8.04,10182290.0,South America
6518,Bolivia,BOL,2011,3.143,,10348877.0,South America
6519,Bolivia,BOL,2012,3.076,,10515765.0,South America
6520,Bolivia,BOL,2013,3.01,,10682555.0,South America
6521,Bolivia,BOL,2014,2.947,,10848842.0,South America
6522,Bolivia,BOL,2015,2.886,8.18,11014657.0,South America
6523,Bolivia,BOL,2016,2.829,,11179968.0,South America
6524,Bolivia,BOL,2017,2.777,,11344540.0,South America
6525,Bolivia,BOL,2018,2.73,,11508320.0,South America
6526,Bolivia,BOL,2019,2.688,,11671329.0,South America
6527,Bolivia,BOL,2020,2.651,8.72,11816245.0,South America
6722,Bonaire Sint Eustatius and Saba,BES,1950,5.708,,6977.0,North America
6723,Bonaire Sint Eustatius and Saba,BES,1951,5.7,,7015.0,North America
6724,Bonaire Sint Eustatius and Saba,BES,1952,5.691,,7099.0,North America
6725,Bonaire Sint Eustatius and Saba,BES,1953,5.668,,7204.0,North America
6726,Bonaire Sint Eustatius and Saba,BES,1954,5.602,,7424.0,North America
6727,Bonaire Sint Eustatius and Saba,BES,1955,5.46,,7597.0,North America
6728,Bonaire Sint Eustatius and Saba,BES,1956,5.272,,7599.0,North America
6729,Bonaire Sint Eustatius and Saba,BES,1957,5.064,,7604.0,North America
6730,Bonaire Sint Eustatius and Saba,BES,1958,4.888,,7658.0,North America
6731,Bonaire Sint Eustatius and Saba,BES,1959,4.783,,7719.0,North America
6732,Bonaire Sint Eustatius and Saba,BES,1960,4.762,,7812.0,North America
6733,Bonaire Sint Eustatius and Saba,BES,1961,4.752,,7939.0,North America
6734,Bonaire Sint Eustatius and Saba,BES,1962,4.736,,8086.0,North America
6735,Bonaire Sint Eustatius and Saba,BES,1963,4.691,,8240.0,North America
6736,Bonaire Sint Eustatius and Saba,BES,1964,4.609,,8435.0,North America
6737,Bonaire Sint Eustatius and Saba,BES,1965,4.447,,8637.0,North America
6738,Bonaire Sint Eustatius and Saba,BES,1966,4.155,,8849.0,North America
6739,Bonaire Sint Eustatius and Saba,BES,1967,3.777,,9084.0,North America
6740,Bonaire Sint Eustatius and Saba,BES,1968,3.491,,9330.0,North America
6741,Bonaire Sint Eustatius and Saba,BES,1969,3.298,,9582.0,North America
6742,Bonaire Sint Eustatius and Saba,BES,1970,3.156,,9845.0,North America
6743,Bonaire Sint Eustatius and Saba,BES,1971,3.035,,10096.0,North America
6744,Bonaire Sint Eustatius and Saba,BES,1972,2.962,,10334.0,North America
6745,Bonaire Sint Eustatius and Saba,BES,1973,2.949,,10509.0,North America
6746,Bonaire Sint Eustatius and Saba,BES,1974,2.954,,10669.0,North America
6747,Bonaire Sint Eustatius and Saba,BES,1975,2.946,,10830.0,North America
6748,Bonaire Sint Eustatius and Saba,BES,1976,2.916,,11009.0,North America
6749,Bonaire Sint Eustatius and Saba,BES,1977,2.862,,11202.0,North America
6750,Bonaire Sint Eustatius and Saba,BES,1978,2.793,,11392.0,North America
6751,Bonaire Sint Eustatius and Saba,BES,1979,2.737,,11579.0,North America
6752,Bonaire Sint Eustatius and Saba,BES,1980,2.712,,11757.0,North America
6753,Bonaire Sint Eustatius and Saba,BES,1981,2.707,,11918.0,North America
6754,Bonaire Sint Eustatius and Saba,BES,1982,2.718,,12040.0,North America
6755,Bonaire Sint Eustatius and Saba,BES,1983,2.707,,12129.0,North America
6756,Bonaire Sint Eustatius and Saba,BES,1984,2.671,,12235.0,North America
6757,Bonaire Sint Eustatius and Saba,BES,1985,2.615,,12355.0,North America
6758,Bonaire Sint Eustatius and Saba,BES,1986,2.554,,12446.0,North America
6759,Bonaire Sint Eustatius and Saba,BES,1987,2.486,,12555.0,North America
6760,Bonaire Sint Eustatius and Saba,BES,1988,2.442,,12666.0,North America
6761,Bonaire Sint Eustatius and Saba,BES,1989,2.412,,12789.0,North America
6762,Bonaire Sint Eustatius and Saba,BES,1990,2.404,,12909.0,North America
6763,Bonaire Sint Eustatius and Saba,BES,1991,2.412,,13014.0,North America
6764,Bonaire Sint Eustatius and Saba,BES,1992,2.418,,13139.0,North America
6765,Bonaire Sint Eustatius and Saba,BES,1993,2.42,,13249.0,North America
6766,Bonaire Sint Eustatius and Saba,BES,1994,2.397,,13365.0,North America
6767,Bonaire Sint Eustatius and Saba,BES,1995,2.356,,13478.0,North America
6768,Bonaire Sint Eustatius and Saba,BES,1996,2.286,,13609.0,North America
6769,Bonaire Sint Eustatius and Saba,BES,1997,2.197,,13765.0,North America
6770,Bonaire Sint Eustatius and Saba,BES,1998,2.089,,13913.0,North America
6771,Bonaire Sint Eustatius and Saba,BES,1999,1.968,,14052.0,North America
6772,Bonaire Sint Eustatius and Saba,BES,2000,1.86,,14202.0,North America
6773,Bonaire Sint Eustatius and Saba,BES,2001,1.767,,14482.0,North America
6774,Bonaire Sint Eustatius and Saba,BES,2002,1.695,,14985.0,North America
6775,Bonaire Sint Eustatius and Saba,BES,2003,1.644,,15611.0,North America
6776,Bonaire Sint Eustatius and Saba,BES,2004,1.61,,16279.0,North America
6777,Bonaire Sint Eustatius and Saba,BES,2005,1.605,,16956.0,North America
6778,Bonaire Sint Eustatius and Saba,BES,2006,1.626,,17653.0,North America
6779,Bonaire Sint Eustatius and Saba,BES,2007,1.668,,18365.0,North America
6780,Bonaire Sint Eustatius and Saba,BES,2008,1.698,,19071.0,North America
6781,Bonaire Sint Eustatius and Saba,BES,2009,1.704,,19800.0,North America
6782,Bonaire Sint Eustatius and Saba,BES,2010,1.677,,20535.0,North America
6783,Bonaire Sint Eustatius and Saba,BES,2011,1.63,,21604.0,North America
6784,Bonaire Sint Eustatius and Saba,BES,2012,1.53,,22804.0,North America
6785,Bonaire Sint Eustatius and Saba,BES,2013,1.64,,23792.0,North America
6786,Bonaire Sint Eustatius and Saba,BES,2014,1.51,,24442.0,North America
6787,Bonaire Sint Eustatius and Saba,BES,2015,1.32,,24597.0,North America
6788,Bonaire Sint Eustatius and Saba,BES,2016,1.53,,24518.0,North America
6789,Bonaire Sint Eustatius and Saba,BES,2017,1.5,,24778.0,North America
6790,Bonaire Sint Eustatius and Saba,BES,2018,1.58,,25144.0,North America
6791,Bonaire Sint Eustatius and Saba,BES,2019,1.52,,25605.0,North America
6792,Bonaire Sint Eustatius and Saba,BES,2020,1.7,,26422.0,North America
6796,Bosnia and Herzegovina,BIH,1950,5.069,,2690354.0,Europe
6797,Bosnia and Herzegovina,BIH,1951,4.847,,2730187.0,Europe
6798,Bosnia and Herzegovina,BIH,1952,5.019,,2774647.0,Europe
6799,Bosnia and Herzegovina,BIH,1953,4.941,,2829177.0,Europe
6800,Bosnia and Herzegovina,BIH,1954,4.819,,2890165.0,Europe
6801,Bosnia and Herzegovina,BIH,1955,4.583,,2952123.0,Europe
6802,Bosnia and Herzegovina,BIH,1956,4.361,,3015515.0,Europe
6803,Bosnia and Herzegovina,BIH,1957,4.091,,3079890.0,Europe
6804,Bosnia and Herzegovina,BIH,1958,4.06,,3145372.0,Europe
6805,Bosnia and Herzegovina,BIH,1959,3.992,,3212329.0,Europe
6806,Bosnia and Herzegovina,BIH,1960,3.963,,3281335.0,Europe
6807,Bosnia and Herzegovina,BIH,1961,3.888,,3347997.0,Europe
6808,Bosnia and Herzegovina,BIH,1962,3.805,,3407480.0,Europe
6809,Bosnia and Herzegovina,BIH,1963,3.7,,3461893.0,Europe
6810,Bosnia and Herzegovina,BIH,1964,3.6,,3513402.0,Europe
6811,Bosnia and Herzegovina,BIH,1965,3.53,,3562800.0,Europe
6812,Bosnia and Herzegovina,BIH,1966,3.394,,3610517.0,Europe
6813,Bosnia and Herzegovina,BIH,1967,3.219,,3656185.0,Europe
6814,Bosnia and Herzegovina,BIH,1968,3.076,,3698763.0,Europe
6815,Bosnia and Herzegovina,BIH,1969,2.954,,3737712.0,Europe
6816,Bosnia and Herzegovina,BIH,1970,2.791,,3773194.0,Europe
6817,Bosnia and Herzegovina,BIH,1971,2.749,,3809343.0,Europe
6818,Bosnia and Herzegovina,BIH,1972,2.672,,3848229.0,Europe
6819,Bosnia and Herzegovina,BIH,1973,2.539,,3887326.0,Europe
6820,Bosnia and Herzegovina,BIH,1974,2.454,,3926419.0,Europe
6821,Bosnia and Herzegovina,BIH,1975,2.389,,3965688.0,Europe
6822,Bosnia and Herzegovina,BIH,1976,2.314,,4004511.0,Europe
6823,Bosnia and Herzegovina,BIH,1977,2.197,,4042087.0,Europe
6824,Bosnia and Herzegovina,BIH,1978,2.081,,4078207.0,Europe
6825,Bosnia and Herzegovina,BIH,1979,1.993,,4113257.0,Europe
6826,Bosnia and Herzegovina,BIH,1980,1.98,,4148380.0,Europe
6827,Bosnia and Herzegovina,BIH,1981,2.024,,4184171.0,Europe
6828,Bosnia and Herzegovina,BIH,1982,2.052,,4221057.0,Europe
6829,Bosnia and Herzegovina,BIH,1983,2.049,,4258678.0,Europe
6830,Bosnia and Herzegovina,BIH,1984,2.015,,4295491.0,Europe
6831,Bosnia and Herzegovina,BIH,1985,1.96,,4330317.0,Europe
6832,Bosnia and Herzegovina,BIH,1986,1.909,,4362058.0,Europe
6833,Bosnia and Herzegovina,BIH,1987,1.879,,4390205.0,Europe
6834,Bosnia and Herzegovina,BIH,1988,1.849,,4414365.0,Europe
6835,Bosnia and Herzegovina,BIH,1989,1.792,,4433940.0,Europe
6836,Bosnia and Herzegovina,BIH,1990,1.786,,4448604.0,Europe
6837,Bosnia and Herzegovina,BIH,1991,1.782,,4458299.0,Europe
6838,Bosnia and Herzegovina,BIH,1992,1.758,,4234572.0,Europe
6839,Bosnia and Herzegovina,BIH,1993,1.729,,3904437.0,Europe
6840,Bosnia and Herzegovina,BIH,1994,1.698,,3725362.0,Europe
6841,Bosnia and Herzegovina,BIH,1995,1.669,,3715510.0,Europe
6842,Bosnia and Herzegovina,BIH,1996,1.652,,3875200.0,Europe
6843,Bosnia and Herzegovina,BIH,1997,1.686,,4018182.0,Europe
6844,Bosnia and Herzegovina,BIH,1998,1.561,,4089306.0,Europe
6845,Bosnia and Herzegovina,BIH,1999,1.366,,4130270.0,Europe
6846,Bosnia and Herzegovina,BIH,2000,1.282,,4159737.0,Europe
6847,Bosnia and Herzegovina,BIH,2001,1.23,,4179394.0,Europe
6848,Bosnia and Herzegovina,BIH,2002,1.231,,4187959.0,Europe
6849,Bosnia and Herzegovina,BIH,2003,1.219,,4178486.0,Europe
6850,Bosnia and Herzegovina,BIH,2004,1.221,,4140947.0,Europe
6851,Bosnia and Herzegovina,BIH,2005,1.203,,4096437.0,Europe
6852,Bosnia and Herzegovina,BIH,2006,1.18,,4063222.0,Europe
6853,Bosnia and Herzegovina,BIH,2007,1.19,,4013375.0,Europe
6854,Bosnia and Herzegovina,BIH,2008,1.21,,3947499.0,Europe
6855,Bosnia and Herzegovina,BIH,2009,1.267,,3879744.0,Europe
6856,Bosnia and Herzegovina,BIH,2010,1.26,,3811423.0,Europe
6857,Bosnia and Herzegovina,BIH,2011,1.209,,3741747.0,Europe
6858,Bosnia and Herzegovina,BIH,2012,1.252,,3670056.0,Europe
6859,Bosnia and Herzegovina,BIH,2013,1.278,,3610814.0,Europe
6860,Bosnia and Herzegovina,BIH,2014,1.262,,3564777.0,Europe
6861,Bosnia and Herzegovina,BIH,2015,1.322,,3518485.0,Europe
6862,Bosnia and Herzegovina,BIH,2016,1.36,,3472950.0,Europe
6863,Bosnia and Herzegovina,BIH,2017,1.419,,3428638.0,Europe
6864,Bosnia and Herzegovina,BIH,2018,1.504,,3386940.0,Europe
6865,Bosnia and Herzegovina,BIH,2019,1.509,,3345480.0,Europe
6866,Bosnia and Herzegovina,BIH,2020,1.515,,3299297.0,Europe
7057,Botswana,BWA,1950,6.429,,413657.0,Africa
7058,Botswana,BWA,1951,6.436,,423522.0,Africa
7059,Botswana,BWA,1952,6.439,,433672.0,Africa
7060,Botswana,BWA,1953,6.473,,443933.0,Africa
7061,Botswana,BWA,1954,6.507,,454008.0,Africa
7062,Botswana,BWA,1955,6.546,,463881.0,Africa
7063,Botswana,BWA,1956,6.585,,473737.0,Africa
7064,Botswana,BWA,1957,6.62,,483756.0,Africa
7065,Botswana,BWA,1958,6.624,,494058.0,Africa
7066,Botswana,BWA,1959,6.621,,504848.0,Africa
7067,Botswana,BWA,1960,6.595,,516131.0,Africa
7068,Botswana,BWA,1961,6.564,,527910.0,Africa
7069,Botswana,BWA,1962,6.536,,540135.0,Africa
7070,Botswana,BWA,1963,6.578,,552930.0,Africa
7071,Botswana,BWA,1964,6.613,,566231.0,Africa
7072,Botswana,BWA,1965,6.604,,574611.0,Africa
7073,Botswana,BWA,1966,6.606,,577824.0,Africa
7074,Botswana,BWA,1967,6.598,,580896.0,Africa
7075,Botswana,BWA,1968,6.582,,583925.0,Africa
7076,Botswana,BWA,1969,6.559,,587027.0,Africa
7077,Botswana,BWA,1970,6.55,,590287.0,Africa
7078,Botswana,BWA,1971,6.544,,600437.0,Africa
7079,Botswana,BWA,1972,6.563,,622376.0,Africa
7080,Botswana,BWA,1973,6.587,,652373.0,Africa
7081,Botswana,BWA,1974,6.614,,685406.0,Africa
7082,Botswana,BWA,1975,6.613,,720341.0,Africa
7083,Botswana,BWA,1976,6.599,,758463.0,Africa
7084,Botswana,BWA,1977,6.543,,799545.0,Africa
7085,Botswana,BWA,1978,6.479,,849200.0,Africa
7086,Botswana,BWA,1979,6.395,,901704.0,Africa
7087,Botswana,BWA,1980,6.292,,937455.0,Africa
7088,Botswana,BWA,1981,6.163,,969951.0,Africa
7089,Botswana,BWA,1982,5.97,,1009228.0,Africa
7090,Botswana,BWA,1983,5.785,,1046096.0,Africa
7091,Botswana,BWA,1984,5.625,,1083618.0,Africa
7092,Botswana,BWA,1985,5.482,,1121907.0,Africa
7093,Botswana,BWA,1986,5.332,,1160604.0,Africa
7094,Botswana,BWA,1987,5.104,,1199135.0,Africa
7095,Botswana,BWA,1988,4.878,,1235436.0,Africa
7096,Botswana,BWA,1989,4.666,,1270237.0,Africa
7097,Botswana,BWA,1990,4.509,,1305648.0,Africa
7098,Botswana,BWA,1991,4.365,,1341717.0,Africa
7099,Botswana,BWA,1992,4.255,,1379980.0,Africa
7100,Botswana,BWA,1993,4.152,,1420068.0,Africa
7101,Botswana,BWA,1994,4.021,,1459984.0,Africa
7102,Botswana,BWA,1995,3.792,,1498791.0,Africa
7103,Botswana,BWA,1996,3.573,,1535870.0,Africa
7104,Botswana,BWA,1997,3.431,,1571657.0,Africa
7105,Botswana,BWA,1998,3.362,,1606858.0,Africa
7106,Botswana,BWA,1999,3.313,,1641956.0,Africa
7107,Botswana,BWA,2000,3.294,,1677336.0,Africa
7108,Botswana,BWA,2001,3.248,,1712217.0,Africa
7109,Botswana,BWA,2002,3.175,,1744721.0,Africa
7110,Botswana,BWA,2003,3.106,,1775689.0,Africa
7111,Botswana,BWA,2004,3.063,,1807107.0,Africa
7112,Botswana,BWA,2005,3.082,,1839833.0,Africa
7113,Botswana,BWA,2006,3.114,,1874480.0,Africa
7114,Botswana,BWA,2007,3.127,,1911153.0,Africa
7115,Botswana,BWA,2008,3.131,,1949922.0,Africa
7116,Botswana,BWA,2009,3.133,,1990616.0,Africa
7117,Botswana,BWA,2010,3.135,,2033065.0,Africa
7118,Botswana,BWA,2011,3.103,,2073479.0,Africa
7119,Botswana,BWA,2012,3.07,,2108563.0,Africa
7120,Botswana,BWA,2013,3.045,,2140639.0,Africa
7121,Botswana,BWA,2014,3.027,,2172010.0,Africa
7122,Botswana,BWA,2015,3.008,10.21,2203232.0,Africa
7123,Botswana,BWA,2016,2.99,,2234732.0,Africa
7124,Botswana,BWA,2017,2.969,,2266701.0,Africa
7125,Botswana,BWA,2018,2.941,,2299095.0,Africa
7126,Botswana,BWA,2019,2.906,,2332038.0,Africa
7127,Botswana,BWA,2020,2.861,10.55,2365846.0,Africa
7322,Brazil,BRA,1950,6.122,1.91,53408501.0,South America
7323,Brazil,BRA,1951,6.115,,55018796.0,South America
7324,Brazil,BRA,1952,6.102,,56694832.0,South America
7325,Brazil,BRA,1953,6.093,,58433700.0,South America
7326,Brazil,BRA,1954,6.087,,60235068.0,South America
7327,Brazil,BRA,1955,6.084,2.11,62101343.0,South America
7328,Brazil,BRA,1956,6.083,,64033951.0,South America
7329,Brazil,BRA,1957,6.084,,66031450.0,South America
7330,Brazil,BRA,1958,6.083,,68092105.0,South America
7331,Brazil,BRA,1959,6.077,,70214424.0,South America
7332,Brazil,BRA,1960,6.051,2.34,72388071.0,South America
7333,Brazil,BRA,1961,6.022,,74605393.0,South America
7334,Brazil,BRA,1962,5.984,,76865270.0,South America
7335,Brazil,BRA,1963,5.93,,79164180.0,South America
7336,Brazil,BRA,1964,5.818,,81488546.0,South America
7337,Brazil,BRA,1965,5.677,2.66,83817535.0,South America
7338,Brazil,BRA,1966,5.516,,86139306.0,South America
7339,Brazil,BRA,1967,5.336,,88446075.0,South America
7340,Brazil,BRA,1968,5.165,,90741191.0,South America
7341,Brazil,BRA,1969,5.041,,93045719.0,South America
7342,Brazil,BRA,1970,4.934,3.11,95375606.0,South America
7343,Brazil,BRA,1971,4.838,,97739228.0,South America
7344,Brazil,BRA,1972,4.735,,100146746.0,South America
7345,Brazil,BRA,1973,4.638,,102600924.0,South America
7346,Brazil,BRA,1974,4.502,,105089625.0,South America
7347,Brazil,BRA,1975,4.415,2.78,107619517.0,South America
7348,Brazil,BRA,1976,4.339,,110213306.0,South America
7349,Brazil,BRA,1977,4.267,,112875239.0,South America
7350,Brazil,BRA,1978,4.195,,115600895.0,South America
7351,Brazil,BRA,1979,4.12,,118380770.0,South America
7352,Brazil,BRA,1980,4.037,3.03,121207403.0,South America
7353,Brazil,BRA,1981,3.943,,124063068.0,South America
7354,Brazil,BRA,1982,3.838,,126923109.0,South America
7355,Brazil,BRA,1983,3.723,,129790032.0,South America
7356,Brazil,BRA,1984,3.6,,132658811.0,South America
7357,Brazil,BRA,1985,3.48,4.23,135515541.0,South America
7358,Brazil,BRA,1986,3.361,,138336321.0,South America
7359,Brazil,BRA,1987,3.232,,141104892.0,South America
7360,Brazil,BRA,1988,3.112,,143826311.0,South America
7361,Brazil,BRA,1989,3.007,,146502923.0,South America
7362,Brazil,BRA,1990,2.896,5.14,149143183.0,South America
7363,Brazil,BRA,1991,2.805,,151724204.0,South America
7364,Brazil,BRA,1992,2.71,,154275022.0,South America
7365,Brazil,BRA,1993,2.66,,156794519.0,South America
7366,Brazil,BRA,1994,2.603,,159264962.0,South America
7367,Brazil,BRA,1995,2.567,6.0,161735036.0,South America
7368,Brazil,BRA,1996,2.511,,164202497.0,South America
7369,Brazil,BRA,1997,2.468,,166661609.0,South America
7370,Brazil,BRA,1998,2.418,,169159594.0,South America
7371,Brazil,BRA,1999,2.335,,171641487.0,South America
7372,Brazil,BRA,2000,2.247,6.93,174018229.0,South America
7373,Brazil,BRA,2001,2.162,,176301154.0,South America
7374,Brazil,BRA,2002,2.081,,178503419.0,South America
7375,Brazil,BRA,2003,2.006,,180622646.0,South America
7376,Brazil,BRA,2004,1.973,,182675086.0,South America
7377,Brazil,BRA,2005,1.942,7.81,184688047.0,South America
7378,Brazil,BRA,2006,1.896,,186653053.0,South America
7379,Brazil,BRA,2007,1.854,,188552256.0,South America
7380,Brazil,BRA,2008,1.815,,190367242.0,South America
7381,Brazil,BRA,2009,1.799,,192079912.0,South America
7382,Brazil,BRA,2010,1.786,8.4,193701879.0,South America
7383,Brazil,BRA,2011,1.777,,195284687.0,South America
7384,Brazil,BRA,2012,1.766,,196876061.0,South America
7385,Brazil,BRA,2013,1.761,,198478236.0,South America
7386,Brazil,BRA,2014,1.775,,200085074.0,South America
7387,Brazil,BRA,2015,1.777,7.95,201675482.0,South America
7388,Brazil,BRA,2016,1.727,,203218058.0,South America
7389,Brazil,BRA,2017,1.74,,204703394.0,South America
7390,Brazil,BRA,2018,1.744,,206107217.0,South America
7391,Brazil,BRA,2019,1.705,,207455405.0,South America
7392,Brazil,BRA,2020,1.653,8.31,208660785.0,South America
7588,British Virgin Islands,VGB,1950,5.049,,7346.0,North America
7589,British Virgin Islands,VGB,1951,5.13,,7364.0,North America
7590,British Virgin Islands,VGB,1952,5.202,,7359.0,North America
7591,British Virgin Islands,VGB,1953,5.251,,7369.0,North America
7592,British Virgin Islands,VGB,1954,5.274,,7429.0,North America
7593,British Virgin Islands,VGB,1955,5.303,,7483.0,North America
7594,British Virgin Islands,VGB,1956,5.226,,7512.0,North America
7595,British Virgin Islands,VGB,1957,5.158,,7566.0,North America
7596,British Virgin Islands,VGB,1958,5.063,,7664.0,North America
7597,British Virgin Islands,VGB,1959,4.945,,7788.0,North America
7598,British Virgin Islands,VGB,1960,4.812,,7931.0,North America
7599,British Virgin Islands,VGB,1961,4.667,,8017.0,North America
7600,British Virgin Islands,VGB,1962,4.514,,8052.0,North America
7601,British Virgin Islands,VGB,1963,4.363,,8094.0,North America
7602,British Virgin Islands,VGB,1964,4.194,,8148.0,North America
7603,British Virgin Islands,VGB,1965,4.053,,8246.0,North America
7604,British Virgin Islands,VGB,1966,3.965,,8400.0,North America
7605,British Virgin Islands,VGB,1967,3.912,,8635.0,North America
7606,British Virgin Islands,VGB,1968,3.875,,8972.0,North America
7607,British Virgin Islands,VGB,1969,3.807,,9512.0,North America
7608,British Virgin Islands,VGB,1970,3.739,,9924.0,North America
7609,British Virgin Islands,VGB,1971,3.642,,10083.0,North America
7610,British Virgin Islands,VGB,1972,3.542,,10214.0,North America
7611,British Virgin Islands,VGB,1973,3.428,,10344.0,North America
7612,British Virgin Islands,VGB,1974,3.333,,10477.0,North America
7613,British Virgin Islands,VGB,1975,3.254,,10589.0,North America
7614,British Virgin Islands,VGB,1976,3.2,,10693.0,North America
7615,British Virgin Islands,VGB,1977,3.148,,10782.0,North America
7616,British Virgin Islands,VGB,1978,3.113,,10868.0,North America
7617,British Virgin Islands,VGB,1979,3.066,,10944.0,North America
7618,British Virgin Islands,VGB,1980,2.924,,11108.0,North America
7619,British Virgin Islands,VGB,1981,2.334,,11460.0,North America
7620,British Virgin Islands,VGB,1982,2.269,,11905.0,North America
7621,British Virgin Islands,VGB,1983,2.121,,12341.0,North America
7622,British Virgin Islands,VGB,1984,1.987,,12806.0,North America
7623,British Virgin Islands,VGB,1985,1.919,,13254.0,North America
7624,British Virgin Islands,VGB,1986,1.78,,13697.0,North America
7625,British Virgin Islands,VGB,1987,1.717,,14179.0,North America
7626,British Virgin Islands,VGB,1988,1.711,,14662.0,North America
7627,British Virgin Islands,VGB,1989,1.769,,15160.0,North America
7628,British Virgin Islands,VGB,1990,1.779,,15688.0,North America
7629,British Virgin Islands,VGB,1991,1.843,,16173.0,North America
7630,British Virgin Islands,VGB,1992,1.878,,16579.0,North America
7631,British Virgin Islands,VGB,1993,1.81,,16966.0,North America
7632,British Virgin Islands,VGB,1994,1.659,,17390.0,North America
7633,British Virgin Islands,VGB,1995,1.777,,17820.0,North America
7634,British Virgin Islands,VGB,1996,1.894,,18265.0,North America
7635,British Virgin Islands,VGB,1997,2.009,,18736.0,North America
7636,British Virgin Islands,VGB,1998,1.523,,19224.0,North America
7637,British Virgin Islands,VGB,1999,1.786,,19713.0,North America
7638,British Virgin Islands,VGB,2000,1.839,,20221.0,North America
7639,British Virgin Islands,VGB,2001,1.517,,20770.0,North America
7640,British Virgin Islands,VGB,2002,1.247,,21420.0,North America
7641,British Virgin Islands,VGB,2003,1.309,,22111.0,North America
7642,British Virgin Islands,VGB,2004,1.5,,22860.0,North America
7643,British Virgin Islands,VGB,2005,1.34,,23656.0,North America
7644,British Virgin Islands,VGB,2006,1.234,,24476.0,North America
7645,British Virgin Islands,VGB,2007,1.312,,25339.0,North America
7646,British Virgin Islands,VGB,2008,1.272,,26255.0,North America
7647,British Virgin Islands,VGB,2009,1.23,,27198.0,North America
7648,British Virgin Islands,VGB,2010,1.183,,27645.0,North America
7649,British Virgin Islands,VGB,2011,1.268,,28690.0,North America
7650,British Virgin Islands,VGB,2012,1.103,,30320.0,North America
7651,British Virgin Islands,VGB,2013,1.086,,31678.0,North America
7652,British Virgin Islands,VGB,2014,1.235,,32940.0,North America
7653,British Virgin Islands,VGB,2015,1.186,,34478.0,North America
7654,British Virgin Islands,VGB,2016,0.987,,33866.0,North America
7655,British Virgin Islands,VGB,2017,0.873,,32670.0,North America
7656,British Virgin Islands,VGB,2018,0.905,,34639.0,North America
7657,British Virgin Islands,VGB,2019,0.941,,36368.0,North America
7658,British Virgin Islands,VGB,2020,0.975,,37122.0,North America
7671,Brunei,BRN,1950,6.977,,48277.0,Asia
7672,Brunei,BRN,1951,7.028,,51166.0,Asia
7673,Brunei,BRN,1952,7.1,,54205.0,Asia
7674,Brunei,BRN,1953,7.2,,57538.0,Asia
7675,Brunei,BRN,1954,7.308,,61184.0,Asia
7676,Brunei,BRN,1955,7.397,,65178.0,Asia
7677,Brunei,BRN,1956,7.448,,69519.0,Asia
7678,Brunei,BRN,1957,7.476,,74145.0,Asia
7679,Brunei,BRN,1958,7.475,,78950.0,Asia
7680,Brunei,BRN,1959,7.421,,83811.0,Asia
7681,Brunei,BRN,1960,7.322,,88318.0,Asia
7682,Brunei,BRN,1961,7.185,,92484.0,Asia
7683,Brunei,BRN,1962,7.03,,96694.0,Asia
7684,Brunei,BRN,1963,6.893,,101135.0,Asia
7685,Brunei,BRN,1964,6.773,,105883.0,Asia
7686,Brunei,BRN,1965,6.647,,110812.0,Asia
7687,Brunei,BRN,1966,6.514,,115855.0,Asia
7688,Brunei,BRN,1967,6.372,,120993.0,Asia
7689,Brunei,BRN,1968,6.204,,126191.0,Asia
7690,Brunei,BRN,1969,6.008,,131410.0,Asia
7691,Brunei,BRN,1970,5.801,,135105.0,Asia
7692,Brunei,BRN,1971,5.619,,137874.0,Asia
7693,Brunei,BRN,1972,5.5,,142149.0,Asia
7694,Brunei,BRN,1973,5.355,,147340.0,Asia
7695,Brunei,BRN,1974,5.183,,152612.0,Asia
7696,Brunei,BRN,1975,4.99,,158038.0,Asia
7697,Brunei,BRN,1976,4.784,,163571.0,Asia
7698,Brunei,BRN,1977,4.58,,169233.0,Asia
7699,Brunei,BRN,1978,4.389,,174853.0,Asia
7700,Brunei,BRN,1979,4.216,,180383.0,Asia
7701,Brunei,BRN,1980,4.067,,186074.0,Asia
7702,Brunei,BRN,1981,3.943,,191939.0,Asia
7703,Brunei,BRN,1982,3.841,,198130.0,Asia
7704,Brunei,BRN,1983,3.751,,204710.0,Asia
7705,Brunei,BRN,1984,3.68,,211626.0,Asia
7706,Brunei,BRN,1985,3.612,,218879.0,Asia
7707,Brunei,BRN,1986,3.549,,226453.0,Asia
7708,Brunei,BRN,1987,3.491,,233831.0,Asia
7709,Brunei,BRN,1988,3.435,,240887.0,Asia
7710,Brunei,BRN,1989,3.364,,248029.0,Asia
7711,Brunei,BRN,1990,3.29,,255256.0,Asia
7712,Brunei,BRN,1991,3.206,,262551.0,Asia
7713,Brunei,BRN,1992,3.111,,269798.0,Asia
7714,Brunei,BRN,1993,3.007,,276932.0,Asia
7715,Brunei,BRN,1994,2.901,,284042.0,Asia
7716,Brunei,BRN,1995,2.787,,291159.0,Asia
7717,Brunei,BRN,1996,2.681,,298236.0,Asia
7718,Brunei,BRN,1997,2.6,,305310.0,Asia
7719,Brunei,BRN,1998,2.533,,312357.0,Asia
7720,Brunei,BRN,1999,2.461,,319353.0,Asia
7721,Brunei,BRN,2000,2.398,,326390.0,Asia
7722,Brunei,BRN,2001,2.337,,333313.0,Asia
7723,Brunei,BRN,2002,2.264,,340059.0,Asia
7724,Brunei,BRN,2003,2.185,,346597.0,Asia
7725,Brunei,BRN,2004,2.104,,352872.0,Asia
7726,Brunei,BRN,2005,2.024,,358878.0,Asia
7727,Brunei,BRN,2006,1.969,,364613.0,Asia
7728,Brunei,BRN,2007,1.933,,370837.0,Asia
7729,Brunei,BRN,2008,1.918,,377755.0,Asia
7730,Brunei,BRN,2009,1.921,,384917.0,Asia
7731,Brunei,BRN,2010,1.937,,392284.0,Asia
7732,Brunei,BRN,2011,1.957,,399337.0,Asia
7733,Brunei,BRN,2012,1.973,,405519.0,Asia
7734,Brunei,BRN,2013,1.978,,411153.0,Asia
7735,Brunei,BRN,2014,1.969,,416708.0,Asia
7736,Brunei,BRN,2015,1.947,9.03,422176.0,Asia
7737,Brunei,BRN,2016,1.915,,427520.0,Asia
7738,Brunei,BRN,2017,1.881,,432743.0,Asia
7739,Brunei,BRN,2018,1.848,,437775.0,Asia
7740,Brunei,BRN,2019,1.819,,442636.0,Asia
7741,Brunei,BRN,2020,1.796,9.25,447365.0,Asia
7936,Bulgaria,BGR,1950,2.482,3.46,7248464.0,Europe
7937,Bulgaria,BGR,1951,2.45,,7314387.0,Europe
7938,Bulgaria,BGR,1952,2.442,,7361901.0,Europe
7939,Bulgaria,BGR,1953,2.409,,7415866.0,Europe
7940,Bulgaria,BGR,1954,2.353,,7476218.0,Europe
7941,Bulgaria,BGR,1955,2.37,4.36,7533615.0,Europe
7942,Bulgaria,BGR,1956,2.332,,7587120.0,Europe
7943,Bulgaria,BGR,1957,2.237,,7649500.0,Europe
7944,Bulgaria,BGR,1958,2.207,,7724834.0,Europe
7945,Bulgaria,BGR,1959,2.211,,7794129.0,Europe
7946,Bulgaria,BGR,1960,2.309,4.84,7862886.0,Europe
7947,Bulgaria,BGR,1961,2.283,,7938262.0,Europe
7948,Bulgaria,BGR,1962,2.232,,8008284.0,Europe
7949,Bulgaria,BGR,1963,2.201,,8073685.0,Europe
7950,Bulgaria,BGR,1964,2.175,,8140032.0,Europe
7951,Bulgaria,BGR,1965,2.085,4.45,8202371.0,Europe
7952,Bulgaria,BGR,1966,2.024,,8258735.0,Europe
7953,Bulgaria,BGR,1967,2.032,,8311082.0,Europe
7954,Bulgaria,BGR,1968,2.271,,8370601.0,Europe
7955,Bulgaria,BGR,1969,2.274,,8435228.0,Europe
7956,Bulgaria,BGR,1970,2.179,6.22,8490780.0,Europe
7957,Bulgaria,BGR,1971,2.105,,8538849.0,Europe
7958,Bulgaria,BGR,1972,2.037,,8579861.0,Europe
7959,Bulgaria,BGR,1973,2.153,,8624758.0,Europe
7960,Bulgaria,BGR,1974,2.29,,8682710.0,Europe
7961,Bulgaria,BGR,1975,2.235,7.12,8723102.0,Europe
7962,Bulgaria,BGR,1976,2.246,,8759381.0,Europe
7963,Bulgaria,BGR,1977,2.205,,8804647.0,Europe
7964,Bulgaria,BGR,1978,2.149,,8813691.0,Europe
7965,Bulgaria,BGR,1979,2.15,,8824954.0,Europe
7966,Bulgaria,BGR,1980,2.056,7.91,8859491.0,Europe
7967,Bulgaria,BGR,1981,2.009,,8887751.0,Europe
7968,Bulgaria,BGR,1982,2.014,,8912687.0,Europe
7969,Bulgaria,BGR,1983,2.006,,8933276.0,Europe
7970,Bulgaria,BGR,1984,1.999,,8952560.0,Europe
7971,Bulgaria,BGR,1985,1.967,8.59,8958799.0,Europe
7972,Bulgaria,BGR,1986,2.004,,8963423.0,Europe
7973,Bulgaria,BGR,1987,1.961,,8976164.0,Europe
7974,Bulgaria,BGR,1988,1.969,,8985672.0,Europe
7975,Bulgaria,BGR,1989,1.894,,8936335.0,Europe
7976,Bulgaria,BGR,1990,1.795,8.66,8822320.0,Europe
7977,Bulgaria,BGR,1991,1.647,,8695748.0,Europe
7978,Bulgaria,BGR,1992,1.538,,8559045.0,Europe
7979,Bulgaria,BGR,1993,1.46,,8466479.0,Europe
7980,Bulgaria,BGR,1994,1.371,,8416871.0,Europe
7981,Bulgaria,BGR,1995,1.247,9.36,8357522.0,Europe
7982,Bulgaria,BGR,1996,1.237,,8291353.0,Europe
7983,Bulgaria,BGR,1997,1.113,,8217060.0,Europe
7984,Bulgaria,BGR,1998,1.136,,8138142.0,Europe
7985,Bulgaria,BGR,1999,1.257,,8067415.0,Europe
7986,Bulgaria,BGR,2000,1.29,9.77,8000476.0,Europe
7987,Bulgaria,BGR,2001,1.228,,7928407.0,Europe
7988,Bulgaria,BGR,2002,1.224,,7861901.0,Europe
7989,Bulgaria,BGR,2003,1.254,,7804359.0,Europe
7990,Bulgaria,BGR,2004,1.317,,7749383.0,Europe
7991,Bulgaria,BGR,2005,1.358,10.73,7695001.0,Europe
7992,Bulgaria,BGR,2006,1.431,,7640243.0,Europe
7993,Bulgaria,BGR,2007,1.481,,7586847.0,Europe
7994,Bulgaria,BGR,2008,1.552,,7535541.0,Europe
7995,Bulgaria,BGR,2009,1.642,,7487966.0,Europe
7996,Bulgaria,BGR,2010,1.567,11.17,7437542.0,Europe
7997,Bulgaria,BGR,2011,1.505,,7379973.0,Europe
7998,Bulgaria,BGR,2012,1.5,,7316974.0,Europe
7999,Bulgaria,BGR,2013,1.482,,7264556.0,Europe
8000,Bulgaria,BGR,2014,1.53,,7223406.0,Europe
8001,Bulgaria,BGR,2015,1.528,10.82,7177463.0,Europe
8002,Bulgaria,BGR,2016,1.541,,7127389.0,Europe
8003,Bulgaria,BGR,2017,1.557,,7075586.0,Europe
8004,Bulgaria,BGR,2018,1.558,,7024687.0,Europe
8005,Bulgaria,BGR,2019,1.58,,6975420.0,Europe
8006,Bulgaria,BGR,2020,1.557,10.83,6933606.0,Europe
8201,Burkina Faso,BFA,1950,5.822,,4213108.0,Africa
8202,Burkina Faso,BFA,1951,5.874,,4260351.0,Africa
8203,Burkina Faso,BFA,1952,5.926,,4310303.0,Africa
8204,Burkina Faso,BFA,1953,5.975,,4361277.0,Africa
8205,Burkina Faso,BFA,1954,6.012,,4413832.0,Africa
8206,Burkina Faso,BFA,1955,6.055,,4469018.0,Africa
8207,Burkina Faso,BFA,1956,6.093,,4526612.0,Africa
8208,Burkina Faso,BFA,1957,6.126,,4586528.0,Africa
8209,Burkina Faso,BFA,1958,6.171,,4647242.0,Africa
8210,Burkina Faso,BFA,1959,6.22,,4710807.0,Africa
8211,Burkina Faso,BFA,1960,6.248,,4778595.0,Africa
8212,Burkina Faso,BFA,1961,6.286,,4848178.0,Africa
8213,Burkina Faso,BFA,1962,6.322,,4919631.0,Africa
8214,Burkina Faso,BFA,1963,6.356,,4993581.0,Africa
8215,Burkina Faso,BFA,1964,6.419,,5070996.0,Africa
8216,Burkina Faso,BFA,1965,6.471,,5152786.0,Africa
8217,Burkina Faso,BFA,1966,6.527,,5237897.0,Africa
8218,Burkina Faso,BFA,1967,6.585,,5326306.0,Africa
8219,Burkina Faso,BFA,1968,6.645,,5418597.0,Africa
8220,Burkina Faso,BFA,1969,6.664,,5513127.0,Africa
8221,Burkina Faso,BFA,1970,6.685,,5610258.0,Africa
8222,Burkina Faso,BFA,1971,6.698,,5707949.0,Africa
8223,Burkina Faso,BFA,1972,6.719,,5807189.0,Africa
8224,Burkina Faso,BFA,1973,6.77,,5911880.0,Africa
8225,Burkina Faso,BFA,1974,6.842,,6024853.0,Africa
8226,Burkina Faso,BFA,1975,6.913,,6147532.0,Africa
8227,Burkina Faso,BFA,1976,6.952,,6280595.0,Africa
8228,Burkina Faso,BFA,1977,7.046,,6428699.0,Africa
8229,Burkina Faso,BFA,1978,7.148,,6590940.0,Africa
8230,Burkina Faso,BFA,1979,7.194,,6763855.0,Africa
8231,Burkina Faso,BFA,1980,7.222,,6947854.0,Africa
8232,Burkina Faso,BFA,1981,7.256,,7140221.0,Africa
8233,Burkina Faso,BFA,1982,7.253,,7340153.0,Africa
8234,Burkina Faso,BFA,1983,7.251,,7551091.0,Africa
8235,Burkina Faso,BFA,1984,7.245,,7772217.0,Africa
8236,Burkina Faso,BFA,1985,7.242,,7999886.0,Africa
8237,Burkina Faso,BFA,1986,7.218,,8228800.0,Africa
8238,Burkina Faso,BFA,1987,7.168,,8457062.0,Africa
8239,Burkina Faso,BFA,1988,7.109,,8687396.0,Africa
8240,Burkina Faso,BFA,1989,7.047,,8921126.0,Africa
8241,Burkina Faso,BFA,1990,7.009,,9159313.0,Africa
8242,Burkina Faso,BFA,1991,6.973,,9394584.0,Africa
8243,Burkina Faso,BFA,1992,6.936,,9629232.0,Africa
8244,Burkina Faso,BFA,1993,6.889,,9871666.0,Africa
8245,Burkina Faso,BFA,1994,6.843,,10123754.0,Africa
8246,Burkina Faso,BFA,1995,6.814,,10386684.0,Africa
8247,Burkina Faso,BFA,1996,6.779,,10655892.0,Africa
8248,Burkina Faso,BFA,1997,6.724,,10934171.0,Africa
8249,Burkina Faso,BFA,1998,6.661,,11240624.0,Africa
8250,Burkina Faso,BFA,1999,6.586,,11574884.0,Africa
8251,Burkina Faso,BFA,2000,6.519,,11925495.0,Africa
8252,Burkina Faso,BFA,2001,6.431,,12294946.0,Africa
8253,Burkina Faso,BFA,2002,6.339,,12680857.0,Africa
8254,Burkina Faso,BFA,2003,6.28,,13082483.0,Africa
8255,Burkina Faso,BFA,2004,6.216,,13500483.0,Africa
8256,Burkina Faso,BFA,2005,6.182,,13932081.0,Africa
8257,Burkina Faso,BFA,2006,6.17,,14373659.0,Africa
8258,Burkina Faso,BFA,2007,6.11,,14816271.0,Africa
8259,Burkina Faso,BFA,2008,6.05,,15258045.0,Africa
8260,Burkina Faso,BFA,2009,5.992,,15710025.0,Africa
8261,Burkina Faso,BFA,2010,5.936,,16176456.0,Africa
8262,Burkina Faso,BFA,2011,5.869,,16661858.0,Africa
8263,Burkina Faso,BFA,2012,5.793,,17172238.0,Africa
8264,Burkina Faso,BFA,2013,5.697,,17695371.0,Africa
8265,Burkina Faso,BFA,2014,5.595,,18229421.0,Africa
8266,Burkina Faso,BFA,2015,5.478,,18777451.0,Africa
8267,Burkina Faso,BFA,2016,5.331,,19334810.0,Africa
8268,Burkina Faso,BFA,2017,5.17,,19894368.0,Africa
8269,Burkina Faso,BFA,2018,4.921,,20438245.0,Africa
8270,Burkina Faso,BFA,2019,4.681,,20961910.0,Africa
8271,Burkina Faso,BFA,2020,4.44,,21478640.0,Africa
8462,Burundi,BDI,1950,6.923,,2254890.0,Africa
8463,Burundi,BDI,1951,6.914,,2305699.0,Africa
8464,Burundi,BDI,1952,6.9,,2355757.0,Africa
8465,Burundi,BDI,1953,6.915,,2405140.0,Africa
8466,Burundi,BDI,1954,6.917,,2454549.0,Africa
8467,Burundi,BDI,1955,6.93,,2504608.0,Africa
8468,Burundi,BDI,1956,6.931,,2555264.0,Africa
8469,Burundi,BDI,1957,6.932,,2606432.0,Africa
8470,Burundi,BDI,1958,6.949,,2657371.0,Africa
8471,Burundi,BDI,1959,6.979,,2709559.0,Africa
8472,Burundi,BDI,1960,7.003,,2764222.0,Africa
8473,Burundi,BDI,1961,7.023,,2835076.0,Africa
8474,Burundi,BDI,1962,7.038,,2907897.0,Africa
8475,Burundi,BDI,1963,7.067,,2969792.0,Africa
8476,Burundi,BDI,1964,7.09,,3055606.0,Africa
8477,Burundi,BDI,1965,7.113,,3141333.0,Africa
8478,Burundi,BDI,1966,7.135,,3217915.0,Africa
8479,Burundi,BDI,1967,7.156,,3300648.0,Africa
8480,Burundi,BDI,1968,7.18,,3380341.0,Africa
8481,Burundi,BDI,1969,7.215,,3454554.0,Africa
8482,Burundi,BDI,1970,7.214,,3530381.0,Africa
8483,Burundi,BDI,1971,7.213,,3617254.0,Africa
8484,Burundi,BDI,1972,7.21,,3617088.0,Africa
8485,Burundi,BDI,1973,7.215,,3611941.0,Africa
8486,Burundi,BDI,1974,7.222,,3703557.0,Africa
8487,Burundi,BDI,1975,7.244,,3796571.0,Africa
8488,Burundi,BDI,1976,7.248,,3882574.0,Africa
8489,Burundi,BDI,1977,7.245,,3983534.0,Africa
8490,Burundi,BDI,1978,7.259,,4100295.0,Africa
8491,Burundi,BDI,1979,7.307,,4203483.0,Africa
8492,Burundi,BDI,1980,7.353,,4383663.0,Africa
8493,Burundi,BDI,1981,7.329,,4565964.0,Africa
8494,Burundi,BDI,1982,7.314,,4681348.0,Africa
8495,Burundi,BDI,1983,7.298,,4808486.0,Africa
8496,Burundi,BDI,1984,7.295,,4926441.0,Africa
8497,Burundi,BDI,1985,7.294,,5034001.0,Africa
8498,Burundi,BDI,1986,7.32,,5129377.0,Africa
8499,Burundi,BDI,1987,7.38,,5247755.0,Africa
8500,Burundi,BDI,1988,7.383,,5365292.0,Africa
8501,Burundi,BDI,1989,7.387,,5471650.0,Africa
8502,Burundi,BDI,1990,7.365,,5587010.0,Africa
8503,Burundi,BDI,1991,7.336,,5703814.0,Africa
8504,Burundi,BDI,1992,7.301,,5858357.0,Africa
8505,Burundi,BDI,1993,7.272,,5676803.0,Africa
8506,Burundi,BDI,1994,7.23,,5713811.0,Africa
8507,Burundi,BDI,1995,7.184,,6066272.0,Africa
8508,Burundi,BDI,1996,7.123,,6070462.0,Africa
8509,Burundi,BDI,1997,7.04,,6069992.0,Africa
8510,Burundi,BDI,1998,6.958,,6187073.0,Africa
8511,Burundi,BDI,1999,6.897,,6337100.0,Africa
8512,Burundi,BDI,2000,6.872,,6470151.0,Africa
8513,Burundi,BDI,2001,6.849,,6634321.0,Africa
8514,Burundi,BDI,2002,6.819,,6824086.0,Africa
8515,Burundi,BDI,2003,6.785,,7043104.0,Africa
8516,Burundi,BDI,2004,6.746,,7310604.0,Africa
8517,Burundi,BDI,2005,6.708,,7587267.0,Africa
8518,Burundi,BDI,2006,6.659,,7865501.0,Africa
8519,Burundi,BDI,2007,6.588,,8161832.0,Africa
8520,Burundi,BDI,2008,6.515,,8505591.0,Africa
8521,Burundi,BDI,2009,6.409,,8947608.0,Africa
8522,Burundi,BDI,2010,6.26,,9376393.0,Africa
8523,Burundi,BDI,2011,6.108,,9717923.0,Africa
8524,Burundi,BDI,2012,5.991,,10070981.0,Africa
8525,Burundi,BDI,2013,5.889,,10439290.0,Africa
8526,Burundi,BDI,2014,5.794,,10799746.0,Africa
8527,Burundi,BDI,2015,5.695,3.83,11047534.0,Africa
8528,Burundi,BDI,2016,5.587,,11239416.0,Africa
8529,Burundi,BDI,2017,5.481,,11506721.0,Africa
8530,Burundi,BDI,2018,5.38,,11859386.0,Africa
8531,Burundi,BDI,2019,5.271,,12255290.0,Africa
8532,Burundi,BDI,2020,5.177,4.7,12616994.0,Africa
8727,Cambodia,KHM,1950,6.53,0.12,4375201.0,Asia
8728,Cambodia,KHM,1951,6.514,,4475651.0,Asia
8729,Cambodia,KHM,1952,6.509,,4577905.0,Asia
8730,Cambodia,KHM,1953,6.519,,4680425.0,Asia
8731,Cambodia,KHM,1954,6.516,,4783785.0,Asia
8732,Cambodia,KHM,1955,6.526,0.18,4890335.0,Asia
8733,Cambodia,KHM,1956,6.509,,4999435.0,Asia
8734,Cambodia,KHM,1957,6.481,,5110397.0,Asia
8735,Cambodia,KHM,1958,6.425,,5220794.0,Asia
8736,Cambodia,KHM,1959,6.361,,5332885.0,Asia
8737,Cambodia,KHM,1960,6.313,0.57,5449909.0,Asia
8738,Cambodia,KHM,1961,6.302,,5571127.0,Asia
8739,Cambodia,KHM,1962,6.301,,5697511.0,Asia
8740,Cambodia,KHM,1963,6.292,,5822967.0,Asia
8741,Cambodia,KHM,1964,6.288,,5946139.0,Asia
8742,Cambodia,KHM,1965,6.267,0.75,6072244.0,Asia
8743,Cambodia,KHM,1966,6.237,,6201188.0,Asia
8744,Cambodia,KHM,1967,6.201,,6332895.0,Asia
8745,Cambodia,KHM,1968,6.165,,6467275.0,Asia
8746,Cambodia,KHM,1969,6.124,,6604676.0,Asia
8747,Cambodia,KHM,1970,6.071,1.03,6639139.0,Asia
8748,Cambodia,KHM,1971,6.007,,6620831.0,Asia
8749,Cambodia,KHM,1972,5.943,,6673839.0,Asia
8750,Cambodia,KHM,1973,5.559,,6739691.0,Asia
8751,Cambodia,KHM,1974,4.797,,6783202.0,Asia
8752,Cambodia,KHM,1975,4.103,1.38,6581335.0,Asia
8753,Cambodia,KHM,1976,3.409,,6134946.0,Asia
8754,Cambodia,KHM,1977,2.716,,5668517.0,Asia
8755,Cambodia,KHM,1978,3.338,,5211610.0,Asia
8756,Cambodia,KHM,1979,4.556,,5088766.0,Asia
8757,Cambodia,KHM,1980,5.774,1.72,5199831.0,Asia
8758,Cambodia,KHM,1981,6.042,,5284463.0,Asia
8759,Cambodia,KHM,1982,6.193,,5436392.0,Asia
8760,Cambodia,KHM,1983,6.296,,5636160.0,Asia
8761,Cambodia,KHM,1984,6.338,,5845071.0,Asia
8762,Cambodia,KHM,1985,6.313,1.94,6043723.0,Asia
8763,Cambodia,KHM,1986,6.226,,6285655.0,Asia
8764,Cambodia,KHM,1987,6.097,,6557930.0,Asia
8765,Cambodia,KHM,1988,5.944,,6811959.0,Asia
8766,Cambodia,KHM,1989,5.681,,7073418.0,Asia
8767,Cambodia,KHM,1990,5.642,2.25,7374704.0,Asia
8768,Cambodia,KHM,1991,5.588,,7686811.0,Asia
8769,Cambodia,KHM,1992,5.486,,8113030.0,Asia
8770,Cambodia,KHM,1993,5.433,,8616342.0,Asia
8771,Cambodia,KHM,1994,5.281,,9239109.0,Asia
8772,Cambodia,KHM,1995,5.076,2.49,10018456.0,Asia
8773,Cambodia,KHM,1996,4.867,,10801215.0,Asia
8774,Cambodia,KHM,1997,4.395,,11570940.0,Asia
8775,Cambodia,KHM,1998,4.13,,12058131.0,Asia
8776,Cambodia,KHM,1999,3.933,,12265683.0,Asia
8777,Cambodia,KHM,2000,3.794,2.84,12462304.0,Asia
8778,Cambodia,KHM,2001,3.687,,12658434.0,Asia
8779,Cambodia,KHM,2002,3.57,,12855203.0,Asia
8780,Cambodia,KHM,2003,3.429,,13050916.0,Asia
8781,Cambodia,KHM,2004,3.307,,13244689.0,Asia
8782,Cambodia,KHM,2005,3.238,3.49,13439152.0,Asia
8783,Cambodia,KHM,2006,3.175,,13638973.0,Asia
8784,Cambodia,KHM,2007,3.13,,13841733.0,Asia
8785,Cambodia,KHM,2008,3.048,,14053432.0,Asia
8786,Cambodia,KHM,2009,2.971,,14276762.0,Asia
8787,Cambodia,KHM,2010,2.859,4.22,14500683.0,Asia
8788,Cambodia,KHM,2011,2.782,,14722537.0,Asia
8789,Cambodia,KHM,2012,2.751,,14945041.0,Asia
8790,Cambodia,KHM,2013,2.742,,15170170.0,Asia
8791,Cambodia,KHM,2014,2.734,,15396720.0,Asia
8792,Cambodia,KHM,2015,2.729,4.66,15623205.0,Asia
8793,Cambodia,KHM,2016,2.725,,15852754.0,Asia
8794,Cambodia,KHM,2017,2.719,,16073324.0,Asia
8795,Cambodia,KHM,2018,2.724,,16274473.0,Asia
8796,Cambodia,KHM,2019,2.725,,16481244.0,Asia
8797,Cambodia,KHM,2020,2.699,5.2,16725440.0,Asia
8992,Cameroon,CMR,1950,5.731,0.3,4330036.0,Africa
8993,Cameroon,CMR,1951,5.725,,4395318.0,Africa
8994,Cameroon,CMR,1952,5.736,,4464668.0,Africa
8995,Cameroon,CMR,1953,5.736,,4538402.0,Africa
8996,Cameroon,CMR,1954,5.735,,4616834.0,Africa
8997,Cameroon,CMR,1955,5.737,0.4,4700213.0,Africa
8998,Cameroon,CMR,1956,5.73,,4788296.0,Africa
8999,Cameroon,CMR,1957,5.723,,4878888.0,Africa
9000,Cameroon,CMR,1958,5.729,,4972164.0,Africa
9001,Cameroon,CMR,1959,5.73,,5070034.0,Africa
9002,Cameroon,CMR,1960,5.725,0.5,5159005.0,Africa
9003,Cameroon,CMR,1961,5.732,,5239226.0,Africa
9004,Cameroon,CMR,1962,5.729,,5338565.0,Africa
9005,Cameroon,CMR,1963,5.731,,5456565.0,Africa
9006,Cameroon,CMR,1964,5.739,,5578210.0,Africa
9007,Cameroon,CMR,1965,5.796,0.77,5704631.0,Africa
9008,Cameroon,CMR,1966,5.854,,5837267.0,Africa
9009,Cameroon,CMR,1967,5.951,,5977266.0,Africa
9010,Cameroon,CMR,1968,6.043,,6125807.0,Africa
9011,Cameroon,CMR,1969,6.144,,6283419.0,Africa
9012,Cameroon,CMR,1970,6.197,1.1,6449753.0,Africa
9013,Cameroon,CMR,1971,6.259,,6624365.0,Africa
9014,Cameroon,CMR,1972,6.293,,6806820.0,Africa
9015,Cameroon,CMR,1973,6.326,,6996620.0,Africa
9016,Cameroon,CMR,1974,6.361,,7193543.0,Africa
9017,Cameroon,CMR,1975,6.401,1.72,7397077.0,Africa
9018,Cameroon,CMR,1976,6.447,,7597909.0,Africa
9019,Cameroon,CMR,1977,6.508,,7796458.0,Africa
9020,Cameroon,CMR,1978,6.545,,8011865.0,Africa
9021,Cameroon,CMR,1979,6.581,,8239592.0,Africa
9022,Cameroon,CMR,1980,6.613,2.37,8512159.0,Africa
9023,Cameroon,CMR,1981,6.61,,8816322.0,Africa
9024,Cameroon,CMR,1982,6.594,,9028626.0,Africa
9025,Cameroon,CMR,1983,6.575,,9215332.0,Africa
9026,Cameroon,CMR,1984,6.563,,9475036.0,Africa
9027,Cameroon,CMR,1985,6.564,3.08,9761674.0,Africa
9028,Cameroon,CMR,1986,6.572,,10060303.0,Africa
9029,Cameroon,CMR,1987,6.538,,10370699.0,Africa
9030,Cameroon,CMR,1988,6.481,,10684921.0,Africa
9031,Cameroon,CMR,1989,6.414,,11002700.0,Africa
9032,Cameroon,CMR,1990,6.362,3.82,11331770.0,Africa
9033,Cameroon,CMR,1991,6.324,,11667134.0,Africa
9034,Cameroon,CMR,1992,6.256,,12006318.0,Africa
9035,Cameroon,CMR,1993,6.155,,12353076.0,Africa
9036,Cameroon,CMR,1994,6.043,,12704854.0,Africa
9037,Cameroon,CMR,1995,5.919,4.49,13058470.0,Africa
9038,Cameroon,CMR,1996,5.795,,13414719.0,Africa
9039,Cameroon,CMR,1997,5.706,,13775169.0,Africa
9040,Cameroon,CMR,1998,5.656,,14144808.0,Africa
9041,Cameroon,CMR,1999,5.604,,14525091.0,Africa
9042,Cameroon,CMR,2000,5.514,5.02,14912588.0,Africa
9043,Cameroon,CMR,2001,5.441,,15309439.0,Africa
9044,Cameroon,CMR,2002,5.435,,15725487.0,Africa
9045,Cameroon,CMR,2003,5.432,,16160301.0,Africa
9046,Cameroon,CMR,2004,5.436,,16610427.0,Africa
9047,Cameroon,CMR,2005,5.421,5.42,17074551.0,Africa
9048,Cameroon,CMR,2006,5.369,,17550365.0,Africa
9049,Cameroon,CMR,2007,5.343,,18049854.0,Africa
9050,Cameroon,CMR,2008,5.294,,18574008.0,Africa
9051,Cameroon,CMR,2009,5.236,,19113922.0,Africa
9052,Cameroon,CMR,2010,5.154,5.96,19668016.0,Africa
9053,Cameroon,CMR,2011,5.052,,20232269.0,Africa
9054,Cameroon,CMR,2012,4.982,,20809477.0,Africa
9055,Cameroon,CMR,2013,4.905,,21402330.0,Africa
9056,Cameroon,CMR,2014,4.844,,22059848.0,Africa
9057,Cameroon,CMR,2015,4.841,6.54,22763375.0,Africa
9058,Cameroon,CMR,2016,4.842,,23454117.0,Africa
9059,Cameroon,CMR,2017,4.804,,24128563.0,Africa
9060,Cameroon,CMR,2018,4.74,,24806341.0,Africa
9061,Cameroon,CMR,2019,4.651,,25506047.0,Africa
9062,Cameroon,CMR,2020,4.557,6.93,26210514.0,Africa
9257,Canada,CAN,1950,3.374,7.99,13741686.0,North America
9258,Canada,CAN,1951,3.421,,14083250.0,North America
9259,Canada,CAN,1952,3.559,,14482744.0,North America
9260,Canada,CAN,1953,3.637,,14897828.0,North America
9261,Canada,CAN,1954,3.743,,15318941.0,North America
9262,Canada,CAN,1955,3.746,8.28,15728228.0,North America
9263,Canada,CAN,1956,3.771,,16159573.0,North America
9264,Canada,CAN,1957,3.848,,16641283.0,North America
9265,Canada,CAN,1958,3.814,,17104033.0,North America
9266,Canada,CAN,1959,3.855,,17515473.0,North America
9267,Canada,CAN,1960,3.82,8.64,17898743.0,North America
9268,Canada,CAN,1961,3.761,,18263022.0,North America
9269,Canada,CAN,1962,3.678,,18613545.0,North America
9270,Canada,CAN,1963,3.588,,18964204.0,North America
9271,Canada,CAN,1964,3.424,,19321627.0,North America
9272,Canada,CAN,1965,3.075,8.81,19685472.0,North America
9273,Canada,CAN,1966,2.752,,20053620.0,North America
9274,Canada,CAN,1967,2.541,,20408732.0,North America
9275,Canada,CAN,1968,2.408,,20734119.0,North America
9276,Canada,CAN,1969,2.356,,21037563.0,North America
9277,Canada,CAN,1970,2.267,9.36,21439963.0,North America
9278,Canada,CAN,1971,2.101,,21895650.0,North America
9279,Canada,CAN,1972,1.937,,22230830.0,North America
9280,Canada,CAN,1973,1.849,,22512184.0,North America
9281,Canada,CAN,1974,1.806,,22824046.0,North America
9282,Canada,CAN,1975,1.799,9.87,23148920.0,North America
9283,Canada,CAN,1976,1.754,,23455739.0,North America
9284,Canada,CAN,1977,1.725,,23730289.0,North America
9285,Canada,CAN,1978,1.68,,23978689.0,North America
9286,Canada,CAN,1979,1.673,,24237129.0,North America
9287,Canada,CAN,1980,1.658,10.26,24533733.0,North America
9288,Canada,CAN,1981,1.632,,24844926.0,North America
9289,Canada,CAN,1982,1.619,,25140108.0,North America
9290,Canada,CAN,1983,1.607,,25412558.0,North America
9291,Canada,CAN,1984,1.609,,25670330.0,North America
9292,Canada,CAN,1985,1.594,10.16,25927419.0,North America
9293,Canada,CAN,1986,1.576,,26210985.0,North America
9294,Canada,CAN,1987,1.563,,26540862.0,North America
9295,Canada,CAN,1988,1.587,,26927889.0,North America
9296,Canada,CAN,1989,1.643,,27365995.0,North America
9297,Canada,CAN,1990,1.696,10.68,27789386.0,North America
9298,Canada,CAN,1991,1.723,,28157104.0,North America
9299,Canada,CAN,1992,1.719,,28500013.0,North America
9300,Canada,CAN,1993,1.693,,28830582.0,North America
9301,Canada,CAN,1994,1.693,,29147326.0,North America
9302,Canada,CAN,1995,1.674,11.11,29459088.0,North America
9303,Canada,CAN,1996,1.63,,29767159.0,North America
9304,Canada,CAN,1997,1.569,,30059030.0,North America
9305,Canada,CAN,1998,1.553,,30329929.0,North America
9306,Canada,CAN,1999,1.541,,30599404.0,North America
9307,Canada,CAN,2000,1.51,11.44,30891756.0,North America
9308,Canada,CAN,2001,1.531,,31213533.0,North America
9309,Canada,CAN,2002,1.513,,31535531.0,North America
9310,Canada,CAN,2003,1.535,,31836434.0,North America
9311,Canada,CAN,2004,1.545,,32132620.0,North America
9312,Canada,CAN,2005,1.566,12.64,32440126.0,North America
9313,Canada,CAN,2006,1.612,,32759122.0,North America
9314,Canada,CAN,2007,1.656,,33092121.0,North America
9315,Canada,CAN,2008,1.684,,33449040.0,North America
9316,Canada,CAN,2009,1.675,,33826322.0,North America
9317,Canada,CAN,2010,1.642,12.91,34196847.0,North America
9318,Canada,CAN,2011,1.627,,34555403.0,North America
9319,Canada,CAN,2012,1.627,,34922466.0,North America
9320,Canada,CAN,2013,1.612,,35293366.0,North America
9321,Canada,CAN,2014,1.614,,35634224.0,North America
9322,Canada,CAN,2015,1.601,13.04,35962183.0,North America
9323,Canada,CAN,2016,1.59,,36353292.0,North America
9324,Canada,CAN,2017,1.548,,36808448.0,North America
9325,Canada,CAN,2018,1.51,,37294942.0,North America
9326,Canada,CAN,2019,1.476,,37782884.0,North America
9327,Canada,CAN,2020,1.413,13.18,38171851.0,North America
9522,Cape Verde,CPV,1950,6.497,,184939.0,Africa
9523,Cape Verde,CPV,1951,6.513,,187160.0,Africa
9524,Cape Verde,CPV,1952,6.546,,189398.0,Africa
9525,Cape Verde,CPV,1953,6.582,,191516.0,Africa
9526,Cape Verde,CPV,1954,6.621,,193521.0,Africa
9527,Cape Verde,CPV,1955,6.662,,195573.0,Africa
9528,Cape Verde,CPV,1956,6.706,,197805.0,Africa
9529,Cape Verde,CPV,1957,6.751,,200252.0,Africa
9530,Cape Verde,CPV,1958,6.797,,203058.0,Africa
9531,Cape Verde,CPV,1959,6.842,,206314.0,Africa
9532,Cape Verde,CPV,1960,6.885,,209985.0,Africa
9533,Cape Verde,CPV,1961,6.922,,215046.0,Africa
9534,Cape Verde,CPV,1962,6.953,,221885.0,Africa
9535,Cape Verde,CPV,1963,6.976,,229330.0,Africa
9536,Cape Verde,CPV,1964,6.989,,236972.0,Africa
9537,Cape Verde,CPV,1965,6.993,,244820.0,Africa
9538,Cape Verde,CPV,1966,6.99,,252942.0,Africa
9539,Cape Verde,CPV,1967,6.982,,261356.0,Africa
9540,Cape Verde,CPV,1968,6.97,,270120.0,Africa
9541,Cape Verde,CPV,1969,6.954,,279206.0,Africa
9542,Cape Verde,CPV,1970,6.935,,287849.0,Africa
9543,Cape Verde,CPV,1971,6.913,,294007.0,Africa
9544,Cape Verde,CPV,1972,6.887,,297339.0,Africa
9545,Cape Verde,CPV,1973,6.855,,299834.0,Africa
9546,Cape Verde,CPV,1974,6.818,,302519.0,Africa
9547,Cape Verde,CPV,1975,6.771,,305810.0,Africa
9548,Cape Verde,CPV,1976,6.714,,309415.0,Africa
9549,Cape Verde,CPV,1977,6.645,,312797.0,Africa
9550,Cape Verde,CPV,1978,6.564,,316116.0,Africa
9551,Cape Verde,CPV,1979,6.473,,319439.0,Africa
9552,Cape Verde,CPV,1980,6.375,,323263.0,Africa
9553,Cape Verde,CPV,1981,6.273,,327819.0,Africa
9554,Cape Verde,CPV,1982,6.17,,332688.0,Africa
9555,Cape Verde,CPV,1983,6.068,,337618.0,Africa
9556,Cape Verde,CPV,1984,5.97,,342461.0,Africa
9557,Cape Verde,CPV,1985,5.921,,347325.0,Africa
9558,Cape Verde,CPV,1986,5.81,,352263.0,Africa
9559,Cape Verde,CPV,1987,5.681,,357260.0,Africa
9560,Cape Verde,CPV,1988,5.552,,362289.0,Africa
9561,Cape Verde,CPV,1989,5.452,,367762.0,Africa
9562,Cape Verde,CPV,1990,5.36,,375391.0,Africa
9563,Cape Verde,CPV,1991,5.262,,384554.0,Africa
9564,Cape Verde,CPV,1992,5.123,,393380.0,Africa
9565,Cape Verde,CPV,1993,4.953,,401932.0,Africa
9566,Cape Verde,CPV,1994,4.723,,410184.0,Africa
9567,Cape Verde,CPV,1995,4.494,,418067.0,Africa
9568,Cape Verde,CPV,1996,4.257,,425543.0,Africa
9569,Cape Verde,CPV,1997,4.052,,432753.0,Africa
9570,Cape Verde,CPV,1998,3.898,,439741.0,Africa
9571,Cape Verde,CPV,1999,3.727,,446481.0,Africa
9572,Cape Verde,CPV,2000,3.545,,453286.0,Africa
9573,Cape Verde,CPV,2001,3.366,,460258.0,Africa
9574,Cape Verde,CPV,2002,3.192,,467011.0,Africa
9575,Cape Verde,CPV,2003,3.033,,473337.0,Africa
9576,Cape Verde,CPV,2004,2.9,,479332.0,Africa
9577,Cape Verde,CPV,2005,2.726,,485079.0,Africa
9578,Cape Verde,CPV,2006,2.555,,490681.0,Africa
9579,Cape Verde,CPV,2007,2.409,,496149.0,Africa
9580,Cape Verde,CPV,2008,2.298,,501314.0,Africa
9581,Cape Verde,CPV,2009,2.246,,506094.0,Africa
9582,Cape Verde,CPV,2010,2.329,,509751.0,Africa
9583,Cape Verde,CPV,2011,2.329,,511404.0,Africa
9584,Cape Verde,CPV,2012,2.153,,511919.0,Africa
9585,Cape Verde,CPV,2013,2.067,,512183.0,Africa
9586,Cape Verde,CPV,2014,2.031,,512281.0,Africa
9587,Cape Verde,CPV,2015,1.968,,512355.0,Africa
9588,Cape Verde,CPV,2016,1.966,,512509.0,Africa
9589,Cape Verde,CPV,2017,1.93,,512848.0,Africa
9590,Cape Verde,CPV,2018,1.804,,513363.0,Africa
9591,Cape Verde,CPV,2019,1.698,,514068.0,Africa
9592,Cape Verde,CPV,2020,1.591,,514632.0,Africa
9757,Cayman Islands,CYM,1950,4.381,,6978.0,North America
9758,Cayman Islands,CYM,1951,4.46,,7120.0,North America
9759,Cayman Islands,CYM,1952,4.542,,7240.0,North America
9760,Cayman Islands,CYM,1953,4.643,,7388.0,North America
9761,Cayman Islands,CYM,1954,4.606,,7538.0,North America
9762,Cayman Islands,CYM,1955,4.529,,7677.0,North America
9763,Cayman Islands,CYM,1956,4.486,,7827.0,North America
9764,Cayman Islands,CYM,1957,4.461,,7976.0,North America
9765,Cayman Islands,CYM,1958,4.435,,8118.0,North America
9766,Cayman Islands,CYM,1959,4.619,,8254.0,North America
9767,Cayman Islands,CYM,1960,4.713,,8411.0,North America
9768,Cayman Islands,CYM,1961,4.781,,8578.0,North America
9769,Cayman Islands,CYM,1962,4.793,,8762.0,North America
9770,Cayman Islands,CYM,1963,4.686,,8949.0,North America
9771,Cayman Islands,CYM,1964,4.411,,9144.0,North America
9772,Cayman Islands,CYM,1965,4.159,,9337.0,North America
9773,Cayman Islands,CYM,1966,4.078,,9549.0,North America
9774,Cayman Islands,CYM,1967,4.045,,9746.0,North America
9775,Cayman Islands,CYM,1968,3.992,,9946.0,North America
9776,Cayman Islands,CYM,1969,3.522,,10140.0,North America
9777,Cayman Islands,CYM,1970,4.662,,10499.0,North America
9778,Cayman Islands,CYM,1971,3.465,,11074.0,North America
9779,Cayman Islands,CYM,1972,4.887,,11736.0,North America
9780,Cayman Islands,CYM,1973,3.562,,12411.0,North America
9781,Cayman Islands,CYM,1974,2.958,,13089.0,North America
9782,Cayman Islands,CYM,1975,2.715,,13775.0,North America
9783,Cayman Islands,CYM,1976,2.529,,14435.0,North America
9784,Cayman Islands,CYM,1977,2.413,,15076.0,North America
9785,Cayman Islands,CYM,1978,2.366,,15695.0,North America
9786,Cayman Islands,CYM,1979,2.368,,16326.0,North America
9787,Cayman Islands,CYM,1980,2.405,,17047.0,North America
9788,Cayman Islands,CYM,1981,2.384,,17879.0,North America
9789,Cayman Islands,CYM,1982,2.008,,18731.0,North America
9790,Cayman Islands,CYM,1983,1.832,,19577.0,North America
9791,Cayman Islands,CYM,1984,1.79,,20443.0,North America
9792,Cayman Islands,CYM,1985,1.752,,21308.0,North America
9793,Cayman Islands,CYM,1986,1.691,,22179.0,North America
9794,Cayman Islands,CYM,1987,1.582,,23047.0,North America
9795,Cayman Islands,CYM,1988,1.63,,23918.0,North America
9796,Cayman Islands,CYM,1989,1.755,,24859.0,North America
9797,Cayman Islands,CYM,1990,1.783,,25973.0,North America
9798,Cayman Islands,CYM,1991,1.846,,27267.0,North America
9799,Cayman Islands,CYM,1992,1.726,,28587.0,North America
9800,Cayman Islands,CYM,1993,1.669,,29956.0,North America
9801,Cayman Islands,CYM,1994,1.66,,31339.0,North America
9802,Cayman Islands,CYM,1995,1.674,,32726.0,North America
9803,Cayman Islands,CYM,1996,1.691,,34122.0,North America
9804,Cayman Islands,CYM,1997,1.701,,35525.0,North America
9805,Cayman Islands,CYM,1998,1.702,,36903.0,North America
9806,Cayman Islands,CYM,1999,1.708,,38262.0,North America
9807,Cayman Islands,CYM,2000,1.707,,39656.0,North America
9808,Cayman Islands,CYM,2001,1.697,,41067.0,North America
9809,Cayman Islands,CYM,2002,1.681,,42485.0,North America
9810,Cayman Islands,CYM,2003,1.672,,43908.0,North America
9811,Cayman Islands,CYM,2004,1.671,,45320.0,North America
9812,Cayman Islands,CYM,2005,1.665,,46765.0,North America
9813,Cayman Islands,CYM,2006,1.665,,48203.0,North America
9814,Cayman Islands,CYM,2007,1.681,,49670.0,North America
9815,Cayman Islands,CYM,2008,1.703,,51131.0,North America
9816,Cayman Islands,CYM,2009,1.723,,52603.0,North America
9817,Cayman Islands,CYM,2010,1.694,,54069.0,North America
9818,Cayman Islands,CYM,2011,1.637,,55579.0,North America
9819,Cayman Islands,CYM,2012,1.531,,57107.0,North America
9820,Cayman Islands,CYM,2013,1.445,,58630.0,North America
9821,Cayman Islands,CYM,2014,1.334,,60131.0,North America
9822,Cayman Islands,CYM,2015,1.269,,61612.0,North America
9823,Cayman Islands,CYM,2016,1.231,,63078.0,North America
9824,Cayman Islands,CYM,2017,1.222,,64518.0,North America
9825,Cayman Islands,CYM,2018,1.277,,65910.0,North America
9826,Cayman Islands,CYM,2019,1.508,,67304.0,North America
9827,Cayman Islands,CYM,2020,1.554,,68656.0,North America
9837,Central African Republic,CAF,1950,5.93,,1438018.0,Africa
9838,Central African Republic,CAF,1951,5.928,,1461210.0,Africa
9839,Central African Republic,CAF,1952,5.928,,1484777.0,Africa
9840,Central African Republic,CAF,1953,5.919,,1508907.0,Africa
9841,Central African Republic,CAF,1954,5.92,,1533718.0,Africa
9842,Central African Republic,CAF,1955,5.915,,1559326.0,Africa
9843,Central African Republic,CAF,1956,5.926,,1585800.0,Africa
9844,Central African Republic,CAF,1957,5.927,,1613233.0,Africa
9845,Central African Republic,CAF,1958,5.929,,1641622.0,Africa
9846,Central African Republic,CAF,1959,5.939,,1671289.0,Africa
9847,Central African Republic,CAF,1960,5.948,,1702307.0,Africa
9848,Central African Republic,CAF,1961,5.958,,1734534.0,Africa
9849,Central African Republic,CAF,1962,5.97,,1768073.0,Africa
9850,Central African Republic,CAF,1963,5.985,,1803022.0,Africa
9851,Central African Republic,CAF,1964,6.005,,1839541.0,Africa
9852,Central African Republic,CAF,1965,6.028,,1877805.0,Africa
9853,Central African Republic,CAF,1966,6.057,,1918043.0,Africa
9854,Central African Republic,CAF,1967,6.076,,1960401.0,Africa
9855,Central African Republic,CAF,1968,6.101,,2005058.0,Africa
9856,Central African Republic,CAF,1969,6.063,,2051472.0,Africa
9857,Central African Republic,CAF,1970,6.027,,2097467.0,Africa
9858,Central African Republic,CAF,1971,5.993,,2141413.0,Africa
9859,Central African Republic,CAF,1972,5.959,,2183732.0,Africa
9860,Central African Republic,CAF,1973,5.925,,2225953.0,Africa
9861,Central African Republic,CAF,1974,5.899,,2269300.0,Africa
9862,Central African Republic,CAF,1975,5.877,,2313873.0,Africa
9863,Central African Republic,CAF,1976,5.936,,2348523.0,Africa
9864,Central African Republic,CAF,1977,5.986,,2372890.0,Africa
9865,Central African Republic,CAF,1978,6.039,,2397910.0,Africa
9866,Central African Republic,CAF,1979,6.09,,2423744.0,Africa
9867,Central African Republic,CAF,1980,6.13,,2450485.0,Africa
9868,Central African Republic,CAF,1981,6.167,,2478369.0,Africa
9869,Central African Republic,CAF,1982,6.16,,2507321.0,Africa
9870,Central African Republic,CAF,1983,6.151,,2537365.0,Africa
9871,Central African Republic,CAF,1984,6.138,,2568562.0,Africa
9872,Central African Republic,CAF,1985,6.119,,2600894.0,Africa
9873,Central African Republic,CAF,1986,6.106,,2634204.0,Africa
9874,Central African Republic,CAF,1987,6.12,,2669098.0,Africa
9875,Central African Republic,CAF,1988,6.098,,2713912.0,Africa
9876,Central African Republic,CAF,1989,6.073,,2783930.0,Africa
9877,Central African Republic,CAF,1990,6.049,,2871873.0,Africa
9878,Central African Republic,CAF,1991,6.03,,2963149.0,Africa
9879,Central African Republic,CAF,1992,5.964,,3058793.0,Africa
9880,Central African Republic,CAF,1993,5.926,,3157792.0,Africa
9881,Central African Republic,CAF,1994,5.919,,3257896.0,Africa
9882,Central African Republic,CAF,1995,5.943,,3348007.0,Africa
9883,Central African Republic,CAF,1996,5.963,,3435931.0,Africa
9884,Central African Republic,CAF,1997,5.924,,3531649.0,Africa
9885,Central African Republic,CAF,1998,5.889,,3628796.0,Africa
9886,Central African Republic,CAF,1999,5.875,,3729400.0,Africa
9887,Central African Republic,CAF,2000,5.851,,3833380.0,Africa
9888,Central African Republic,CAF,2001,5.807,,3919444.0,Africa
9889,Central African Republic,CAF,2002,5.785,,4006035.0,Africa
9890,Central African Republic,CAF,2003,5.799,,4103038.0,Africa
9891,Central African Republic,CAF,2004,5.784,,4192786.0,Africa
9892,Central African Republic,CAF,2005,5.812,,4288762.0,Africa
9893,Central African Republic,CAF,2006,5.84,,4377527.0,Africa
9894,Central African Republic,CAF,2007,5.867,,4462730.0,Africa
9895,Central African Republic,CAF,2008,5.902,,4558941.0,Africa
9896,Central African Republic,CAF,2009,5.936,,4529009.0,Africa
9897,Central African Republic,CAF,2010,5.963,,4492954.0,Africa
9898,Central African Republic,CAF,2011,6.009,,4564986.0,Africa
9899,Central African Republic,CAF,2012,6.047,,4610805.0,Africa
9900,Central African Republic,CAF,2013,6.075,,4642385.0,Africa
9901,Central African Republic,CAF,2014,6.099,,4623146.0,Africa
9902,Central African Republic,CAF,2015,6.126,3.11,4629279.0,Africa
9903,Central African Republic,CAF,2016,6.126,,4713609.0,Africa
9904,Central African Republic,CAF,2017,6.127,,4793464.0,Africa
9905,Central African Republic,CAF,2018,6.108,,4878612.0,Africa
9906,Central African Republic,CAF,2019,6.09,,4944659.0,Africa
9907,Central African Republic,CAF,2020,6.059,3.61,5026583.0,Africa
10102,Chad,TCD,1950,6.062,,2525413.0,Africa
10103,Chad,TCD,1951,6.071,,2570368.0,Africa
10104,Chad,TCD,1952,6.09,,2616253.0,Africa
10105,Chad,TCD,1953,6.109,,2663733.0,Africa
10106,Chad,TCD,1954,6.129,,2712954.0,Africa
10107,Chad,TCD,1955,6.149,,2764201.0,Africa
10108,Chad,TCD,1956,6.169,,2817613.0,Africa
10109,Chad,TCD,1957,6.19,,2873051.0,Africa
10110,Chad,TCD,1958,6.21,,2930323.0,Africa
10111,Chad,TCD,1959,6.23,,2989277.0,Africa
10112,Chad,TCD,1960,6.25,,3049786.0,Africa
10113,Chad,TCD,1961,6.268,,3111912.0,Africa
10114,Chad,TCD,1962,6.285,,3175551.0,Africa
10115,Chad,TCD,1963,6.301,,3240864.0,Africa
10116,Chad,TCD,1964,6.318,,3307441.0,Africa
10117,Chad,TCD,1965,6.337,,3374170.0,Africa
10118,Chad,TCD,1966,6.362,,3440856.0,Africa
10119,Chad,TCD,1967,6.393,,3508474.0,Africa
10120,Chad,TCD,1968,6.432,,3578183.0,Africa
10121,Chad,TCD,1969,6.477,,3651069.0,Africa
10122,Chad,TCD,1970,6.528,,3727795.0,Africa
10123,Chad,TCD,1971,6.582,,3807281.0,Africa
10124,Chad,TCD,1972,6.85,,3893204.0,Africa
10125,Chad,TCD,1973,6.869,,3985865.0,Africa
10126,Chad,TCD,1974,6.864,,4078317.0,Africa
10127,Chad,TCD,1975,6.876,,4167183.0,Africa
10128,Chad,TCD,1976,6.893,,4251245.0,Africa
10129,Chad,TCD,1977,6.896,,4331614.0,Africa
10130,Chad,TCD,1978,6.891,,4411325.0,Africa
10131,Chad,TCD,1979,6.905,,4505343.0,Africa
10132,Chad,TCD,1980,6.908,,4515416.0,Africa
10133,Chad,TCD,1981,6.942,,4520919.0,Africa
10134,Chad,TCD,1982,6.961,,4738432.0,Africa
10135,Chad,TCD,1983,6.979,,4979076.0,Africa
10136,Chad,TCD,1984,7.015,,5045104.0,Africa
10137,Chad,TCD,1985,7.037,,5096226.0,Africa
10138,Chad,TCD,1986,7.067,,5251031.0,Africa
10139,Chad,TCD,1987,7.105,,5438268.0,Africa
10140,Chad,TCD,1988,7.154,,5625553.0,Africa
10141,Chad,TCD,1989,7.186,,5819543.0,Africa
10142,Chad,TCD,1990,7.219,,5982793.0,Africa
10143,Chad,TCD,1991,7.261,,6205631.0,Africa
10144,Chad,TCD,1992,7.296,,6474612.0,Africa
10145,Chad,TCD,1993,7.337,,6629100.0,Africa
10146,Chad,TCD,1994,7.31,,6783407.0,Africa
10147,Chad,TCD,1995,7.29,,7089011.0,Africa
10148,Chad,TCD,1996,7.292,,7410061.0,Africa
10149,Chad,TCD,1997,7.274,,7670327.0,Africa
10150,Chad,TCD,1998,7.266,,7938791.0,Africa
10151,Chad,TCD,1999,7.262,,8222655.0,Africa
10152,Chad,TCD,2000,7.249,,8512037.0,Africa
10153,Chad,TCD,2001,7.231,,8804068.0,Africa
10154,Chad,TCD,2002,7.201,,9116146.0,Africa
10155,Chad,TCD,2003,7.179,,9487772.0,Africa
10156,Chad,TCD,2004,7.16,,9919974.0,Africa
10157,Chad,TCD,2005,7.134,,10328047.0,Africa
10158,Chad,TCD,2006,7.118,,10706385.0,Africa
10159,Chad,TCD,2007,7.092,,11081609.0,Africa
10160,Chad,TCD,2008,7.063,,11476247.0,Africa
10161,Chad,TCD,2009,7.021,,11893711.0,Africa
10162,Chad,TCD,2010,6.99,,12312535.0,Africa
10163,Chad,TCD,2011,6.948,,12754948.0,Africa
10164,Chad,TCD,2012,6.905,,13210954.0,Africa
10165,Chad,TCD,2013,6.839,,13691034.0,Africa
10166,Chad,TCD,2014,6.781,,14188639.0,Africa
10167,Chad,TCD,2015,6.706,,14647574.0,Africa
10168,Chad,TCD,2016,6.623,,15114606.0,Africa
10169,Chad,TCD,2017,6.537,,15622715.0,Africa
10170,Chad,TCD,2018,6.464,,16156480.0,Africa
10171,Chad,TCD,2019,6.412,,16685179.0,Africa
10172,Chad,TCD,2020,6.346,,17224636.0,Africa
10363,Chile,CHL,1950,4.836,4.76,6628527.0,South America
10364,Chile,CHL,1951,4.803,,6756618.0,South America
10365,Chile,CHL,1952,4.78,,6891938.0,South America
10366,Chile,CHL,1953,4.786,,7033491.0,South America
10367,Chile,CHL,1954,4.77,,7180520.0,South America
10368,Chile,CHL,1955,4.777,4.89,7332262.0,South America
10369,Chile,CHL,1956,4.795,,7489485.0,South America
10370,Chile,CHL,1957,4.774,,7651256.0,South America
10371,Chile,CHL,1958,4.753,,7815946.0,South America
10372,Chile,CHL,1959,4.728,,7983376.0,South America
10373,Chile,CHL,1960,4.697,5.09,8153307.0,South America
10374,Chile,CHL,1961,4.655,,8324760.0,South America
10375,Chile,CHL,1962,4.602,,8497007.0,South America
10376,Chile,CHL,1963,4.536,,8670098.0,South America
10377,Chile,CHL,1964,4.457,,8842487.0,South America
10378,Chile,CHL,1965,4.364,5.56,9012896.0,South America
10379,Chile,CHL,1966,4.259,,9181680.0,South America
10380,Chile,CHL,1967,4.144,,9348888.0,South America
10381,Chile,CHL,1968,4.025,,9514669.0,South America
10382,Chile,CHL,1969,3.902,,9680240.0,South America
10383,Chile,CHL,1970,3.778,6.04,9845299.0,South America
10384,Chile,CHL,1971,3.654,,10009653.0,South America
10385,Chile,CHL,1972,3.53,,10174627.0,South America
10386,Chile,CHL,1973,3.409,,10340329.0,South America
10387,Chile,CHL,1974,3.293,,10505769.0,South America
10388,Chile,CHL,1975,3.182,6.6,10671519.0,South America
10389,Chile,CHL,1976,3.078,,10838208.0,South America
10390,Chile,CHL,1977,2.981,,11005479.0,South America
10391,Chile,CHL,1978,2.892,,11172644.0,South America
10392,Chile,CHL,1979,2.812,,11339723.0,South America
10393,Chile,CHL,1980,2.744,7.07,11508504.0,South America
10394,Chile,CHL,1981,2.689,,11678670.0,South America
10395,Chile,CHL,1982,2.648,,11850159.0,South America
10396,Chile,CHL,1983,2.619,,12026098.0,South America
10397,Chile,CHL,1984,2.601,,12207683.0,South America
10398,Chile,CHL,1985,2.592,7.82,12395228.0,South America
10399,Chile,CHL,1986,2.589,,12588885.0,South America
10400,Chile,CHL,1987,2.59,,12790094.0,South America
10401,Chile,CHL,1988,2.591,,12999380.0,South America
10402,Chile,CHL,1989,2.589,,13214962.0,South America
10403,Chile,CHL,1990,2.579,8.59,13437138.0,South America
10404,Chile,CHL,1991,2.558,,13662434.0,South America
10405,Chile,CHL,1992,2.478,,13884526.0,South America
10406,Chile,CHL,1993,2.43,,14102219.0,South America
10407,Chile,CHL,1994,2.377,,14316210.0,South America
10408,Chile,CHL,1995,2.353,8.88,14527329.0,South America
10409,Chile,CHL,1996,2.284,,14734005.0,South America
10410,Chile,CHL,1997,2.202,,14932385.0,South America
10411,Chile,CHL,1998,2.149,,15127752.0,South America
10412,Chile,CHL,1999,2.074,,15319256.0,South America
10413,Chile,CHL,2000,2.046,9.33,15503580.0,South America
10414,Chile,CHL,2001,2.007,,15683809.0,South America
10415,Chile,CHL,2002,1.934,,15857882.0,South America
10416,Chile,CHL,2003,1.885,,16024700.0,South America
10417,Chile,CHL,2004,1.844,,16187270.0,South America
10418,Chile,CHL,2005,1.825,9.94,16348730.0,South America
10419,Chile,CHL,2006,1.798,,16509144.0,South America
10420,Chile,CHL,2007,1.826,,16671520.0,South America
10421,Chile,CHL,2008,1.85,,16838934.0,South America
10422,Chile,CHL,2009,1.855,,17009684.0,South America
10423,Chile,CHL,2010,1.844,10.39,17181416.0,South America
10424,Chile,CHL,2011,1.823,,17351762.0,South America
10425,Chile,CHL,2012,1.798,,17519067.0,South America
10426,Chile,CHL,2013,1.786,,17686958.0,South America
10427,Chile,CHL,2014,1.774,,17864143.0,South America
10428,Chile,CHL,2015,1.737,10.58,18047575.0,South America
10429,Chile,CHL,2016,1.686,,18267176.0,South America
10430,Chile,CHL,2017,1.563,,18558817.0,South America
10431,Chile,CHL,2018,1.543,,18893141.0,South America
10432,Chile,CHL,2019,1.43,,19197702.0,South America
10433,Chile,CHL,2020,1.307,10.9,19370563.0,South America
10628,China,CHN,1950,5.813,1.25,544044304.0,Asia
10629,China,CHN,1951,5.699,,553758189.0,Asia
10630,China,CHN,1952,6.472,,565131382.0,Asia
10631,China,CHN,1953,6.042,,577557087.0,Asia
10632,China,CHN,1954,6.278,,590113816.0,Asia
10633,China,CHN,1955,6.263,1.53,603546968.0,Asia
10634,China,CHN,1956,5.854,,616558539.0,Asia
10635,China,CHN,1957,6.425,,630356163.0,Asia
10636,China,CHN,1958,5.698,,644219437.0,Asia
10637,China,CHN,1959,4.718,,652708165.0,Asia
10638,China,CHN,1960,4.451,2.11,654802013.0,Asia
10639,China,CHN,1961,3.863,,655773420.0,Asia
10640,China,CHN,1962,6.085,,665073645.0,Asia
10641,China,CHN,1963,7.513,,684552592.0,Asia
10642,China,CHN,1964,6.672,,704798214.0,Asia
10643,China,CHN,1965,6.605,2.7,723415690.0,Asia
10644,China,CHN,1966,6.307,,742402158.0,Asia
10645,China,CHN,1967,5.806,,761025974.0,Asia
10646,China,CHN,1968,6.508,,781010987.0,Asia
10647,China,CHN,1969,6.175,,802140300.0,Asia
10648,China,CHN,1970,6.085,3.51,823308913.0,Asia
10649,China,CHN,1971,5.523,,844069819.0,Asia
10650,China,CHN,1972,5.112,,863677753.0,Asia
10651,China,CHN,1973,4.726,,882576897.0,Asia
10652,China,CHN,1974,4.17,,900307531.0,Asia
10653,China,CHN,1975,3.571,4.15,916116747.0,Asia
10654,China,CHN,1976,3.235,,930372242.0,Asia
10655,China,CHN,1977,2.844,,943546327.0,Asia
10656,China,CHN,1978,2.716,,956161425.0,Asia
10657,China,CHN,1979,2.745,,969288020.0,Asia
10658,China,CHN,1980,2.739,5.0,983163494.0,Asia
10659,China,CHN,1981,2.792,,997721024.0,Asia
10660,China,CHN,1982,2.972,,1013588115.0,Asia
10661,China,CHN,1983,2.559,,1029064904.0,Asia
10662,China,CHN,1984,2.607,,1043849592.0,Asia
10663,China,CHN,1985,2.633,5.69,1059807770.0,Asia
10664,China,CHN,1986,2.721,,1077233559.0,Asia
10665,China,CHN,1987,2.76,,1096217389.0,Asia
10666,China,CHN,1988,2.539,,1115244112.0,Asia
10667,China,CHN,1989,2.52,,1133990957.0,Asia
10668,China,CHN,1990,2.514,6.22,1153582668.0,Asia
10669,China,CHN,1991,1.934,,1170788481.0,Asia
10670,China,CHN,1992,1.776,,1184574195.0,Asia
10671,China,CHN,1993,1.691,,1197308522.0,Asia
10672,China,CHN,1994,1.628,,1209003049.0,Asia
10673,China,CHN,1995,1.588,6.68,1220133877.0,Asia
10674,China,CHN,1996,1.554,,1230944759.0,Asia
10675,China,CHN,1997,1.527,,1241139564.0,Asia
10676,China,CHN,1998,1.522,,1250847078.0,Asia
10677,China,CHN,1999,1.53,,1260176600.0,Asia
10678,China,CHN,2000,1.628,7.14,1269581120.0,Asia
10679,China,CHN,2001,1.563,,1278725010.0,Asia
10680,China,CHN,2002,1.566,,1286866794.0,Asia
10681,China,CHN,2003,1.57,,1294517277.0,Asia
10682,China,CHN,2004,1.605,,1302100264.0,Asia
10683,China,CHN,2005,1.624,7.53,1310027084.0,Asia
10684,China,CHN,2006,1.644,,1318053984.0,Asia
10685,China,CHN,2007,1.666,,1325813524.0,Asia
10686,China,CHN,2008,1.701,,1333820960.0,Asia
10687,China,CHN,2009,1.714,,1342522666.0,Asia
10688,China,CHN,2010,1.687,7.89,1351561462.0,Asia
10689,China,CHN,2011,1.668,,1360250601.0,Asia
10690,China,CHN,2012,1.798,,1369520822.0,Asia
10691,China,CHN,2013,1.714,,1379007984.0,Asia
10692,China,CHN,2014,1.769,,1387951920.0,Asia
10693,China,CHN,2015,1.67,8.2,1396134112.0,Asia
10694,China,CHN,2016,1.772,,1404052581.0,Asia
10695,China,CHN,2017,1.795,,1412354694.0,Asia
10696,China,CHN,2018,1.539,,1419008910.0,Asia
10697,China,CHN,2019,1.496,,1423520298.0,Asia
10698,China,CHN,2020,1.236,8.73,1426106040.0,Asia
10895,Colombia,COL,1950,6.41,2.25,11766938.0,South America
10896,Colombia,COL,1951,6.436,,12078760.0,South America
10897,Colombia,COL,1952,6.488,,12405805.0,South America
10898,Colombia,COL,1953,6.537,,12746001.0,South America
10899,Colombia,COL,1954,6.582,,13100788.0,South America
10900,Colombia,COL,1955,6.625,2.62,13473009.0,South America
10901,Colombia,COL,1956,6.664,,13861760.0,South America
10902,Colombia,COL,1957,6.697,,14270221.0,South America
10903,Colombia,COL,1958,6.723,,14693246.0,South America
10904,Colombia,COL,1959,6.737,,15136174.0,South America
10905,Colombia,COL,1960,6.735,2.99,15606155.0,South America
10906,Colombia,COL,1961,6.712,,16095159.0,South America
10907,Colombia,COL,1962,6.663,,16598978.0,South America
10908,Colombia,COL,1963,6.584,,17113769.0,South America
10909,Colombia,COL,1964,6.475,,17637368.0,South America
10910,Colombia,COL,1965,6.333,3.35,18169002.0,South America
10911,Colombia,COL,1966,6.159,,18702643.0,South America
10912,Colombia,COL,1967,5.957,,19235569.0,South America
10913,Colombia,COL,1968,5.737,,19766748.0,South America
10914,Colombia,COL,1969,5.506,,20291890.0,South America
10915,Colombia,COL,1970,5.276,3.82,20811750.0,South America
10916,Colombia,COL,1971,5.057,,21319053.0,South America
10917,Colombia,COL,1972,4.857,,21819516.0,South America
10918,Colombia,COL,1973,4.68,,22325337.0,South America
10919,Colombia,COL,1974,4.527,,22833431.0,South America
10920,Colombia,COL,1975,4.398,4.27,23344600.0,South America
10921,Colombia,COL,1976,4.285,,23858762.0,South America
10922,Colombia,COL,1977,4.163,,24393453.0,South America
10923,Colombia,COL,1978,3.998,,24950293.0,South America
10924,Colombia,COL,1979,3.888,,25515570.0,South America
10925,Colombia,COL,1980,3.798,4.93,26104448.0,South America
10926,Colombia,COL,1981,3.706,,26713212.0,South America
10927,Colombia,COL,1982,3.618,,27338283.0,South America
10928,Colombia,COL,1983,3.501,,27988129.0,South America
10929,Colombia,COL,1984,3.35,,28642644.0,South America
10930,Colombia,COL,1985,3.225,5.56,29268416.0,South America
10931,Colombia,COL,1986,3.147,,29879060.0,South America
10932,Colombia,COL,1987,3.087,,30499419.0,South America
10933,Colombia,COL,1988,3.039,,31130481.0,South America
10934,Colombia,COL,1989,3.012,,31776227.0,South America
10935,Colombia,COL,1990,2.995,6.13,32440020.0,South America
10936,Colombia,COL,1991,2.982,,33098327.0,South America
10937,Colombia,COL,1992,2.983,,33760526.0,South America
10938,Colombia,COL,1993,2.978,,34441431.0,South America
10939,Colombia,COL,1994,2.937,,35127363.0,South America
10940,Colombia,COL,1995,2.85,6.67,35804622.0,South America
10941,Colombia,COL,1996,2.768,,36462687.0,South America
10942,Colombia,COL,1997,2.743,,37121106.0,South America
10943,Colombia,COL,1998,2.717,,37792117.0,South America
10944,Colombia,COL,1999,2.637,,38454817.0,South America
10945,Colombia,COL,2000,2.574,7.15,39089879.0,South America
10946,Colombia,COL,2001,2.522,,39709209.0,South America
10947,Colombia,COL,2002,2.489,,40324632.0,South America
10948,Colombia,COL,2003,2.45,,40937378.0,South America
10949,Colombia,COL,2004,2.384,,41543134.0,South America
10950,Colombia,COL,2005,2.309,7.62,42128928.0,South America
10951,Colombia,COL,2006,2.241,,42691022.0,South America
10952,Colombia,COL,2007,2.195,,43235327.0,South America
10953,Colombia,COL,2008,2.155,,43758748.0,South America
10954,Colombia,COL,2009,2.096,,44271496.0,South America
10955,Colombia,COL,2010,2.01,9.42,44777278.0,South America
10956,Colombia,COL,2011,1.938,,45259560.0,South America
10957,Colombia,COL,2012,1.899,,45715766.0,South America
10958,Colombia,COL,2013,1.86,,46151536.0,South America
10959,Colombia,COL,2014,1.822,,46565374.0,South America
10960,Colombia,COL,2015,1.771,9.87,46969894.0,South America
10961,Colombia,COL,2016,1.719,,47437468.0,South America
10962,Colombia,COL,2017,1.717,,48131023.0,South America
10963,Colombia,COL,2018,1.715,,49024413.0,South America
10964,Colombia,COL,2019,1.71,,49907932.0,South America
10965,Colombia,COL,2020,1.694,10.33,50629945.0,South America
11160,Comoros,COM,1950,5.686,,161905.0,Africa
11161,Comoros,COM,1951,5.771,,165500.0,Africa
11162,Comoros,COM,1952,5.934,,168942.0,Africa
11163,Comoros,COM,1953,6.085,,172568.0,Africa
11164,Comoros,COM,1954,6.223,,176115.0,Africa
11165,Comoros,COM,1955,6.348,,179553.0,Africa
11166,Comoros,COM,1956,6.46,,182919.0,Africa
11167,Comoros,COM,1957,6.56,,186539.0,Africa
11168,Comoros,COM,1958,6.648,,190529.0,Africa
11169,Comoros,COM,1959,6.725,,194254.0,Africa
11170,Comoros,COM,1960,6.792,,197666.0,Africa
11171,Comoros,COM,1961,6.849,,201166.0,Africa
11172,Comoros,COM,1962,6.897,,204668.0,Africa
11173,Comoros,COM,1963,6.916,,208152.0,Africa
11174,Comoros,COM,1964,6.938,,211601.0,Africa
11175,Comoros,COM,1965,6.967,,214933.0,Africa
11176,Comoros,COM,1966,7.001,,218624.0,Africa
11177,Comoros,COM,1967,7.02,,223820.0,Africa
11178,Comoros,COM,1968,7.051,,230210.0,Africa
11179,Comoros,COM,1969,7.073,,236956.0,Africa
11180,Comoros,COM,1970,7.099,,244143.0,Africa
11181,Comoros,COM,1971,7.116,,251842.0,Africa
11182,Comoros,COM,1972,7.142,,260045.0,Africa
11183,Comoros,COM,1973,7.165,,268782.0,Africa
11184,Comoros,COM,1974,7.163,,278041.0,Africa
11185,Comoros,COM,1975,7.162,,287662.0,Africa
11186,Comoros,COM,1976,7.159,,297505.0,Africa
11187,Comoros,COM,1977,7.15,,307544.0,Africa
11188,Comoros,COM,1978,7.155,,317641.0,Africa
11189,Comoros,COM,1979,7.162,,327763.0,Africa
11190,Comoros,COM,1980,7.154,,337684.0,Africa
11191,Comoros,COM,1981,7.143,,347349.0,Africa
11192,Comoros,COM,1982,7.134,,357095.0,Africa
11193,Comoros,COM,1983,7.11,,367193.0,Africa
11194,Comoros,COM,1984,7.072,,377599.0,Africa
11195,Comoros,COM,1985,7.021,,388321.0,Africa
11196,Comoros,COM,1986,6.953,,399281.0,Africa
11197,Comoros,COM,1987,6.87,,410390.0,Africa
11198,Comoros,COM,1988,6.764,,421646.0,Africa
11199,Comoros,COM,1989,6.646,,433056.0,Africa
11200,Comoros,COM,1990,6.505,,444556.0,Africa
11201,Comoros,COM,1991,6.354,,455521.0,Africa
11202,Comoros,COM,1992,6.186,,465075.0,Africa
11203,Comoros,COM,1993,6.022,,473634.0,Africa
11204,Comoros,COM,1994,5.864,,482096.0,Africa
11205,Comoros,COM,1995,5.73,,490544.0,Africa
11206,Comoros,COM,1996,5.627,,499069.0,Africa
11207,Comoros,COM,1997,5.513,,507729.0,Africa
11208,Comoros,COM,1998,5.392,,516562.0,Africa
11209,Comoros,COM,1999,5.28,,525846.0,Africa
11210,Comoros,COM,2000,5.227,,536036.0,Africa
11211,Comoros,COM,2001,5.195,,547170.0,Africa
11212,Comoros,COM,2002,5.155,,558876.0,Africa
11213,Comoros,COM,2003,5.115,,569757.0,Africa
11214,Comoros,COM,2004,5.065,,580663.0,Africa
11215,Comoros,COM,2005,5.012,,592627.0,Africa
11216,Comoros,COM,2006,4.934,,604706.0,Africa
11217,Comoros,COM,2007,4.859,,616883.0,Africa
11218,Comoros,COM,2008,4.805,,629268.0,Africa
11219,Comoros,COM,2009,4.778,,641899.0,Africa
11220,Comoros,COM,2010,4.755,,654792.0,Africa
11221,Comoros,COM,2011,4.722,,668024.0,Africa
11222,Comoros,COM,2012,4.652,,681594.0,Africa
11223,Comoros,COM,2013,4.572,,696157.0,Africa
11224,Comoros,COM,2014,4.489,,711462.0,Africa
11225,Comoros,COM,2015,4.42,,726628.0,Africa
11226,Comoros,COM,2016,4.348,,741693.0,Africa
11227,Comoros,COM,2017,4.278,,756626.0,Africa
11228,Comoros,COM,2018,4.208,,771548.0,Africa
11229,Comoros,COM,2019,4.138,,786535.0,Africa
11230,Comoros,COM,2020,4.071,,802126.0,Africa
11402,Congo,COG,1950,6.065,,835225.0,Africa
11403,Congo,COG,1951,6.067,,853595.0,Africa
11404,Congo,COG,1952,6.063,,872634.0,Africa
11405,Congo,COG,1953,6.063,,892413.0,Africa
11406,Congo,COG,1954,6.054,,912975.0,Africa
11407,Congo,COG,1955,6.065,,934393.0,Africa
11408,Congo,COG,1956,6.069,,956774.0,Africa
11409,Congo,COG,1957,6.069,,980160.0,Africa
11410,Congo,COG,1958,6.087,,1004582.0,Africa
11411,Congo,COG,1959,6.091,,1030119.0,Africa
11412,Congo,COG,1960,6.085,,1056692.0,Africa
11413,Congo,COG,1961,6.093,,1084343.0,Africa
11414,Congo,COG,1962,6.099,,1113138.0,Africa
11415,Congo,COG,1963,6.147,,1143227.0,Africa
11416,Congo,COG,1964,6.183,,1174768.0,Africa
11417,Congo,COG,1965,6.229,,1207838.0,Africa
11418,Congo,COG,1966,6.267,,1242499.0,Africa
11419,Congo,COG,1967,6.29,,1278649.0,Africa
11420,Congo,COG,1968,6.327,,1316469.0,Africa
11421,Congo,COG,1969,6.35,,1356146.0,Africa
11422,Congo,COG,1970,6.376,,1397588.0,Africa
11423,Congo,COG,1971,6.416,,1441004.0,Africa
11424,Congo,COG,1972,6.444,,1486436.0,Africa
11425,Congo,COG,1973,6.42,,1533638.0,Africa
11426,Congo,COG,1974,6.39,,1582255.0,Africa
11427,Congo,COG,1975,6.356,,1626971.0,Africa
11428,Congo,COG,1976,6.317,,1667189.0,Africa
11429,Congo,COG,1977,6.271,,1707526.0,Africa
11430,Congo,COG,1978,6.21,,1748049.0,Africa
11431,Congo,COG,1979,6.143,,1788480.0,Africa
11432,Congo,COG,1980,6.065,,1828945.0,Africa
11433,Congo,COG,1981,5.984,,1869714.0,Africa
11434,Congo,COG,1982,5.85,,1910381.0,Africa
11435,Congo,COG,1983,5.758,,1950279.0,Africa
11436,Congo,COG,1984,5.658,,1999483.0,Africa
11437,Congo,COG,1985,5.587,,2059276.0,Africa
11438,Congo,COG,1986,5.514,,2120548.0,Africa
11439,Congo,COG,1987,5.458,,2183425.0,Africa
11440,Congo,COG,1988,5.392,,2247607.0,Africa
11441,Congo,COG,1989,5.327,,2313516.0,Africa
11442,Congo,COG,1990,5.266,,2380511.0,Africa
11443,Congo,COG,1991,5.221,,2449187.0,Africa
11444,Congo,COG,1992,5.177,,2519425.0,Africa
11445,Congo,COG,1993,5.134,,2595072.0,Africa
11446,Congo,COG,1994,5.103,,2673098.0,Africa
11447,Congo,COG,1995,5.068,,2749415.0,Africa
11448,Congo,COG,1996,5.033,,2826743.0,Africa
11449,Congo,COG,1997,4.997,,2887813.0,Africa
11450,Congo,COG,1998,4.909,,2952019.0,Africa
11451,Congo,COG,1999,4.805,,3032832.0,Africa
11452,Congo,COG,2000,4.724,,3151304.0,Africa
11453,Congo,COG,2001,4.67,,3272488.0,Africa
11454,Congo,COG,2002,4.697,,3350736.0,Africa
11455,Congo,COG,2003,4.696,,3445696.0,Africa
11456,Congo,COG,2004,4.69,,3565514.0,Africa
11457,Congo,COG,2005,4.669,,3696336.0,Africa
11458,Congo,COG,2006,4.651,,3837364.0,Africa
11459,Congo,COG,2007,4.649,,3980380.0,Africa
11460,Congo,COG,2008,4.726,,4113468.0,Africa
11461,Congo,COG,2009,4.808,,4281163.0,Africa
11462,Congo,COG,2010,4.851,,4462246.0,Africa
11463,Congo,COG,2011,4.826,,4609682.0,Africa
11464,Congo,COG,2012,4.785,,4740414.0,Africa
11465,Congo,COG,2013,4.731,,4857053.0,Africa
11466,Congo,COG,2014,4.665,,4975835.0,Africa
11467,Congo,COG,2015,4.607,5.95,5097532.0,Africa
11468,Congo,COG,2016,4.546,,5222495.0,Africa
11469,Congo,COG,2017,4.496,,5350964.0,Africa
11470,Congo,COG,2018,4.442,,5483090.0,Africa
11471,Congo,COG,2019,4.38,,5616598.0,Africa
11472,Congo,COG,2020,4.329,6.26,5752741.0,Africa
11667,Cook Islands,COK,1950,6.786,,14674.0,Oceania
11668,Cook Islands,COK,1951,6.789,,15036.0,Oceania
11669,Cook Islands,COK,1952,6.822,,15319.0,Oceania
11670,Cook Islands,COK,1953,6.867,,15589.0,Oceania
11671,Cook Islands,COK,1954,6.91,,15863.0,Oceania
11672,Cook Islands,COK,1955,6.963,,16151.0,Oceania
11673,Cook Islands,COK,1956,7.043,,16412.0,Oceania
11674,Cook Islands,COK,1957,7.116,,16668.0,Oceania
11675,Cook Islands,COK,1958,7.165,,16948.0,Oceania
11676,Cook Islands,COK,1959,7.219,,17277.0,Oceania
11677,Cook Islands,COK,1960,7.265,,17639.0,Oceania
11678,Cook Islands,COK,1961,7.272,,18020.0,Oceania
11679,Cook Islands,COK,1962,7.242,,18267.0,Oceania
11680,Cook Islands,COK,1963,7.188,,18406.0,Oceania
11681,Cook Islands,COK,1964,7.116,,18565.0,Oceania
11682,Cook Islands,COK,1965,7.039,,18763.0,Oceania
11683,Cook Islands,COK,1966,6.946,,18995.0,Oceania
11684,Cook Islands,COK,1967,6.827,,19309.0,Oceania
11685,Cook Islands,COK,1968,6.693,,19681.0,Oceania
11686,Cook Islands,COK,1969,6.515,,20064.0,Oceania
11687,Cook Islands,COK,1970,6.296,,20466.0,Oceania
11688,Cook Islands,COK,1971,6.068,,20846.0,Oceania
11689,Cook Islands,COK,1972,5.724,,20749.0,Oceania
11690,Cook Islands,COK,1973,5.467,,20171.0,Oceania
11691,Cook Islands,COK,1974,5.199,,19540.0,Oceania
11692,Cook Islands,COK,1975,4.961,,18879.0,Oceania
11693,Cook Islands,COK,1976,4.77,,18231.0,Oceania
11694,Cook Islands,COK,1977,4.655,,17890.0,Oceania
11695,Cook Islands,COK,1978,4.555,,17832.0,Oceania
11696,Cook Islands,COK,1979,4.466,,17753.0,Oceania
11697,Cook Islands,COK,1980,4.351,,17677.0,Oceania
11698,Cook Islands,COK,1981,4.181,,17581.0,Oceania
11699,Cook Islands,COK,1982,4.053,,17452.0,Oceania
11700,Cook Islands,COK,1983,3.946,,17264.0,Oceania
11701,Cook Islands,COK,1984,3.874,,17049.0,Oceania
11702,Cook Islands,COK,1985,3.841,,16815.0,Oceania
11703,Cook Islands,COK,1986,3.833,,16593.0,Oceania
11704,Cook Islands,COK,1987,3.841,,16553.0,Oceania
11705,Cook Islands,COK,1988,3.851,,16731.0,Oceania
11706,Cook Islands,COK,1989,3.902,,16922.0,Oceania
11707,Cook Islands,COK,1990,3.971,,17105.0,Oceania
11708,Cook Islands,COK,1991,3.991,,17290.0,Oceania
11709,Cook Islands,COK,1992,3.949,,17451.0,Oceania
11710,Cook Islands,COK,1993,3.861,,17570.0,Oceania
11711,Cook Islands,COK,1994,3.761,,17663.0,Oceania
11712,Cook Islands,COK,1995,3.688,,17752.0,Oceania
11713,Cook Islands,COK,1996,3.597,,17835.0,Oceania
11714,Cook Islands,COK,1997,3.458,,17601.0,Oceania
11715,Cook Islands,COK,1998,3.308,,17053.0,Oceania
11716,Cook Islands,COK,1999,3.186,,16460.0,Oceania
11717,Cook Islands,COK,2000,3.112,,15837.0,Oceania
11718,Cook Islands,COK,2001,3.059,,15209.0,Oceania
11719,Cook Islands,COK,2002,2.969,,14942.0,Oceania
11720,Cook Islands,COK,2003,2.886,,15003.0,Oceania
11721,Cook Islands,COK,2004,2.833,,15057.0,Oceania
11722,Cook Islands,COK,2005,2.814,,15105.0,Oceania
11723,Cook Islands,COK,2006,2.802,,15197.0,Oceania
11724,Cook Islands,COK,2007,2.705,,15473.0,Oceania
11725,Cook Islands,COK,2008,2.599,,15956.0,Oceania
11726,Cook Islands,COK,2009,2.521,,16453.0,Oceania
11727,Cook Islands,COK,2010,2.454,,16954.0,Oceania
11728,Cook Islands,COK,2011,2.397,,17432.0,Oceania
11729,Cook Islands,COK,2012,2.342,,17638.0,Oceania
11730,Cook Islands,COK,2013,2.292,,17572.0,Oceania
11731,Cook Islands,COK,2014,2.244,,17513.0,Oceania
11732,Cook Islands,COK,2015,2.208,,17427.0,Oceania
11733,Cook Islands,COK,2016,2.184,,17310.0,Oceania
11734,Cook Islands,COK,2017,2.167,,17029.0,Oceania
11735,Cook Islands,COK,2018,2.156,,16586.0,Oceania
11736,Cook Islands,COK,2019,2.127,,16106.0,Oceania
11737,Cook Islands,COK,2020,2.106,,15620.0,Oceania
11754,Costa Rica,CRI,1950,6.317,3.54,926717.0,North America
11755,Costa Rica,CRI,1951,6.393,,958364.0,North America
11756,Costa Rica,CRI,1952,6.455,,991752.0,North America
11757,Costa Rica,CRI,1953,6.508,,1026963.0,North America
11758,Costa Rica,CRI,1954,6.54,,1064060.0,North America
11759,Costa Rica,CRI,1955,6.571,3.76,1103000.0,North America
11760,Costa Rica,CRI,1956,6.601,,1143798.0,North America
11761,Costa Rica,CRI,1957,6.662,,1186588.0,North America
11762,Costa Rica,CRI,1958,6.712,,1231518.0,North America
11763,Costa Rica,CRI,1959,6.731,,1278539.0,North America
11764,Costa Rica,CRI,1960,6.712,3.93,1327448.0,North America
11765,Costa Rica,CRI,1961,6.651,,1377870.0,North America
11766,Costa Rica,CRI,1962,6.543,,1429394.0,North America
11767,Costa Rica,CRI,1963,6.389,,1481559.0,North America
11768,Costa Rica,CRI,1964,6.193,,1533918.0,North America
11769,Costa Rica,CRI,1965,5.96,4.23,1586168.0,North America
11770,Costa Rica,CRI,1966,5.697,,1638074.0,North America
11771,Costa Rica,CRI,1967,5.416,,1689480.0,North America
11772,Costa Rica,CRI,1968,5.028,,1739679.0,North America
11773,Costa Rica,CRI,1969,4.835,,1789238.0,North America
11774,Costa Rica,CRI,1970,4.585,4.03,1838892.0,North America
11775,Costa Rica,CRI,1971,4.362,,1888495.0,North America
11776,Costa Rica,CRI,1972,4.158,,1938202.0,North America
11777,Costa Rica,CRI,1973,3.991,,1988303.0,North America
11778,Costa Rica,CRI,1974,3.893,,2039600.0,North America
11779,Costa Rica,CRI,1975,3.804,5.28,2092657.0,North America
11780,Costa Rica,CRI,1976,3.747,,2147719.0,North America
11781,Costa Rica,CRI,1977,3.701,,2204998.0,North America
11782,Costa Rica,CRI,1978,3.662,,2264467.0,North America
11783,Costa Rica,CRI,1979,3.651,,2326441.0,North America
11784,Costa Rica,CRI,1980,3.583,6.22,2390595.0,North America
11785,Costa Rica,CRI,1981,3.556,,2456597.0,North America
11786,Costa Rica,CRI,1982,3.54,,2524764.0,North America
11787,Costa Rica,CRI,1983,3.525,,2595106.0,North America
11788,Costa Rica,CRI,1984,3.519,,2667550.0,North America
11789,Costa Rica,CRI,1985,3.511,6.86,2741858.0,North America
11790,Costa Rica,CRI,1986,3.454,,2817168.0,North America
11791,Costa Rica,CRI,1987,3.384,,2892639.0,North America
11792,Costa Rica,CRI,1988,3.314,,2968051.0,North America
11793,Costa Rica,CRI,1989,3.238,,3043775.0,North America
11794,Costa Rica,CRI,1990,3.167,7.28,3121652.0,North America
11795,Costa Rica,CRI,1991,3.075,,3202139.0,North America
11796,Costa Rica,CRI,1992,3.001,,3284214.0,North America
11797,Costa Rica,CRI,1993,2.928,,3367386.0,North America
11798,Costa Rica,CRI,1994,2.857,,3451080.0,North America
11799,Costa Rica,CRI,1995,2.779,7.62,3535133.0,North America
11800,Costa Rica,CRI,1996,2.681,,3618974.0,North America
11801,Costa Rica,CRI,1997,2.589,,3701661.0,North America
11802,Costa Rica,CRI,1998,2.527,,3782786.0,North America
11803,Costa Rica,CRI,1999,2.481,,3862057.0,North America
11804,Costa Rica,CRI,2000,2.413,8.03,3937679.0,North America
11805,Costa Rica,CRI,2001,2.312,,4008904.0,North America
11806,Costa Rica,CRI,2002,2.162,,4075662.0,North America
11807,Costa Rica,CRI,2003,2.084,,4138747.0,North America
11808,Costa Rica,CRI,2004,2.028,,4200031.0,North America
11809,Costa Rica,CRI,2005,2.038,8.61,4261187.0,North America
11810,Costa Rica,CRI,2006,1.937,,4321299.0,North America
11811,Costa Rica,CRI,2007,1.954,,4380199.0,North America
11812,Costa Rica,CRI,2008,1.98,,4440009.0,North America
11813,Costa Rica,CRI,2009,1.953,,4499743.0,North America
11814,Costa Rica,CRI,2010,1.827,8.62,4555924.0,North America
11815,Costa Rica,CRI,2011,1.877,,4609777.0,North America
11816,Costa Rica,CRI,2012,1.851,,4663890.0,North America
11817,Costa Rica,CRI,2013,1.779,,4716102.0,North America
11818,Costa Rica,CRI,2014,1.8,,4767078.0,North America
11819,Costa Rica,CRI,2015,1.797,8.95,4817996.0,North America
11820,Costa Rica,CRI,2016,1.746,,4866954.0,North America
11821,Costa Rica,CRI,2017,1.714,,4913126.0,North America
11822,Costa Rica,CRI,2018,1.706,,4957764.0,North America
11823,Costa Rica,CRI,2019,1.6,,4999502.0,North America
11824,Costa Rica,CRI,2020,1.448,9.28,5034273.0,North America
12019,Cote d'Ivoire,CIV,1950,7.61,0.54,2735138.0,Africa
12020,Cote d'Ivoire,CIV,1951,7.609,,2809320.0,Africa
12021,Cote d'Ivoire,CIV,1952,7.606,,2885678.0,Africa
12022,Cote d'Ivoire,CIV,1953,7.604,,2965087.0,Africa
12023,Cote d'Ivoire,CIV,1954,7.602,,3048486.0,Africa
12024,Cote d'Ivoire,CIV,1955,7.597,0.53,3136578.0,Africa
12025,Cote d'Ivoire,CIV,1956,7.597,,3229973.0,Africa
12026,Cote d'Ivoire,CIV,1957,7.598,,3329224.0,Africa
12027,Cote d'Ivoire,CIV,1958,7.61,,3435037.0,Africa
12028,Cote d'Ivoire,CIV,1959,7.606,,3548902.0,Africa
12029,Cote d'Ivoire,CIV,1960,7.691,0.54,3673622.0,Africa
12030,Cote d'Ivoire,CIV,1961,7.72,,3810102.0,Africa
12031,Cote d'Ivoire,CIV,1962,7.75,,3956904.0,Africa
12032,Cote d'Ivoire,CIV,1963,7.781,,4112024.0,Africa
12033,Cote d'Ivoire,CIV,1964,7.811,,4273902.0,Africa
12034,Cote d'Ivoire,CIV,1965,7.841,0.57,4442335.0,Africa
12035,Cote d'Ivoire,CIV,1966,7.868,,4617472.0,Africa
12036,Cote d'Ivoire,CIV,1967,7.893,,4799692.0,Africa
12037,Cote d'Ivoire,CIV,1968,7.912,,4989969.0,Africa
12038,Cote d'Ivoire,CIV,1969,7.927,,5192178.0,Africa
12039,Cote d'Ivoire,CIV,1970,7.936,0.67,5411525.0,Africa
12040,Cote d'Ivoire,CIV,1971,7.941,,5650822.0,Africa
12041,Cote d'Ivoire,CIV,1972,7.942,,5909670.0,Africa
12042,Cote d'Ivoire,CIV,1973,7.939,,6184906.0,Africa
12043,Cote d'Ivoire,CIV,1974,7.929,,6474017.0,Africa
12044,Cote d'Ivoire,CIV,1975,7.91,0.84,6776259.0,Africa
12045,Cote d'Ivoire,CIV,1976,7.877,,7057915.0,Africa
12046,Cote d'Ivoire,CIV,1977,7.828,,7321900.0,Africa
12047,Cote d'Ivoire,CIV,1978,7.669,,7603083.0,Africa
12048,Cote d'Ivoire,CIV,1979,7.625,,7902216.0,Africa
12049,Cote d'Ivoire,CIV,1980,7.586,1.1,8220665.0,Africa
12050,Cote d'Ivoire,CIV,1981,7.539,,8556550.0,Africa
12051,Cote d'Ivoire,CIV,1982,7.488,,8907892.0,Africa
12052,Cote d'Ivoire,CIV,1983,7.417,,9272696.0,Africa
12053,Cote d'Ivoire,CIV,1984,7.352,,9650475.0,Africa
12054,Cote d'Ivoire,CIV,1985,7.273,1.39,10040434.0,Africa
12055,Cote d'Ivoire,CIV,1986,7.187,,10440882.0,Africa
12056,Cote d'Ivoire,CIV,1987,7.09,,10851431.0,Africa
12057,Cote d'Ivoire,CIV,1988,6.969,,11275141.0,Africa
12058,Cote d'Ivoire,CIV,1989,6.85,,11719717.0,Africa
12059,Cote d'Ivoire,CIV,1990,6.719,1.73,12189726.0,Africa
12060,Cote d'Ivoire,CIV,1991,6.585,,12683818.0,Africa
12061,Cote d'Ivoire,CIV,1992,6.426,,13200262.0,Africa
12062,Cote d'Ivoire,CIV,1993,6.27,,13735912.0,Africa
12063,Cote d'Ivoire,CIV,1994,6.128,,14287165.0,Africa
12064,Cote d'Ivoire,CIV,1995,6.038,2.39,14855524.0,Africa
12065,Cote d'Ivoire,CIV,1996,5.954,,15442278.0,Africa
12066,Cote d'Ivoire,CIV,1997,5.902,,16047122.0,Africa
12067,Cote d'Ivoire,CIV,1998,5.854,,16663896.0,Africa
12068,Cote d'Ivoire,CIV,1999,5.805,,17215892.0,Africa
12069,Cote d'Ivoire,CIV,2000,5.773,3.01,17698956.0,Africa
12070,Cote d'Ivoire,CIV,2001,5.704,,18178863.0,Africa
12071,Cote d'Ivoire,CIV,2002,5.641,,18654725.0,Africa
12072,Cote d'Ivoire,CIV,2003,5.572,,19125498.0,Africa
12073,Cote d'Ivoire,CIV,2004,5.527,,19594946.0,Africa
12074,Cote d'Ivoire,CIV,2005,5.499,3.45,20068424.0,Africa
12075,Cote d'Ivoire,CIV,2006,5.448,,20546760.0,Africa
12076,Cote d'Ivoire,CIV,2007,5.403,,21030520.0,Africa
12077,Cote d'Ivoire,CIV,2008,5.357,,21514392.0,Africa
12078,Cote d'Ivoire,CIV,2009,5.332,,21997883.0,Africa
12079,Cote d'Ivoire,CIV,2010,5.292,3.98,22488019.0,Africa
12080,Cote d'Ivoire,CIV,2011,5.244,,22981949.0,Africa
12081,Cote d'Ivoire,CIV,2012,5.19,,23467041.0,Africa
12082,Cote d'Ivoire,CIV,2013,5.135,,23939724.0,Africa
12083,Cote d'Ivoire,CIV,2014,5.071,,24527339.0,Africa
12084,Cote d'Ivoire,CIV,2015,4.97,4.35,25246300.0,Africa
12085,Cote d'Ivoire,CIV,2016,4.873,,25989364.0,Africa
12086,Cote d'Ivoire,CIV,2017,4.757,,26733332.0,Africa
12087,Cote d'Ivoire,CIV,2018,4.596,,27464125.0,Africa
12088,Cote d'Ivoire,CIV,2019,4.523,,28192957.0,Africa
12089,Cote d'Ivoire,CIV,2020,4.461,4.98,28915402.0,Africa
12284,Croatia,HRV,1950,2.933,,3864936.0,Europe
12285,Croatia,HRV,1951,2.662,,3911626.0,Europe
12286,Croatia,HRV,1952,2.725,,3957359.0,Europe
12287,Croatia,HRV,1953,2.681,,4006078.0,Europe
12288,Croatia,HRV,1954,2.629,,4048075.0,Europe
12289,Croatia,HRV,1955,2.588,,4080681.0,Europe
12290,Croatia,HRV,1956,2.504,,4110087.0,Europe
12291,Croatia,HRV,1957,2.361,,4136655.0,Europe
12292,Croatia,HRV,1958,2.26,,4160650.0,Europe
12293,Croatia,HRV,1959,2.27,,4182036.0,Europe
12294,Croatia,HRV,1960,2.239,,4200219.0,Europe
12295,Croatia,HRV,1961,2.219,,4223379.0,Europe
12296,Croatia,HRV,1962,2.192,,4254965.0,Europe
12297,Croatia,HRV,1963,2.145,,4287223.0,Europe
12298,Croatia,HRV,1964,2.142,,4317703.0,Europe
12299,Croatia,HRV,1965,2.224,,4346657.0,Europe
12300,Croatia,HRV,1966,2.227,,4374252.0,Europe
12301,Croatia,HRV,1967,2.102,,4400226.0,Europe
12302,Croatia,HRV,1968,2.027,,4423783.0,Europe
12303,Croatia,HRV,1969,1.951,,4444402.0,Europe
12304,Croatia,HRV,1970,1.882,,4462626.0,Europe
12305,Croatia,HRV,1971,1.974,,4480119.0,Europe
12306,Croatia,HRV,1972,2.007,,4497829.0,Europe
12307,Croatia,HRV,1973,2.013,,4515712.0,Europe
12308,Croatia,HRV,1974,1.983,,4533896.0,Europe
12309,Croatia,HRV,1975,1.951,,4552673.0,Europe
12310,Croatia,HRV,1976,1.936,,4571699.0,Europe
12311,Croatia,HRV,1977,1.947,,4590587.0,Europe
12312,Croatia,HRV,1978,1.955,,4608966.0,Europe
12313,Croatia,HRV,1979,1.947,,4626900.0,Europe
12314,Croatia,HRV,1980,1.931,,4643852.0,Europe
12315,Croatia,HRV,1981,1.926,,4664217.0,Europe
12316,Croatia,HRV,1982,1.91,,4689101.0,Europe
12317,Croatia,HRV,1983,1.891,,4712828.0,Europe
12318,Croatia,HRV,1984,1.875,,4734431.0,Europe
12319,Croatia,HRV,1985,1.828,,4754502.0,Europe
12320,Croatia,HRV,1986,1.773,,4773008.0,Europe
12321,Croatia,HRV,1987,1.745,,4790155.0,Europe
12322,Croatia,HRV,1988,1.706,,4805990.0,Europe
12323,Croatia,HRV,1989,1.648,,4820680.0,Europe
12324,Croatia,HRV,1990,1.628,,4835027.0,Europe
12325,Croatia,HRV,1991,1.543,,4825112.0,Europe
12326,Croatia,HRV,1992,1.462,,4782191.0,Europe
12327,Croatia,HRV,1993,1.508,,4729691.0,Europe
12328,Croatia,HRV,1994,1.52,,4675467.0,Europe
12329,Croatia,HRV,1995,1.579,,4619314.0,Europe
12330,Croatia,HRV,1996,1.675,,4562239.0,Europe
12331,Croatia,HRV,1997,1.685,,4504575.0,Europe
12332,Croatia,HRV,1998,1.499,,4445622.0,Europe
12333,Croatia,HRV,1999,1.438,,4385771.0,Europe
12334,Croatia,HRV,2000,1.423,,4326056.0,Europe
12335,Croatia,HRV,2001,1.458,,4301031.0,Europe
12336,Croatia,HRV,2002,1.428,,4305729.0,Europe
12337,Croatia,HRV,2003,1.412,,4306636.0,Europe
12338,Croatia,HRV,2004,1.419,,4310013.0,Europe
12339,Croatia,HRV,2005,1.506,,4313901.0,Europe
12340,Croatia,HRV,2006,1.469,,4315751.0,Europe
12341,Croatia,HRV,2007,1.487,,4315907.0,Europe
12342,Croatia,HRV,2008,1.555,,4314591.0,Europe
12343,Croatia,HRV,2009,1.588,,4310491.0,Europe
12344,Croatia,HRV,2010,1.551,,4301108.0,Europe
12345,Croatia,HRV,2011,1.485,,4280782.0,Europe
12346,Croatia,HRV,2012,1.516,,4259181.0,Europe
12347,Croatia,HRV,2013,1.461,,4242353.0,Europe
12348,Croatia,HRV,2014,1.461,,4219439.0,Europe
12349,Croatia,HRV,2015,1.403,11.79,4183681.0,Europe
12350,Croatia,HRV,2016,1.427,,4136388.0,Europe
12351,Croatia,HRV,2017,1.423,,4079152.0,Europe
12352,Croatia,HRV,2018,1.472,,4024820.0,Europe
12353,Croatia,HRV,2019,1.47,,3986292.0,Europe
12354,Croatia,HRV,2020,1.484,12.11,3953898.0,Europe
12549,Cuba,CUB,1950,4.032,3.6,5924465.0,North America
12550,Cuba,CUB,1951,3.947,,6042153.0,North America
12551,Cuba,CUB,1952,3.931,,6162136.0,North America
12552,Cuba,CUB,1953,3.924,,6285708.0,North America
12553,Cuba,CUB,1954,3.917,,6412793.0,North America
12554,Cuba,CUB,1955,3.902,3.73,6543054.0,North America
12555,Cuba,CUB,1956,3.893,,6676023.0,North America
12556,Cuba,CUB,1957,3.886,,6811676.0,North America
12557,Cuba,CUB,1958,3.9,,6950241.0,North America
12558,Cuba,CUB,1959,4.0,,7092289.0,North America
12559,Cuba,CUB,1960,4.129,4.14,7238044.0,North America
12560,Cuba,CUB,1961,4.265,,7387071.0,North America
12561,Cuba,CUB,1962,4.421,,7541057.0,North America
12562,Cuba,CUB,1963,4.559,,7701619.0,North America
12563,Cuba,CUB,1964,4.528,,7865963.0,North America
12564,Cuba,CUB,1965,4.504,4.64,8030755.0,North America
12565,Cuba,CUB,1966,4.398,,8193401.0,North America
12566,Cuba,CUB,1967,4.294,,8352581.0,North America
12567,Cuba,CUB,1968,4.194,,8509469.0,North America
12568,Cuba,CUB,1969,4.124,,8666590.0,North America
12569,Cuba,CUB,1970,3.981,5.39,8824337.0,North America
12570,Cuba,CUB,1971,3.799,,8979038.0,North America
12571,Cuba,CUB,1972,3.612,,9123844.0,North America
12572,Cuba,CUB,1973,3.402,,9255287.0,North America
12573,Cuba,CUB,1974,3.164,,9374143.0,North America
12574,Cuba,CUB,1975,2.824,6.26,9479671.0,North America
12575,Cuba,CUB,1976,2.506,,9571190.0,North America
12576,Cuba,CUB,1977,2.209,,9648385.0,North America
12577,Cuba,CUB,1978,1.884,,9711928.0,North America
12578,Cuba,CUB,1979,1.771,,9763308.0,North America
12579,Cuba,CUB,1980,1.637,7.53,9804751.0,North America
12580,Cuba,CUB,1981,1.591,,9849279.0,North America
12581,Cuba,CUB,1982,1.776,,9912631.0,North America
12582,Cuba,CUB,1983,1.801,,9990972.0,North America
12583,Cuba,CUB,1984,1.774,,10073253.0,North America
12584,Cuba,CUB,1985,1.772,8.42,10157180.0,North America
12585,Cuba,CUB,1986,1.779,,10244201.0,North America
12586,Cuba,CUB,1987,1.8,,10335288.0,North America
12587,Cuba,CUB,1988,1.853,,10432542.0,North America
12588,Cuba,CUB,1989,1.832,,10533199.0,North America
12589,Cuba,CUB,1990,1.806,9.05,10631749.0,North America
12590,Cuba,CUB,1991,1.663,,10717592.0,North America
12591,Cuba,CUB,1992,1.562,,10785760.0,North America
12592,Cuba,CUB,1993,1.489,,10840991.0,North America
12593,Cuba,CUB,1994,1.467,,10885965.0,North America
12594,Cuba,CUB,1995,1.481,9.48,10925320.0,North America
12595,Cuba,CUB,1996,1.457,,10961962.0,North America
12596,Cuba,CUB,1997,1.59,,10997881.0,North America
12597,Cuba,CUB,1998,1.617,,11034670.0,North America
12598,Cuba,CUB,1999,1.64,,11072180.0,North America
12599,Cuba,CUB,2000,1.608,9.84,11109058.0,North America
12600,Cuba,CUB,2001,1.595,,11144073.0,North America
12601,Cuba,CUB,2002,1.645,,11177376.0,North America
12602,Cuba,CUB,2003,1.627,,11209330.0,North America
12603,Cuba,CUB,2004,1.546,,11238704.0,North America
12604,Cuba,CUB,2005,1.486,10.37,11262507.0,North America
12605,Cuba,CUB,2006,1.402,,11278506.0,North America
12606,Cuba,CUB,2007,1.436,,11287227.0,North America
12607,Cuba,CUB,2008,1.576,,11291718.0,North America
12608,Cuba,CUB,2009,1.678,,11294665.0,North America
12609,Cuba,CUB,2010,1.673,11.1,11297363.0,North America
12610,Cuba,CUB,2011,1.734,,11301523.0,North America
12611,Cuba,CUB,2012,1.668,,11303128.0,North America
12612,Cuba,CUB,2013,1.678,,11298111.0,North America
12613,Cuba,CUB,2014,1.655,,11285740.0,North America
12614,Cuba,CUB,2015,1.685,11.14,11275017.0,North America
12615,Cuba,CUB,2016,1.6,,11265570.0,North America
12616,Cuba,CUB,2017,1.585,,11247779.0,North America
12617,Cuba,CUB,2018,1.607,,11227064.0,North America
12618,Cuba,CUB,2019,1.54,,11202800.0,North America
12619,Cuba,CUB,2020,1.489,11.63,11176301.0,North America
12814,Curacao,CUW,1950,4.981,,101729.0,North America
12815,Curacao,CUW,1951,5.009,,104370.0,North America
12816,Curacao,CUW,1952,5.043,,107136.0,North America
12817,Curacao,CUW,1953,5.07,,110024.0,North America
12818,Curacao,CUW,1954,5.11,,112982.0,North America
12819,Curacao,CUW,1955,5.155,,116071.0,North America
12820,Curacao,CUW,1956,5.166,,119271.0,North America
12821,Curacao,CUW,1957,5.184,,122562.0,North America
12822,Curacao,CUW,1958,5.194,,125950.0,North America
12823,Curacao,CUW,1959,5.176,,129403.0,North America
12824,Curacao,CUW,1960,5.13,,132152.0,North America
12825,Curacao,CUW,1961,5.042,,134264.0,North America
12826,Curacao,CUW,1962,4.927,,136424.0,North America
12827,Curacao,CUW,1963,4.798,,138491.0,North America
12828,Curacao,CUW,1964,4.641,,140485.0,North America
12829,Curacao,CUW,1965,4.475,,142428.0,North America
12830,Curacao,CUW,1966,4.265,,144283.0,North America
12831,Curacao,CUW,1967,4.059,,146066.0,North America
12832,Curacao,CUW,1968,3.827,,147769.0,North America
12833,Curacao,CUW,1969,3.608,,149365.0,North America
12834,Curacao,CUW,1970,3.397,,150840.0,North America
12835,Curacao,CUW,1971,3.18,,152149.0,North America
12836,Curacao,CUW,1972,2.992,,153253.0,North America
12837,Curacao,CUW,1973,2.872,,154056.0,North America
12838,Curacao,CUW,1974,2.773,,154643.0,North America
12839,Curacao,CUW,1975,2.662,,155167.0,North America
12840,Curacao,CUW,1976,2.554,,155595.0,North America
12841,Curacao,CUW,1977,2.463,,155932.0,North America
12842,Curacao,CUW,1978,2.38,,156216.0,North America
12843,Curacao,CUW,1979,2.312,,156446.0,North America
12844,Curacao,CUW,1980,2.272,,156623.0,North America
12845,Curacao,CUW,1981,2.249,,156753.0,North America
12846,Curacao,CUW,1982,2.236,,156799.0,North America
12847,Curacao,CUW,1983,2.238,,156797.0,North America
12848,Curacao,CUW,1984,2.237,,156753.0,North America
12849,Curacao,CUW,1985,2.242,,156669.0,North America
12850,Curacao,CUW,1986,2.241,,156552.0,North America
12851,Curacao,CUW,1987,2.242,,156405.0,North America
12852,Curacao,CUW,1988,2.253,,156213.0,North America
12853,Curacao,CUW,1989,2.269,,155982.0,North America
12854,Curacao,CUW,1990,2.303,,155705.0,North America
12855,Curacao,CUW,1991,2.372,,155411.0,North America
12856,Curacao,CUW,1992,2.433,,155053.0,North America
12857,Curacao,CUW,1993,2.438,,154457.0,North America
12858,Curacao,CUW,1994,2.43,,153633.0,North America
12859,Curacao,CUW,1995,2.419,,152655.0,North America
12860,Curacao,CUW,1996,2.403,,151535.0,North America
12861,Curacao,CUW,1997,2.367,,150264.0,North America
12862,Curacao,CUW,1998,2.315,,148825.0,North America
12863,Curacao,CUW,1999,2.285,,147224.0,North America
12864,Curacao,CUW,2000,2.342,,145492.0,North America
12865,Curacao,CUW,2001,2.405,,144704.0,North America
12866,Curacao,CUW,2002,2.3,,145858.0,North America
12867,Curacao,CUW,2003,2.191,,147870.0,North America
12868,Curacao,CUW,2004,2.099,,149753.0,North America
12869,Curacao,CUW,2005,2.037,,151275.0,North America
12870,Curacao,CUW,2006,1.977,,152468.0,North America
12871,Curacao,CUW,2007,1.915,,153627.0,North America
12872,Curacao,CUW,2008,1.866,,154738.0,North America
12873,Curacao,CUW,2009,1.879,,155791.0,North America
12874,Curacao,CUW,2010,2.185,,156831.0,North America
12875,Curacao,CUW,2011,2.106,,158533.0,North America
12876,Curacao,CUW,2012,2.193,,160863.0,North America
12877,Curacao,CUW,2013,2.098,,163091.0,North America
12878,Curacao,CUW,2014,1.998,,164991.0,North America
12879,Curacao,CUW,2015,1.896,,166573.0,North America
12880,Curacao,CUW,2016,1.695,,167743.0,North America
12881,Curacao,CUW,2017,1.455,,168473.0,North America
12882,Curacao,CUW,2018,1.492,,181553.0,North America
12883,Curacao,CUW,2019,1.181,,189500.0,North America
12884,Curacao,CUW,2020,1.099,,184982.0,North America
12888,Cyprus,CYP,1950,3.871,2.69,493834.0,Europe
12889,Cyprus,CYP,1951,3.801,,501020.0,Europe
12890,Cyprus,CYP,1952,3.467,,508641.0,Europe
12891,Cyprus,CYP,1953,3.465,,516679.0,Europe
12892,Cyprus,CYP,1954,3.506,,525058.0,Europe
12893,Cyprus,CYP,1955,3.441,3.41,533820.0,Europe
12894,Cyprus,CYP,1956,3.387,,543020.0,Europe
12895,Cyprus,CYP,1957,3.386,,552785.0,Europe
12896,Cyprus,CYP,1958,3.378,,563242.0,Europe
12897,Cyprus,CYP,1959,3.402,,574529.0,Europe
12898,Cyprus,CYP,1960,3.393,4.38,586442.0,Europe
12899,Cyprus,CYP,1961,3.619,,595475.0,Europe
12900,Cyprus,CYP,1962,3.51,,601424.0,Europe
12901,Cyprus,CYP,1963,3.494,,607197.0,Europe
12902,Cyprus,CYP,1964,3.409,,612478.0,Europe
12903,Cyprus,CYP,1965,3.47,4.98,617699.0,Europe
12904,Cyprus,CYP,1966,3.395,,623345.0,Europe
12905,Cyprus,CYP,1967,3.324,,629212.0,Europe
12906,Cyprus,CYP,1968,3.267,,635116.0,Europe
12907,Cyprus,CYP,1969,3.188,,641152.0,Europe
12908,Cyprus,CYP,1970,3.065,5.55,647398.0,Europe
12909,Cyprus,CYP,1971,3.036,,654007.0,Europe
12910,Cyprus,CYP,1972,2.988,,661022.0,Europe
12911,Cyprus,CYP,1973,2.403,,665897.0,Europe
12912,Cyprus,CYP,1974,2.28,,663218.0,Europe
12913,Cyprus,CYP,1975,2.107,6.37,659362.0,Europe
12914,Cyprus,CYP,1976,2.327,,661995.0,Europe
12915,Cyprus,CYP,1977,2.089,,667046.0,Europe
12916,Cyprus,CYP,1978,2.079,,672196.0,Europe
12917,Cyprus,CYP,1979,2.136,,677496.0,Europe
12918,Cyprus,CYP,1980,2.298,7.35,683028.0,Europe
12919,Cyprus,CYP,1981,2.154,,688846.0,Europe
12920,Cyprus,CYP,1982,2.487,,696453.0,Europe
12921,Cyprus,CYP,1983,2.493,,707177.0,Europe
12922,Cyprus,CYP,1984,2.512,,719287.0,Europe
12923,Cyprus,CYP,1985,2.432,8.43,731234.0,Europe
12924,Cyprus,CYP,1986,2.452,,743067.0,Europe
12925,Cyprus,CYP,1987,2.388,,754738.0,Europe
12926,Cyprus,CYP,1988,2.47,,766191.0,Europe
12927,Cyprus,CYP,1989,2.369,,777376.0,Europe
12928,Cyprus,CYP,1990,2.402,9.46,788307.0,Europe
12929,Cyprus,CYP,1991,2.34,,798903.0,Europe
12930,Cyprus,CYP,1992,2.459,,810293.0,Europe
12931,Cyprus,CYP,1993,2.247,,825997.0,Europe
12932,Cyprus,CYP,1994,2.163,,844610.0,Europe
12933,Cyprus,CYP,1995,2.032,10.0,862642.0,Europe
12934,Cyprus,CYP,1996,1.953,,880238.0,Europe
12935,Cyprus,CYP,1997,1.86,,897532.0,Europe
12936,Cyprus,CYP,1998,1.761,,914503.0,Europe
12937,Cyprus,CYP,1999,1.672,,931194.0,Europe
12938,Cyprus,CYP,2000,1.638,10.65,947619.0,Europe
12939,Cyprus,CYP,2001,1.566,,964078.0,Europe
12940,Cyprus,CYP,2002,1.497,,981398.0,Europe
12941,Cyprus,CYP,2003,1.505,,999549.0,Europe
12942,Cyprus,CYP,2004,1.512,,1017824.0,Europe
12943,Cyprus,CYP,2005,1.479,9.75,1036110.0,Europe
12944,Cyprus,CYP,2006,1.509,,1054370.0,Europe
12945,Cyprus,CYP,2007,1.449,,1072674.0,Europe
12946,Cyprus,CYP,2008,1.479,,1090985.0,Europe
12947,Cyprus,CYP,2009,1.475,,1109330.0,Europe
12948,Cyprus,CYP,2010,1.434,11.79,1127771.0,Europe
12949,Cyprus,CYP,2011,1.36,,1146448.0,Europe
12950,Cyprus,CYP,2012,1.382,,1165359.0,Europe
12951,Cyprus,CYP,2013,1.304,,1183847.0,Europe
12952,Cyprus,CYP,2014,1.312,,1201763.0,Europe
12953,Cyprus,CYP,2015,1.323,12.24,1219450.0,Europe
12954,Cyprus,CYP,2016,1.357,,1237065.0,Europe
12955,Cyprus,CYP,2017,1.323,,1254213.0,Europe
12956,Cyprus,CYP,2018,1.319,,1270700.0,Europe
12957,Cyprus,CYP,2019,1.33,,1286615.0,Europe
12958,Cyprus,CYP,2020,1.361,12.69,1302202.0,Europe
13153,Czechia,CZE,1950,2.818,7.79,8916664.0,Europe
13154,Czechia,CZE,1951,2.791,,8997191.0,Europe
13155,Czechia,CZE,1952,2.724,,9077167.0,Europe
13156,Czechia,CZE,1953,2.624,,9152549.0,Europe
13157,Czechia,CZE,1954,2.584,,9221134.0,Europe
13158,Czechia,CZE,1955,2.583,7.94,9289377.0,Europe
13159,Czechia,CZE,1956,2.568,,9357977.0,Europe
13160,Czechia,CZE,1957,2.482,,9418930.0,Europe
13161,Czechia,CZE,1958,2.284,,9469654.0,Europe
13162,Czechia,CZE,1959,2.096,,9508343.0,Europe
13163,Czechia,CZE,1960,2.088,8.12,9541555.0,Europe
13164,Czechia,CZE,1961,2.107,,9573342.0,Europe
13165,Czechia,CZE,1962,2.123,,9597413.0,Europe
13166,Czechia,CZE,1963,2.308,,9627281.0,Europe
13167,Czechia,CZE,1964,2.342,,9668699.0,Europe
13168,Czechia,CZE,1965,2.187,8.65,9706802.0,Europe
13169,Czechia,CZE,1966,2.031,,9736193.0,Europe
13170,Czechia,CZE,1967,1.916,,9758935.0,Europe
13171,Czechia,CZE,1968,1.848,,9775065.0,Europe
13172,Czechia,CZE,1969,1.882,,9787748.0,Europe
13173,Czechia,CZE,1970,1.92,9.18,9801206.0,Europe
13174,Czechia,CZE,1971,1.989,,9822734.0,Europe
13175,Czechia,CZE,1972,2.092,,9858025.0,Europe
13176,Czechia,CZE,1973,2.305,,9906164.0,Europe
13177,Czechia,CZE,1974,2.457,,9965913.0,Europe
13178,Czechia,CZE,1975,2.43,9.67,10030738.0,Europe
13179,Czechia,CZE,1976,2.388,,10092896.0,Europe
13180,Czechia,CZE,1977,2.34,,10149317.0,Europe
13181,Czechia,CZE,1978,2.326,,10200701.0,Europe
13182,Czechia,CZE,1979,2.269,,10246103.0,Europe
13183,Czechia,CZE,1980,2.076,10.12,10275349.0,Europe
13184,Czechia,CZE,1981,1.994,,10289471.0,Europe
13185,Czechia,CZE,1982,1.995,,10298966.0,Europe
13186,Czechia,CZE,1983,1.967,,10302896.0,Europe
13187,Czechia,CZE,1984,1.965,,10303771.0,Europe
13188,Czechia,CZE,1985,1.949,10.56,10305087.0,Europe
13189,Czechia,CZE,1986,1.919,,10304323.0,Europe
13190,Czechia,CZE,1987,1.903,,10303375.0,Europe
13191,Czechia,CZE,1988,1.928,,10305395.0,Europe
13192,Czechia,CZE,1989,1.868,,10305562.0,Europe
13193,Czechia,CZE,1990,1.885,11.1,10301937.0,Europe
13194,Czechia,CZE,1991,1.841,,10304363.0,Europe
13195,Czechia,CZE,1992,1.708,,10312408.0,Europe
13196,Czechia,CZE,1993,1.652,,10320353.0,Europe
13197,Czechia,CZE,1994,1.436,,10322286.0,Europe
13198,Czechia,CZE,1995,1.275,12.1,10311979.0,Europe
13199,Czechia,CZE,1996,1.185,,10296088.0,Europe
13200,Czechia,CZE,1997,1.171,,10279996.0,Europe
13201,Czechia,CZE,1998,1.156,,10265381.0,Europe
13202,Czechia,CZE,1999,1.136,,10251335.0,Europe
13203,Czechia,CZE,2000,1.146,12.67,10236753.0,Europe
13204,Czechia,CZE,2001,1.146,,10231897.0,Europe
13205,Czechia,CZE,2002,1.167,,10239426.0,Europe
13206,Czechia,CZE,2003,1.176,,10248852.0,Europe
13207,Czechia,CZE,2004,1.225,,10261411.0,Europe
13208,Czechia,CZE,2005,1.281,12.74,10280103.0,Europe
13209,Czechia,CZE,2006,1.333,,10304542.0,Europe
13210,Czechia,CZE,2007,1.441,,10337488.0,Europe
13211,Czechia,CZE,2008,1.508,,10378248.0,Europe
13212,Czechia,CZE,2009,1.51,,10420931.0,Europe
13213,Czechia,CZE,2010,1.509,12.77,10463981.0,Europe
13214,Czechia,CZE,2011,1.427,,10495455.0,Europe
13215,Czechia,CZE,2012,1.447,,10507287.0,Europe
13216,Czechia,CZE,2013,1.455,,10511117.0,Europe
13217,Czechia,CZE,2014,1.526,,10517176.0,Europe
13218,Czechia,CZE,2015,1.589,12.87,10524367.0,Europe
13219,Czechia,CZE,2016,1.652,,10531895.0,Europe
13220,Czechia,CZE,2017,1.715,,10541301.0,Europe
13221,Czechia,CZE,2018,1.744,,10548878.0,Europe
13222,Czechia,CZE,2019,1.753,,10554819.0,Europe
13223,Czechia,CZE,2020,1.763,12.92,10550083.0,Europe
13458,Czechoslovakia,OWID_CZS,1950,,,12390000.0,Europe
13459,Czechoslovakia,OWID_CZS,1951,,,12530000.0,Europe
13460,Czechoslovakia,OWID_CZS,1952,,,12680000.0,Europe
13461,Czechoslovakia,OWID_CZS,1953,,,12820000.0,Europe
13462,Czechoslovakia,OWID_CZS,1954,,,12950000.0,Europe
13463,Czechoslovakia,OWID_CZS,1955,,,13090000.0,Europe
13464,Czechoslovakia,OWID_CZS,1956,,,13230000.0,Europe
13465,Czechoslovakia,OWID_CZS,1957,,,13360000.0,Europe
13466,Czechoslovakia,OWID_CZS,1958,,,13470000.0,Europe
13467,Czechoslovakia,OWID_CZS,1959,,,13560000.0,Europe
13468,Czechoslovakia,OWID_CZS,1960,,,13650000.0,Europe
13469,Czechoslovakia,OWID_CZS,1961,,,13780000.0,Europe
13470,Czechoslovakia,OWID_CZS,1962,,,13860000.0,Europe
13471,Czechoslovakia,OWID_CZS,1963,,,13950000.0,Europe
13472,Czechoslovakia,OWID_CZS,1964,,,14050000.0,Europe
13473,Czechoslovakia,OWID_CZS,1965,,,14150000.0,Europe
13474,Czechoslovakia,OWID_CZS,1966,,,14220000.0,Europe
13475,Czechoslovakia,OWID_CZS,1967,,,14280000.0,Europe
13476,Czechoslovakia,OWID_CZS,1968,,,14320000.0,Europe
13477,Czechoslovakia,OWID_CZS,1969,,,14280000.0,Europe
13478,Czechoslovakia,OWID_CZS,1970,,,14320000.0,Europe
13479,Czechoslovakia,OWID_CZS,1971,,,14380000.0,Europe
13480,Czechoslovakia,OWID_CZS,1972,,,14460000.0,Europe
13481,Czechoslovakia,OWID_CZS,1973,,,14550000.0,Europe
13482,Czechoslovakia,OWID_CZS,1974,,,14660000.0,Europe
13483,Czechoslovakia,OWID_CZS,1975,,,14770000.0,Europe
13484,Czechoslovakia,OWID_CZS,1976,,,14880000.0,Europe
13485,Czechoslovakia,OWID_CZS,1977,,,14990000.0,Europe
13486,Czechoslovakia,OWID_CZS,1978,,,15090000.0,Europe
13487,Czechoslovakia,OWID_CZS,1979,,,15180000.0,Europe
13488,Czechoslovakia,OWID_CZS,1980,,,15250000.0,Europe
13489,Czechoslovakia,OWID_CZS,1981,,,15310000.0,Europe
13490,Czechoslovakia,OWID_CZS,1982,,,15350000.0,Europe
13491,Czechoslovakia,OWID_CZS,1983,,,15390000.0,Europe
13492,Czechoslovakia,OWID_CZS,1984,,,15420000.0,Europe
13493,Czechoslovakia,OWID_CZS,1985,,,15450000.0,Europe
13494,Czechoslovakia,OWID_CZS,1986,,,15480000.0,Europe
13495,Czechoslovakia,OWID_CZS,1987,,,15510000.0,Europe
13496,Czechoslovakia,OWID_CZS,1988,,,15540000.0,Europe
13497,Czechoslovakia,OWID_CZS,1989,,,15560000.0,Europe
13498,Czechoslovakia,OWID_CZS,1990,,,15570000.0,Europe
13499,Czechoslovakia,OWID_CZS,1991,,,15590000.0,Europe
13500,Czechoslovakia,OWID_CZS,1992,,,15620000.0,Europe
13501,Czechoslovakia,OWID_CZS,1993,,,15650000.0,Europe
13503,Democratic Republic of Congo,COD,1950,5.966,0.13,12294248.0,Africa
13504,Democratic Republic of Congo,COD,1951,5.971,,12542603.0,Africa
13505,Democratic Republic of Congo,COD,1952,5.966,,12803588.0,Africa
13506,Democratic Republic of Congo,COD,1953,5.983,,13069404.0,Africa
13507,Democratic Republic of Congo,COD,1954,5.984,,13342994.0,Africa
13508,Democratic Republic of Congo,COD,1955,5.982,0.16,13630311.0,Africa
13509,Democratic Republic of Congo,COD,1956,5.986,,13929900.0,Africa
13510,Democratic Republic of Congo,COD,1957,6.009,,14242224.0,Africa
13511,Democratic Republic of Congo,COD,1958,6.036,,14557750.0,Africa
13512,Democratic Republic of Congo,COD,1959,6.065,,14891542.0,Africa
13513,Democratic Republic of Congo,COD,1960,6.105,0.24,15264804.0,Africa
13514,Democratic Republic of Congo,COD,1961,6.124,,15662328.0,Africa
13515,Democratic Republic of Congo,COD,1962,6.141,,16075684.0,Africa
13516,Democratic Republic of Congo,COD,1963,6.158,,16507565.0,Africa
13517,Democratic Republic of Congo,COD,1964,6.188,,16955281.0,Africa
13518,Democratic Republic of Congo,COD,1965,6.21,0.35,17427753.0,Africa
13519,Democratic Republic of Congo,COD,1966,6.242,,17931876.0,Africa
13520,Democratic Republic of Congo,COD,1967,6.267,,18462745.0,Africa
13521,Democratic Republic of Congo,COD,1968,6.286,,19012147.0,Africa
13522,Democratic Republic of Congo,COD,1969,6.304,,19570413.0,Africa
13523,Democratic Republic of Congo,COD,1970,6.329,0.52,20137390.0,Africa
13524,Democratic Republic of Congo,COD,1971,6.344,,20695523.0,Africa
13525,Democratic Republic of Congo,COD,1972,6.369,,21251123.0,Africa
13526,Democratic Republic of Congo,COD,1973,6.385,,21827609.0,Africa
13527,Democratic Republic of Congo,COD,1974,6.404,,22418830.0,Africa
13528,Democratic Republic of Congo,COD,1975,6.419,0.79,23021053.0,Africa
13529,Democratic Republic of Congo,COD,1976,6.437,,23623987.0,Africa
13530,Democratic Republic of Congo,COD,1977,6.45,,24229008.0,Africa
13531,Democratic Republic of Congo,COD,1978,6.463,,24992634.0,Africa
13532,Democratic Republic of Congo,COD,1979,6.479,,25886729.0,Africa
13533,Democratic Republic of Congo,COD,1980,6.495,1.15,26711056.0,Africa
13534,Democratic Republic of Congo,COD,1981,6.519,,27500479.0,Africa
13535,Democratic Republic of Congo,COD,1982,6.54,,28338147.0,Africa
13536,Democratic Republic of Congo,COD,1983,6.564,,29250917.0,Africa
13537,Democratic Republic of Congo,COD,1984,6.586,,30245039.0,Africa
13538,Democratic Republic of Congo,COD,1985,6.612,1.53,31264765.0,Africa
13539,Democratic Republic of Congo,COD,1986,6.634,,32265151.0,Africa
13540,Democratic Republic of Congo,COD,1987,6.651,,33298859.0,Africa
13541,Democratic Republic of Congo,COD,1988,6.656,,34382706.0,Africa
13542,Democratic Republic of Congo,COD,1989,6.65,,35486810.0,Africa
13543,Democratic Republic of Congo,COD,1990,6.649,2.02,36684021.0,Africa
13544,Democratic Republic of Congo,COD,1991,6.645,,37925779.0,Africa
13545,Democratic Republic of Congo,COD,1992,6.639,,39228862.0,Africa
13546,Democratic Republic of Congo,COD,1993,6.641,,40656298.0,Africa
13547,Democratic Republic of Congo,COD,1994,6.643,,42626833.0,Africa
13548,Democratic Republic of Congo,COD,1995,6.676,2.21,44433665.0,Africa
13549,Democratic Republic of Congo,COD,1996,6.672,,45296084.0,Africa
13550,Democratic Republic of Congo,COD,1997,6.69,,46029863.0,Africa
13551,Democratic Republic of Congo,COD,1998,6.7,,47297545.0,Africa
13552,Democratic Republic of Congo,COD,1999,6.692,,48912931.0,Africa
13553,Democratic Republic of Congo,COD,2000,6.702,2.31,50507393.0,Africa
13554,Democratic Republic of Congo,COD,2001,6.663,,52132600.0,Africa
13555,Democratic Republic of Congo,COD,2002,6.606,,53750475.0,Africa
13556,Democratic Republic of Congo,COD,2003,6.549,,55343820.0,Africa
13557,Democratic Republic of Congo,COD,2004,6.53,,56997687.0,Africa
13558,Democratic Republic of Congo,COD,2005,6.526,2.42,58775669.0,Africa
13559,Democratic Republic of Congo,COD,2006,6.547,,60615860.0,Africa
13560,Democratic Republic of Congo,COD,2007,6.559,,62477704.0,Africa
13561,Democratic Republic of Congo,COD,2008,6.58,,64390611.0,Africa
13562,Democratic Republic of Congo,COD,2009,6.591,,66411991.0,Africa
13563,Democratic Republic of Congo,COD,2010,6.587,2.69,68562998.0,Africa
13564,Democratic Republic of Congo,COD,2011,6.582,,70849263.0,Africa
13565,Democratic Republic of Congo,COD,2012,6.559,,73254570.0,Africa
13566,Democratic Republic of Congo,COD,2013,6.527,,75789348.0,Africa
13567,Democratic Republic of Congo,COD,2014,6.483,,78403201.0,Africa
13568,Democratic Republic of Congo,COD,2015,6.437,3.34,81035481.0,Africa
13569,Democratic Republic of Congo,COD,2016,6.392,,83956362.0,Africa
13570,Democratic Republic of Congo,COD,2017,6.349,,87083355.0,Africa
13571,Democratic Republic of Congo,COD,2018,6.302,,90047595.0,Africa
13572,Democratic Republic of Congo,COD,2019,6.253,,92947398.0,Africa
13573,Democratic Republic of Congo,COD,2020,6.206,4.01,95989947.0,Africa
13769,Denmark,DNK,1950,2.572,5.36,4268360.0,Europe
13770,Denmark,DNK,1951,2.508,,4300208.0,Europe
13771,Denmark,DNK,1952,2.539,,4332188.0,Europe
13772,Denmark,DNK,1953,2.598,,4369054.0,Europe
13773,Denmark,DNK,1954,2.561,,4406361.0,Europe
13774,Denmark,DNK,1955,2.589,4.29,4438797.0,Europe
13775,Denmark,DNK,1956,2.6,,4466295.0,Europe
13776,Denmark,DNK,1957,2.556,,4489610.0,Europe
13777,Denmark,DNK,1958,2.528,,4516020.0,Europe
13778,Denmark,DNK,1959,2.493,,4548425.0,Europe
13779,Denmark,DNK,1960,2.561,4.72,4579292.0,Europe
13780,Denmark,DNK,1961,2.547,,4611303.0,Europe
13781,Denmark,DNK,1962,2.549,,4647415.0,Europe
13782,Denmark,DNK,1963,2.655,,4684217.0,Europe
13783,Denmark,DNK,1964,2.601,,4721835.0,Europe
13784,Denmark,DNK,1965,2.608,5.58,4758793.0,Europe
13785,Denmark,DNK,1966,2.607,,4797153.0,Europe
13786,Denmark,DNK,1967,2.351,,4835180.0,Europe
13787,Denmark,DNK,1968,2.119,,4864739.0,Europe
13788,Denmark,DNK,1969,1.998,,4891752.0,Europe
13789,Denmark,DNK,1970,1.956,6.64,4928629.0,Europe
13790,Denmark,DNK,1971,2.038,,4963011.0,Europe
13791,Denmark,DNK,1972,2.026,,4991527.0,Europe
13792,Denmark,DNK,1973,1.921,,5021715.0,Europe
13793,Denmark,DNK,1974,1.898,,5045585.0,Europe
13794,Denmark,DNK,1975,1.908,7.5,5060346.0,Europe
13795,Denmark,DNK,1976,1.75,,5072754.0,Europe
13796,Denmark,DNK,1977,1.663,,5088527.0,Europe
13797,Denmark,DNK,1978,1.661,,5104295.0,Europe
13798,Denmark,DNK,1979,1.601,,5116805.0,Europe
13799,Denmark,DNK,1980,1.54,8.37,5123024.0,Europe
13800,Denmark,DNK,1981,1.44,,5121567.0,Europe
13801,Denmark,DNK,1982,1.42,,5117847.0,Europe
13802,Denmark,DNK,1983,1.378,,5114422.0,Europe
13803,Denmark,DNK,1984,1.398,,5111778.0,Europe
13804,Denmark,DNK,1985,1.443,9.11,5113823.0,Europe
13805,Denmark,DNK,1986,1.476,,5120640.0,Europe
13806,Denmark,DNK,1987,1.497,,5127093.0,Europe
13807,Denmark,DNK,1988,1.558,,5129588.0,Europe
13808,Denmark,DNK,1989,1.617,,5132673.0,Europe
13809,Denmark,DNK,1990,1.664,10.21,5140973.0,Europe
13810,Denmark,DNK,1991,1.685,,5154296.0,Europe
13811,Denmark,DNK,1992,1.755,,5171320.0,Europe
13812,Denmark,DNK,1993,1.75,,5188587.0,Europe
13813,Denmark,DNK,1994,1.801,,5206148.0,Europe
13814,Denmark,DNK,1995,1.801,10.84,5233317.0,Europe
13815,Denmark,DNK,1996,1.751,,5263020.0,Europe
13816,Denmark,DNK,1997,1.749,,5284984.0,Europe
13817,Denmark,DNK,1998,1.723,,5304222.0,Europe
13818,Denmark,DNK,1999,1.734,,5321759.0,Europe
13819,Denmark,DNK,2000,1.765,11.39,5339614.0,Europe
13820,Denmark,DNK,2001,1.742,,5358777.0,Europe
13821,Denmark,DNK,2002,1.726,,5375919.0,Europe
13822,Denmark,DNK,2003,1.756,,5390562.0,Europe
13823,Denmark,DNK,2004,1.779,,5404551.0,Europe
13824,Denmark,DNK,2005,1.798,11.77,5419506.0,Europe
13825,Denmark,DNK,2006,1.841,,5437380.0,Europe
13826,Denmark,DNK,2007,1.842,,5461554.0,Europe
13827,Denmark,DNK,2008,1.88,,5493714.0,Europe
13828,Denmark,DNK,2009,1.84,,5523119.0,Europe
13829,Denmark,DNK,2010,1.858,12.03,5547824.0,Europe
13830,Denmark,DNK,2011,1.754,,5570801.0,Europe
13831,Denmark,DNK,2012,1.723,,5591867.0,Europe
13832,Denmark,DNK,2013,1.67,,5615285.0,Europe
13833,Denmark,DNK,2014,1.688,,5643742.0,Europe
13834,Denmark,DNK,2015,1.712,11.73,5683641.0,Europe
13835,Denmark,DNK,2016,1.775,,5728150.0,Europe
13836,Denmark,DNK,2017,1.749,,5765108.0,Europe
13837,Denmark,DNK,2018,1.726,,5793761.0,Europe
13838,Denmark,DNK,2019,1.698,,5814566.0,Europe
13839,Denmark,DNK,2020,1.678,11.75,5831483.0,Europe
14034,Djibouti,DJI,1950,6.821,,62311.0,Africa
14035,Djibouti,DJI,1951,6.813,,64287.0,Africa
14036,Djibouti,DJI,1952,6.811,,66332.0,Africa
14037,Djibouti,DJI,1953,6.819,,68465.0,Africa
14038,Djibouti,DJI,1954,6.823,,70677.0,Africa
14039,Djibouti,DJI,1955,6.824,,72983.0,Africa
14040,Djibouti,DJI,1956,6.825,,75363.0,Africa
14041,Djibouti,DJI,1957,6.82,,77844.0,Africa
14042,Djibouti,DJI,1958,6.831,,80413.0,Africa
14043,Djibouti,DJI,1959,6.83,,83064.0,Africa
14044,Djibouti,DJI,1960,6.847,,85995.0,Africa
14045,Djibouti,DJI,1961,6.848,,89363.0,Africa
14046,Djibouti,DJI,1962,6.854,,93252.0,Africa
14047,Djibouti,DJI,1963,6.86,,97843.0,Africa
14048,Djibouti,DJI,1964,6.872,,103172.0,Africa
14049,Djibouti,DJI,1965,6.864,,109070.0,Africa
14050,Djibouti,DJI,1966,6.875,,115235.0,Africa
14051,Djibouti,DJI,1967,6.87,,121617.0,Africa
14052,Djibouti,DJI,1968,6.876,,128223.0,Africa
14053,Djibouti,DJI,1969,6.878,,136047.0,Africa
14054,Djibouti,DJI,1970,6.879,,145148.0,Africa
14055,Djibouti,DJI,1971,6.882,,155112.0,Africa
14056,Djibouti,DJI,1972,6.851,,166221.0,Africa
14057,Djibouti,DJI,1973,6.817,,178413.0,Africa
14058,Djibouti,DJI,1974,6.78,,192574.0,Africa
14059,Djibouti,DJI,1975,6.737,,209874.0,Africa
14060,Djibouti,DJI,1976,6.691,,230701.0,Africa
14061,Djibouti,DJI,1977,6.64,,254583.0,Africa
14062,Djibouti,DJI,1978,6.586,,280004.0,Africa
14063,Djibouti,DJI,1979,6.523,,304479.0,Africa
14064,Djibouti,DJI,1980,6.46,,325790.0,Africa
14065,Djibouti,DJI,1981,6.397,,343020.0,Africa
14066,Djibouti,DJI,1982,6.342,,356848.0,Africa
14067,Djibouti,DJI,1983,6.298,,369520.0,Africa
14068,Djibouti,DJI,1984,6.247,,384025.0,Africa
14069,Djibouti,DJI,1985,6.192,,402640.0,Africa
14070,Djibouti,DJI,1986,6.139,,426293.0,Africa
14071,Djibouti,DJI,1987,6.086,,454369.0,Africa
14072,Djibouti,DJI,1988,6.03,,484482.0,Africa
14073,Djibouti,DJI,1989,5.973,,523310.0,Africa
14074,Djibouti,DJI,1990,5.931,,579498.0,Africa
14075,Djibouti,DJI,1991,5.856,,631053.0,Africa
14076,Djibouti,DJI,1992,5.751,,625972.0,Africa
14077,Djibouti,DJI,1993,5.638,,614201.0,Africa
14078,Djibouti,DJI,1994,5.507,,626667.0,Africa
14079,Djibouti,DJI,1995,5.331,,633037.0,Africa
14080,Djibouti,DJI,1996,5.149,,648307.0,Africa
14081,Djibouti,DJI,1997,4.966,,671772.0,Africa
14082,Djibouti,DJI,1998,4.795,,699309.0,Africa
14083,Djibouti,DJI,1999,4.687,,724183.0,Africa
14084,Djibouti,DJI,2000,4.601,,747274.0,Africa
14085,Djibouti,DJI,2001,4.518,,771269.0,Africa
14086,Djibouti,DJI,2002,4.41,,795535.0,Africa
14087,Djibouti,DJI,2003,4.296,,813490.0,Africa
14088,Djibouti,DJI,2004,4.162,,826097.0,Africa
14089,Djibouti,DJI,2005,4.035,,839126.0,Africa
14090,Djibouti,DJI,2006,3.899,,855714.0,Africa
14091,Djibouti,DJI,2007,3.756,,874488.0,Africa
14092,Djibouti,DJI,2008,3.621,,892698.0,Africa
14093,Djibouti,DJI,2009,3.521,,911478.0,Africa
14094,Djibouti,DJI,2010,3.431,,930209.0,Africa
14095,Djibouti,DJI,2011,3.341,,948524.0,Africa
14096,Djibouti,DJI,2012,3.255,,966707.0,Africa
14097,Djibouti,DJI,2013,3.187,,984788.0,Africa
14098,Djibouti,DJI,2014,3.116,,1002677.0,Africa
14099,Djibouti,DJI,2015,3.041,,1020260.0,Africa
14100,Djibouti,DJI,2016,2.969,,1037617.0,Africa
14101,Djibouti,DJI,2017,2.916,,1054797.0,Africa
14102,Djibouti,DJI,2018,2.858,,1071849.0,Africa
14103,Djibouti,DJI,2019,2.798,,1088656.0,Africa
14104,Djibouti,DJI,2020,2.745,,1105141.0,Africa
14295,Dominica,DMA,1950,5.236,,50174.0,North America
14296,Dominica,DMA,1951,5.37,,50421.0,North America
14297,Dominica,DMA,1952,5.504,,50816.0,North America
14298,Dominica,DMA,1953,5.64,,51351.0,North America
14299,Dominica,DMA,1954,5.774,,52061.0,North America
14300,Dominica,DMA,1955,5.907,,52930.0,North America
14301,Dominica,DMA,1956,6.025,,53958.0,North America
14302,Dominica,DMA,1957,6.118,,55163.0,North America
14303,Dominica,DMA,1958,6.168,,56559.0,North America
14304,Dominica,DMA,1959,6.183,,58077.0,North America
14305,Dominica,DMA,1960,6.178,,59339.0,North America
14306,Dominica,DMA,1961,6.156,,60180.0,North America
14307,Dominica,DMA,1962,6.122,,60921.0,North America
14308,Dominica,DMA,1963,6.084,,61718.0,North America
14309,Dominica,DMA,1964,6.027,,62548.0,North America
14310,Dominica,DMA,1965,5.952,,63480.0,North America
14311,Dominica,DMA,1966,5.856,,64468.0,North America
14312,Dominica,DMA,1967,5.737,,65561.0,North America
14313,Dominica,DMA,1968,5.587,,66695.0,North America
14314,Dominica,DMA,1969,5.412,,67906.0,North America
14315,Dominica,DMA,1970,5.215,,68877.0,North America
14316,Dominica,DMA,1971,4.985,,69502.0,North America
14317,Dominica,DMA,1972,4.671,,70026.0,North America
14318,Dominica,DMA,1973,4.275,,70564.0,North America
14319,Dominica,DMA,1974,3.842,,71057.0,North America
14320,Dominica,DMA,1975,3.461,,71541.0,North America
14321,Dominica,DMA,1976,3.191,,71992.0,North America
14322,Dominica,DMA,1977,3.02,,72383.0,North America
14323,Dominica,DMA,1978,2.955,,72693.0,North America
14324,Dominica,DMA,1979,2.96,,72931.0,North America
14325,Dominica,DMA,1980,3.035,,73057.0,North America
14326,Dominica,DMA,1981,3.114,,72956.0,North America
14327,Dominica,DMA,1982,3.166,,72655.0,North America
14328,Dominica,DMA,1983,3.178,,72331.0,North America
14329,Dominica,DMA,1984,3.151,,72033.0,North America
14330,Dominica,DMA,1985,3.116,,71718.0,North America
14331,Dominica,DMA,1986,3.084,,71383.0,North America
14332,Dominica,DMA,1987,3.063,,70996.0,North America
14333,Dominica,DMA,1988,3.056,,70576.0,North America
14334,Dominica,DMA,1989,3.059,,70125.0,North America
14335,Dominica,DMA,1990,3.092,,69598.0,North America
14336,Dominica,DMA,1991,3.145,,69273.0,North America
14337,Dominica,DMA,1992,3.177,,69288.0,North America
14338,Dominica,DMA,1993,3.201,,69404.0,North America
14339,Dominica,DMA,1994,2.964,,69441.0,North America
14340,Dominica,DMA,1995,2.708,,69439.0,North America
14341,Dominica,DMA,1996,2.546,,69379.0,North America
14342,Dominica,DMA,1997,2.406,,69273.0,North America
14343,Dominica,DMA,1998,2.315,,69098.0,North America
14344,Dominica,DMA,1999,2.458,,68824.0,North America
14345,Dominica,DMA,2000,2.346,,68480.0,North America
14346,Dominica,DMA,2001,2.399,,68255.0,North America
14347,Dominica,DMA,2002,2.16,,68337.0,North America
14348,Dominica,DMA,2003,2.075,,68502.0,North America
14349,Dominica,DMA,2004,2.023,,68619.0,North America
14350,Dominica,DMA,2005,1.998,,68704.0,North America
14351,Dominica,DMA,2006,2.074,,68778.0,North America
14352,Dominica,DMA,2007,2.022,,68812.0,North America
14353,Dominica,DMA,2008,1.968,,68821.0,North America
14354,Dominica,DMA,2009,1.918,,68841.0,North America
14355,Dominica,DMA,2010,1.887,,68827.0,North America
14356,Dominica,DMA,2011,1.861,,69028.0,North America
14357,Dominica,DMA,2012,1.827,,69098.0,North America
14358,Dominica,DMA,2013,1.778,,69673.0,North America
14359,Dominica,DMA,2014,1.713,,70338.0,North America
14360,Dominica,DMA,2015,1.648,,70388.0,North America
14361,Dominica,DMA,2016,1.581,,69578.0,North America
14362,Dominica,DMA,2017,1.54,,68473.0,North America
14363,Dominica,DMA,2018,1.517,,68140.0,North America
14364,Dominica,DMA,2019,1.504,,67860.0,North America
14365,Dominica,DMA,2020,1.495,,67536.0,North America
14551,Dominican Republic,DOM,1950,7.507,2.7,2379852.0,North America
14552,Dominican Republic,DOM,1951,7.536,,2450102.0,North America
14553,Dominican Republic,DOM,1952,7.589,,2524999.0,North America
14554,Dominican Republic,DOM,1953,7.629,,2604776.0,North America
14555,Dominican Republic,DOM,1954,7.656,,2689049.0,North America
14556,Dominican Republic,DOM,1955,7.672,2.71,2777582.0,North America
14557,Dominican Republic,DOM,1956,7.675,,2869982.0,North America
14558,Dominican Republic,DOM,1957,7.665,,2965733.0,North America
14559,Dominican Republic,DOM,1958,7.643,,3064299.0,North America
14560,Dominican Republic,DOM,1959,7.606,,3165253.0,North America
14561,Dominican Republic,DOM,1960,7.555,2.8,3268295.0,North America
14562,Dominican Republic,DOM,1961,7.487,,3373194.0,North America
14563,Dominican Republic,DOM,1962,7.404,,3479893.0,North America
14564,Dominican Republic,DOM,1963,7.303,,3588246.0,North America
14565,Dominican Republic,DOM,1964,7.186,,3698513.0,North America
14566,Dominican Republic,DOM,1965,7.053,3.03,3808916.0,North America
14567,Dominican Republic,DOM,1966,6.949,,3921796.0,North America
14568,Dominican Republic,DOM,1967,6.755,,4038887.0,North America
14569,Dominican Republic,DOM,1968,6.548,,4157150.0,North America
14570,Dominican Republic,DOM,1969,6.366,,4276987.0,North America
14571,Dominican Republic,DOM,1970,6.184,3.6,4399250.0,North America
14572,Dominican Republic,DOM,1971,6.009,,4524188.0,North America
14573,Dominican Republic,DOM,1972,5.841,,4651844.0,North America
14574,Dominican Republic,DOM,1973,5.667,,4782183.0,North America
14575,Dominican Republic,DOM,1974,5.44,,4914142.0,North America
14576,Dominican Republic,DOM,1975,5.235,4.07,5046742.0,North America
14577,Dominican Republic,DOM,1976,5.046,,5180346.0,North America
14578,Dominican Republic,DOM,1977,4.842,,5315397.0,North America
14579,Dominican Republic,DOM,1978,4.644,,5451838.0,North America
14580,Dominican Republic,DOM,1979,4.473,,5589641.0,North America
14581,Dominican Republic,DOM,1980,4.302,4.67,5728995.0,North America
14582,Dominican Republic,DOM,1981,4.149,,5868406.0,North America
14583,Dominican Republic,DOM,1982,4.014,,6007070.0,North America
14584,Dominican Republic,DOM,1983,3.947,,6147200.0,North America
14585,Dominican Republic,DOM,1984,3.822,,6289004.0,North America
14586,Dominican Republic,DOM,1985,3.686,5.34,6430351.0,North America
14587,Dominican Republic,DOM,1986,3.603,,6571160.0,North America
14588,Dominican Republic,DOM,1987,3.528,,6712483.0,North America
14589,Dominican Republic,DOM,1988,3.5,,6855687.0,North America
14590,Dominican Republic,DOM,1989,3.475,,7002239.0,North America
14591,Dominican Republic,DOM,1990,3.411,6.07,7151120.0,North America
14592,Dominican Republic,DOM,1991,3.349,,7299794.0,North America
14593,Dominican Republic,DOM,1992,3.287,,7447429.0,North America
14594,Dominican Republic,DOM,1993,3.226,,7594508.0,North America
14595,Dominican Republic,DOM,1994,3.163,,7741635.0,North America
14596,Dominican Republic,DOM,1995,3.101,6.64,7888070.0,North America
14597,Dominican Republic,DOM,1996,3.04,,8032847.0,North America
14598,Dominican Republic,DOM,1997,2.922,,8174028.0,North America
14599,Dominican Republic,DOM,1998,2.835,,8310319.0,North America
14600,Dominican Republic,DOM,1999,2.846,,8446150.0,North America
14601,Dominican Republic,DOM,2000,2.869,7.17,8584145.0,North America
14602,Dominican Republic,DOM,2001,2.827,,8720237.0,North America
14603,Dominican Republic,DOM,2002,2.764,,8852187.0,North America
14604,Dominican Republic,DOM,2003,2.703,,8980573.0,North America
14605,Dominican Republic,DOM,2004,2.641,,9104842.0,North America
14606,Dominican Republic,DOM,2005,2.574,7.75,9224982.0,North America
14607,Dominican Republic,DOM,2006,2.508,,9341136.0,North America
14608,Dominican Republic,DOM,2007,2.51,,9455618.0,North America
14609,Dominican Republic,DOM,2008,2.546,,9573095.0,North America
14610,Dominican Republic,DOM,2009,2.574,,9695215.0,North America
14611,Dominican Republic,DOM,2010,2.556,8.47,9820138.0,North America
14612,Dominican Republic,DOM,2011,2.527,,9945574.0,North America
14613,Dominican Republic,DOM,2012,2.497,,10070376.0,North America
14614,Dominican Republic,DOM,2013,2.474,,10193781.0,North America
14615,Dominican Republic,DOM,2014,2.451,,10315473.0,North America
14616,Dominican Republic,DOM,2015,2.43,8.88,10434772.0,North America
14617,Dominican Republic,DOM,2016,2.41,,10551381.0,North America
14618,Dominican Republic,DOM,2017,2.398,,10666801.0,North America
14619,Dominican Republic,DOM,2018,2.397,,10781998.0,North America
14620,Dominican Republic,DOM,2019,2.366,,10893988.0,North America
14621,Dominican Republic,DOM,2020,2.329,9.52,11008252.0,North America
14823,East Germany,OWID_GDR,1950,,,18390000.0,Europe
14824,East Germany,OWID_GDR,1973,,,16890000.0,Europe
14825,East Germany,OWID_GDR,1990,,,16110000.0,Europe
14827,East Timor,TLS,1950,6.605,,414723.0,Asia
14828,East Timor,TLS,1951,6.591,,418221.0,Asia
14829,East Timor,TLS,1952,6.564,,422374.0,Asia
14830,East Timor,TLS,1953,6.536,,426946.0,Asia
14831,East Timor,TLS,1954,6.509,,431860.0,Asia
14832,East Timor,TLS,1955,6.481,,437112.0,Asia
14833,East Timor,TLS,1956,6.453,,442658.0,Asia
14834,East Timor,TLS,1957,6.424,,448521.0,Asia
14835,East Timor,TLS,1958,6.393,,454708.0,Asia
14836,East Timor,TLS,1959,6.359,,461234.0,Asia
14837,East Timor,TLS,1960,6.319,,468088.0,Asia
14838,East Timor,TLS,1961,6.273,,475255.0,Asia
14839,East Timor,TLS,1962,6.218,,482732.0,Asia
14840,East Timor,TLS,1963,6.155,,490531.0,Asia
14841,East Timor,TLS,1964,6.084,,498623.0,Asia
14842,East Timor,TLS,1965,6.008,,506999.0,Asia
14843,East Timor,TLS,1966,5.932,,515644.0,Asia
14844,East Timor,TLS,1967,5.858,,524605.0,Asia
14845,East Timor,TLS,1968,5.788,,533841.0,Asia
14846,East Timor,TLS,1969,5.722,,543313.0,Asia
14847,East Timor,TLS,1970,5.655,,553044.0,Asia
14848,East Timor,TLS,1971,5.58,,562933.0,Asia
14849,East Timor,TLS,1972,5.492,,572928.0,Asia
14850,East Timor,TLS,1973,5.392,,582812.0,Asia
14851,East Timor,TLS,1974,5.287,,590785.0,Asia
14852,East Timor,TLS,1975,5.19,,598119.0,Asia
14853,East Timor,TLS,1976,5.119,,607589.0,Asia
14854,East Timor,TLS,1977,5.085,,618273.0,Asia
14855,East Timor,TLS,1978,5.094,,628733.0,Asia
14856,East Timor,TLS,1979,5.142,,638681.0,Asia
14857,East Timor,TLS,1980,5.219,,649831.0,Asia
14858,East Timor,TLS,1981,5.525,,660463.0,Asia
14859,East Timor,TLS,1982,5.555,,669110.0,Asia
14860,East Timor,TLS,1983,5.586,,677655.0,Asia
14861,East Timor,TLS,1984,5.614,,686748.0,Asia
14862,East Timor,TLS,1985,5.65,,696631.0,Asia
14863,East Timor,TLS,1986,5.672,,707149.0,Asia
14864,East Timor,TLS,1987,5.682,,718443.0,Asia
14865,East Timor,TLS,1988,5.716,,730703.0,Asia
14866,East Timor,TLS,1989,5.762,,744806.0,Asia
14867,East Timor,TLS,1990,5.811,,760290.0,Asia
14868,East Timor,TLS,1991,5.835,,778243.0,Asia
14869,East Timor,TLS,1992,5.867,,799277.0,Asia
14870,East Timor,TLS,1993,5.879,,821399.0,Asia
14871,East Timor,TLS,1994,5.912,,844449.0,Asia
14872,East Timor,TLS,1995,5.936,,868114.0,Asia
14873,East Timor,TLS,1996,5.941,,892242.0,Asia
14874,East Timor,TLS,1997,5.955,,917137.0,Asia
14875,East Timor,TLS,1998,5.963,,942487.0,Asia
14876,East Timor,TLS,1999,5.97,,834646.0,Asia
14877,East Timor,TLS,2000,5.934,,745056.0,Asia
14878,East Timor,TLS,2001,5.918,,812199.0,Asia
14879,East Timor,TLS,2002,5.899,,879125.0,Asia
14880,East Timor,TLS,2003,5.846,,916831.0,Asia
14881,East Timor,TLS,2004,5.741,,929035.0,Asia
14882,East Timor,TLS,2005,5.611,,948260.0,Asia
14883,East Timor,TLS,2006,5.474,,976564.0,Asia
14884,East Timor,TLS,2007,5.333,,1004855.0,Asia
14885,East Timor,TLS,2008,5.171,,1032385.0,Asia
14886,East Timor,TLS,2009,4.994,,1058738.0,Asia
14887,East Timor,TLS,2010,4.816,,1084635.0,Asia
14888,East Timor,TLS,2011,4.614,,1110159.0,Asia
14889,East Timor,TLS,2012,4.404,,1134845.0,Asia
14890,East Timor,TLS,2013,4.208,,1158649.0,Asia
14891,East Timor,TLS,2014,3.999,,1181877.0,Asia
14892,East Timor,TLS,2015,3.779,,1205091.0,Asia
14893,East Timor,TLS,2016,3.582,,1228264.0,Asia
14894,East Timor,TLS,2017,3.399,,1251661.0,Asia
14895,East Timor,TLS,2018,3.244,,1275908.0,Asia
14896,East Timor,TLS,2019,3.116,,1300903.0,Asia
14897,East Timor,TLS,2020,3.011,,1326002.0,Asia
15088,Ecuador,ECU,1950,6.725,2.27,3516745.0,South America
15089,Ecuador,ECU,1951,6.733,,3607782.0,South America
15090,Ecuador,ECU,1952,6.748,,3702351.0,South America
15091,Ecuador,ECU,1953,6.758,,3800247.0,South America
15092,Ecuador,ECU,1954,6.765,,3901469.0,South America
15093,Ecuador,ECU,1955,6.767,2.62,4006148.0,South America
15094,Ecuador,ECU,1956,6.765,,4114492.0,South America
15095,Ecuador,ECU,1957,6.76,,4226813.0,South America
15096,Ecuador,ECU,1958,6.75,,4343445.0,South America
15097,Ecuador,ECU,1959,6.737,,4464717.0,South America
15098,Ecuador,ECU,1960,6.721,3.01,4590838.0,South America
15099,Ecuador,ECU,1961,6.7,,4722285.0,South America
15100,Ecuador,ECU,1962,6.676,,4859210.0,South America
15101,Ecuador,ECU,1963,6.646,,5001683.0,South America
15102,Ecuador,ECU,1964,6.61,,5149873.0,South America
15103,Ecuador,ECU,1965,6.564,3.68,5303909.0,South America
15104,Ecuador,ECU,1966,6.507,,5463693.0,South America
15105,Ecuador,ECU,1967,6.436,,5629008.0,South America
15106,Ecuador,ECU,1968,6.351,,5799635.0,South America
15107,Ecuador,ECU,1969,6.252,,5975183.0,South America
15108,Ecuador,ECU,1970,6.138,4.22,6155339.0,South America
15109,Ecuador,ECU,1971,6.011,,6340012.0,South America
15110,Ecuador,ECU,1972,5.873,,6528988.0,South America
15111,Ecuador,ECU,1973,5.727,,6721991.0,South America
15112,Ecuador,ECU,1974,5.577,,6918516.0,South America
15113,Ecuador,ECU,1975,5.426,4.77,7118207.0,South America
15114,Ecuador,ECU,1976,5.276,,7320858.0,South America
15115,Ecuador,ECU,1977,5.13,,7526774.0,South America
15116,Ecuador,ECU,1978,4.989,,7736138.0,South America
15117,Ecuador,ECU,1979,4.855,,7948829.0,South America
15118,Ecuador,ECU,1980,4.73,6.08,8165829.0,South America
15119,Ecuador,ECU,1981,4.612,,8386867.0,South America
15120,Ecuador,ECU,1982,4.501,,8611245.0,South America
15121,Ecuador,ECU,1983,4.395,,8840378.0,South America
15122,Ecuador,ECU,1984,4.305,,9074738.0,South America
15123,Ecuador,ECU,1985,4.145,6.49,9311101.0,South America
15124,Ecuador,ECU,1986,4.0,,9545948.0,South America
15125,Ecuador,ECU,1987,3.87,,9779242.0,South America
15126,Ecuador,ECU,1988,3.787,,10010751.0,South America
15127,Ecuador,ECU,1989,3.736,,10241804.0,South America
15128,Ecuador,ECU,1990,3.68,7.0,10473624.0,South America
15129,Ecuador,ECU,1991,3.633,,10702316.0,South America
15130,Ecuador,ECU,1992,3.575,,10930078.0,South America
15131,Ecuador,ECU,1993,3.491,,11154232.0,South America
15132,Ecuador,ECU,1994,3.42,,11372139.0,South America
15133,Ecuador,ECU,1995,3.381,7.19,11590473.0,South America
15134,Ecuador,ECU,1996,3.351,,11810910.0,South America
15135,Ecuador,ECU,1997,3.288,,12031076.0,South America
15136,Ecuador,ECU,1998,3.228,,12251147.0,South America
15137,Ecuador,ECU,1999,3.166,,12470759.0,South America
15138,Ecuador,ECU,2000,3.102,7.35,12689159.0,South America
15139,Ecuador,ECU,2001,3.037,,12910685.0,South America
15140,Ecuador,ECU,2002,2.972,,13138427.0,South America
15141,Ecuador,ECU,2003,2.911,,13372246.0,South America
15142,Ecuador,ECU,2004,2.853,,13608650.0,South America
15143,Ecuador,ECU,2005,2.8,7.67,13846112.0,South America
15144,Ecuador,ECU,2006,2.753,,14086093.0,South America
15145,Ecuador,ECU,2007,2.704,,14328733.0,South America
15146,Ecuador,ECU,2008,2.688,,14575156.0,South America
15147,Ecuador,ECU,2009,2.678,,14825912.0,South America
15148,Ecuador,ECU,2010,2.615,8.05,15076646.0,South America
15149,Ecuador,ECU,2011,2.605,,15326174.0,South America
15150,Ecuador,ECU,2012,2.509,,15572144.0,South America
15151,Ecuador,ECU,2013,2.362,,15807087.0,South America
15152,Ecuador,ECU,2014,2.274,,16035075.0,South America
15153,Ecuador,ECU,2015,2.209,8.61,16266173.0,South America
15154,Ecuador,ECU,2016,2.122,,16505094.0,South America
15155,Ecuador,ECU,2017,2.128,,16759466.0,South America
15156,Ecuador,ECU,2018,2.111,,17049489.0,South America
15157,Ecuador,ECU,2019,2.035,,17339967.0,South America
15158,Ecuador,ECU,2020,1.967,9.18,17546006.0,South America
15353,Egypt,EGY,1950,7.058,0.16,21148127.0,Africa
15354,Egypt,EGY,1951,7.073,,21605871.0,Africa
15355,Egypt,EGY,1952,7.079,,22104896.0,Africa
15356,Egypt,EGY,1953,7.086,,22644095.0,Africa
15357,Egypt,EGY,1954,7.057,,23212516.0,Africa
15358,Egypt,EGY,1955,7.015,0.26,23795188.0,Africa
15359,Egypt,EGY,1956,6.968,,24387311.0,Africa
15360,Egypt,EGY,1957,6.922,,24994361.0,Africa
15361,Egypt,EGY,1958,6.863,,25600281.0,Africa
15362,Egypt,EGY,1959,6.828,,26226822.0,Africa
15363,Egypt,EGY,1960,6.793,0.35,26896428.0,Africa
15364,Egypt,EGY,1961,6.758,,27600853.0,Africa
15365,Egypt,EGY,1962,6.709,,28336969.0,Africa
15366,Egypt,EGY,1963,6.648,,29091819.0,Africa
15367,Egypt,EGY,1964,6.541,,29858867.0,Africa
15368,Egypt,EGY,1965,6.387,0.55,30629127.0,Africa
15369,Egypt,EGY,1966,6.308,,31406494.0,Africa
15370,Egypt,EGY,1967,6.252,,32196319.0,Africa
15371,Egypt,EGY,1968,6.193,,32998269.0,Africa
15372,Egypt,EGY,1969,6.12,,33811567.0,Africa
15373,Egypt,EGY,1970,6.059,0.77,34623936.0,Africa
15374,Egypt,EGY,1971,5.99,,35433326.0,Africa
15375,Egypt,EGY,1972,5.929,,36258280.0,Africa
15376,Egypt,EGY,1973,5.843,,37101996.0,Africa
15377,Egypt,EGY,1974,5.784,,37969617.0,Africa
15378,Egypt,EGY,1975,5.749,1.13,38875276.0,Africa
15379,Egypt,EGY,1976,5.727,,39795505.0,Africa
15380,Egypt,EGY,1977,5.678,,40748824.0,Africa
15381,Egypt,EGY,1978,5.629,,41761384.0,Africa
15382,Egypt,EGY,1979,5.569,,42818582.0,Africa
15383,Egypt,EGY,1980,5.494,1.79,43950370.0,Africa
15384,Egypt,EGY,1981,5.368,,45147178.0,Africa
15385,Egypt,EGY,1982,5.329,,46407560.0,Africa
15386,Egypt,EGY,1983,5.308,,47786351.0,Africa
15387,Egypt,EGY,1984,5.207,,49247293.0,Africa
15388,Egypt,EGY,1985,5.116,2.7,50734923.0,Africa
15389,Egypt,EGY,1986,4.998,,52206247.0,Africa
15390,Egypt,EGY,1987,4.911,,53674387.0,Africa
15391,Egypt,EGY,1988,4.833,,55187620.0,Africa
15392,Egypt,EGY,1989,4.676,,56710590.0,Africa
15393,Egypt,EGY,1990,4.512,3.43,58396583.0,Africa
15394,Egypt,EGY,1991,4.315,,60028948.0,Africa
15395,Egypt,EGY,1992,4.149,,61480607.0,Africa
15396,Egypt,EGY,1993,3.993,,62915626.0,Africa
15397,Egypt,EGY,1994,3.865,,64285546.0,Africa
15398,Egypt,EGY,1995,3.764,4.32,65652570.0,Africa
15399,Egypt,EGY,1996,3.7,,67027996.0,Africa
15400,Egypt,EGY,1997,3.682,,68431693.0,Africa
15401,Egypt,EGY,1998,3.681,,69943248.0,Africa
15402,Egypt,EGY,1999,3.599,,71520901.0,Africa
15403,Egypt,EGY,2000,3.505,5.29,73083242.0,Africa
15404,Egypt,EGY,2001,3.46,,74651984.0,Africa
15405,Egypt,EGY,2002,3.412,,76239093.0,Africa
15406,Egypt,EGY,2003,3.352,,77853500.0,Africa
15407,Egypt,EGY,2004,3.283,,79477386.0,Africa
15408,Egypt,EGY,2005,3.254,6.06,81100965.0,Africa
15409,Egypt,EGY,2006,3.223,,82700350.0,Africa
15410,Egypt,EGY,2007,3.237,,84276171.0,Africa
15411,Egypt,EGY,2008,3.238,,85864736.0,Africa
15412,Egypt,EGY,2009,3.259,,87501586.0,Africa
15413,Egypt,EGY,2010,3.296,6.76,89196017.0,Africa
15414,Egypt,EGY,2011,3.311,,91093017.0,Africa
15415,Egypt,EGY,2012,3.4,,93160949.0,Africa
15416,Egypt,EGY,2013,3.49,,95333501.0,Africa
15417,Egypt,EGY,2014,3.49,,97528601.0,Africa
15418,Egypt,EGY,2015,3.5,7.03,99597285.0,Africa
15419,Egypt,EGY,2016,3.35,,101644536.0,Africa
15420,Egypt,EGY,2017,3.31,,103696006.0,Africa
15421,Egypt,EGY,2018,3.02,,105682048.0,Africa
15422,Egypt,EGY,2019,2.87,,107553107.0,Africa
15423,Egypt,EGY,2020,2.85,7.62,109315075.0,Africa
15618,El Salvador,SLV,1950,6.296,1.39,2183456.0,North America
15619,El Salvador,SLV,1951,6.319,,2235260.0,North America
15620,El Salvador,SLV,1952,6.363,,2287918.0,North America
15621,El Salvador,SLV,1953,6.394,,2341943.0,North America
15622,El Salvador,SLV,1954,6.43,,2397783.0,North America
15623,El Salvador,SLV,1955,6.475,1.51,2456553.0,North America
15624,El Salvador,SLV,1956,6.499,,2518129.0,North America
15625,El Salvador,SLV,1957,6.536,,2582472.0,North America
15626,El Salvador,SLV,1958,6.564,,2648627.0,North America
15627,El Salvador,SLV,1959,6.591,,2717496.0,North America
15628,El Salvador,SLV,1960,6.618,1.79,2791387.0,North America
15629,El Salvador,SLV,1961,6.644,,2869978.0,North America
15630,El Salvador,SLV,1962,6.675,,2949162.0,North America
15631,El Salvador,SLV,1963,6.69,,3028633.0,North America
15632,El Salvador,SLV,1964,6.684,,3111845.0,North America
15633,El Salvador,SLV,1965,6.636,2.18,3199432.0,North America
15634,El Salvador,SLV,1966,6.565,,3290916.0,North America
15635,El Salvador,SLV,1967,6.487,,3385147.0,North America
15636,El Salvador,SLV,1968,6.386,,3480723.0,North America
15637,El Salvador,SLV,1969,6.278,,3576442.0,North America
15638,El Salvador,SLV,1970,6.178,2.65,3668751.0,North America
15639,El Salvador,SLV,1971,6.13,,3757484.0,North America
15640,El Salvador,SLV,1972,6.032,,3846782.0,North America
15641,El Salvador,SLV,1973,5.929,,3938021.0,North America
15642,El Salvador,SLV,1974,5.822,,4029626.0,North America
15643,El Salvador,SLV,1975,5.705,3.1,4120401.0,North America
15644,El Salvador,SLV,1976,5.59,,4210260.0,North America
15645,El Salvador,SLV,1977,5.473,,4301214.0,North America
15646,El Salvador,SLV,1978,5.357,,4394074.0,North America
15647,El Salvador,SLV,1979,5.234,,4480338.0,North America
15648,El Salvador,SLV,1980,5.107,3.53,4540320.0,North America
15649,El Salvador,SLV,1981,4.986,,4570559.0,North America
15650,El Salvador,SLV,1982,4.826,,4622428.0,North America
15651,El Salvador,SLV,1983,4.65,,4707322.0,North America
15652,El Salvador,SLV,1984,4.478,,4797949.0,North America
15653,El Salvador,SLV,1985,4.316,4.38,4894663.0,North America
15654,El Salvador,SLV,1986,4.194,,4992728.0,North America
15655,El Salvador,SLV,1987,4.175,,5092400.0,North America
15656,El Salvador,SLV,1988,4.103,,5195776.0,North America
15657,El Salvador,SLV,1989,4.033,,5298931.0,North America
15658,El Salvador,SLV,1990,3.964,4.96,5399679.0,North America
15659,El Salvador,SLV,1991,3.889,,5495037.0,North America
15660,El Salvador,SLV,1992,3.802,,5585557.0,North America
15661,El Salvador,SLV,1993,3.691,,5659912.0,North America
15662,El Salvador,SLV,1994,3.613,,5714084.0,North America
15663,El Salvador,SLV,1995,3.568,5.64,5762080.0,North America
15664,El Salvador,SLV,1996,3.482,,5805229.0,North America
15665,El Salvador,SLV,1997,3.377,,5844535.0,North America
15666,El Salvador,SLV,1998,3.342,,5880746.0,North America
15667,El Salvador,SLV,1999,3.217,,5913852.0,North America
15668,El Salvador,SLV,2000,3.076,6.82,5943313.0,North America
15669,El Salvador,SLV,2001,2.93,,5968013.0,North America
15670,El Salvador,SLV,2002,2.775,,5986577.0,North America
15671,El Salvador,SLV,2003,2.636,,5998548.0,North America
15672,El Salvador,SLV,2004,2.516,,6004632.0,North America
15673,El Salvador,SLV,2005,2.44,7.81,6005527.0,North America
15674,El Salvador,SLV,2006,2.395,,6002275.0,North America
15675,El Salvador,SLV,2007,2.354,,6009768.0,North America
15676,El Salvador,SLV,2008,2.291,,6029245.0,North America
15677,El Salvador,SLV,2009,2.261,,6048234.0,North America
15678,El Salvador,SLV,2010,2.239,7.93,6068202.0,North America
15679,El Salvador,SLV,2011,2.224,,6090075.0,North America
15680,El Salvador,SLV,2012,2.187,,6113926.0,North America
15681,El Salvador,SLV,2013,2.154,,6138797.0,North America
15682,El Salvador,SLV,2014,2.126,,6162903.0,North America
15683,El Salvador,SLV,2015,2.067,7.6,6183621.0,North America
15684,El Salvador,SLV,2016,1.965,,6200765.0,North America
15685,El Salvador,SLV,2017,1.896,,6213485.0,North America
15686,El Salvador,SLV,2018,1.849,,6219738.0,North America
15687,El Salvador,SLV,2019,1.838,,6222267.0,North America
15688,El Salvador,SLV,2020,1.819,8.09,6234631.0,North America
15883,Equatorial Guinea,GNQ,1950,5.676,,226520.0,Africa
15884,Equatorial Guinea,GNQ,1951,5.673,,230582.0,Africa
15885,Equatorial Guinea,GNQ,1952,5.668,,234647.0,Africa
15886,Equatorial Guinea,GNQ,1953,5.663,,238761.0,Africa
15887,Equatorial Guinea,GNQ,1954,5.659,,242949.0,Africa
15888,Equatorial Guinea,GNQ,1955,5.655,,247172.0,Africa
15889,Equatorial Guinea,GNQ,1956,5.652,,251491.0,Africa
15890,Equatorial Guinea,GNQ,1957,5.649,,255888.0,Africa
15891,Equatorial Guinea,GNQ,1958,5.648,,260350.0,Africa
15892,Equatorial Guinea,GNQ,1959,5.649,,264962.0,Africa
15893,Equatorial Guinea,GNQ,1960,5.653,,269758.0,Africa
15894,Equatorial Guinea,GNQ,1961,5.661,,274859.0,Africa
15895,Equatorial Guinea,GNQ,1962,5.673,,280251.0,Africa
15896,Equatorial Guinea,GNQ,1963,5.69,,285925.0,Africa
15897,Equatorial Guinea,GNQ,1964,5.711,,291911.0,Africa
15898,Equatorial Guinea,GNQ,1965,5.734,,298202.0,Africa
15899,Equatorial Guinea,GNQ,1966,5.756,,304824.0,Africa
15900,Equatorial Guinea,GNQ,1967,5.776,,311759.0,Africa
15901,Equatorial Guinea,GNQ,1968,5.791,,318808.0,Africa
15902,Equatorial Guinea,GNQ,1969,5.802,,322481.0,Africa
15903,Equatorial Guinea,GNQ,1970,5.808,,320768.0,Africa
15904,Equatorial Guinea,GNQ,1971,5.808,,315894.0,Africa
15905,Equatorial Guinea,GNQ,1972,5.805,,309428.0,Africa
15906,Equatorial Guinea,GNQ,1973,5.8,,302246.0,Africa
15907,Equatorial Guinea,GNQ,1974,5.795,,294911.0,Africa
15908,Equatorial Guinea,GNQ,1975,5.791,,287873.0,Africa
15909,Equatorial Guinea,GNQ,1976,5.791,,280996.0,Africa
15910,Equatorial Guinea,GNQ,1977,5.795,,276744.0,Africa
15911,Equatorial Guinea,GNQ,1978,5.804,,276491.0,Africa
15912,Equatorial Guinea,GNQ,1979,5.817,,279804.0,Africa
15913,Equatorial Guinea,GNQ,1980,5.835,,288607.0,Africa
15914,Equatorial Guinea,GNQ,1981,5.856,,303214.0,Africa
15915,Equatorial Guinea,GNQ,1982,5.88,,322186.0,Africa
15916,Equatorial Guinea,GNQ,1983,5.903,,343388.0,Africa
15917,Equatorial Guinea,GNQ,1984,5.926,,364855.0,Africa
15918,Equatorial Guinea,GNQ,1985,5.946,,385502.0,Africa
15919,Equatorial Guinea,GNQ,1986,5.962,,404690.0,Africa
15920,Equatorial Guinea,GNQ,1987,5.974,,422480.0,Africa
15921,Equatorial Guinea,GNQ,1988,5.982,,439612.0,Africa
15922,Equatorial Guinea,GNQ,1989,5.986,,456777.0,Africa
15923,Equatorial Guinea,GNQ,1990,5.987,,474244.0,Africa
15924,Equatorial Guinea,GNQ,1991,5.985,,492165.0,Africa
15925,Equatorial Guinea,GNQ,1992,5.984,,510728.0,Africa
15926,Equatorial Guinea,GNQ,1993,5.981,,529977.0,Africa
15927,Equatorial Guinea,GNQ,1994,5.978,,550092.0,Africa
15928,Equatorial Guinea,GNQ,1995,5.971,,571227.0,Africa
15929,Equatorial Guinea,GNQ,1996,5.96,,593449.0,Africa
15930,Equatorial Guinea,GNQ,1997,5.941,,616842.0,Africa
15931,Equatorial Guinea,GNQ,1998,5.914,,641430.0,Africa
15932,Equatorial Guinea,GNQ,1999,5.878,,667175.0,Africa
15933,Equatorial Guinea,GNQ,2000,5.834,,703242.0,Africa
15934,Equatorial Guinea,GNQ,2001,5.785,,749791.0,Africa
15935,Equatorial Guinea,GNQ,2002,5.731,,797914.0,Africa
15936,Equatorial Guinea,GNQ,2003,5.675,,847820.0,Africa
15937,Equatorial Guinea,GNQ,2004,5.618,,899879.0,Africa
15938,Equatorial Guinea,GNQ,2005,5.559,,947312.0,Africa
15939,Equatorial Guinea,GNQ,2006,5.498,,990297.0,Africa
15940,Equatorial Guinea,GNQ,2007,5.433,,1035995.0,Africa
15941,Equatorial Guinea,GNQ,2008,5.363,,1084492.0,Africa
15942,Equatorial Guinea,GNQ,2009,5.288,,1135644.0,Africa
15943,Equatorial Guinea,GNQ,2010,5.209,,1189045.0,Africa
15944,Equatorial Guinea,GNQ,2011,5.126,,1241795.0,Africa
15945,Equatorial Guinea,GNQ,2012,5.04,,1293435.0,Africa
15946,Equatorial Guinea,GNQ,2013,4.952,,1346160.0,Africa
15947,Equatorial Guinea,GNQ,2014,4.863,,1399777.0,Africa
15948,Equatorial Guinea,GNQ,2015,4.774,,1453871.0,Africa
15949,Equatorial Guinea,GNQ,2016,4.686,,1508155.0,Africa
15950,Equatorial Guinea,GNQ,2017,4.599,,1562357.0,Africa
15951,Equatorial Guinea,GNQ,2018,4.513,,1616370.0,Africa
15952,Equatorial Guinea,GNQ,2019,4.429,,1670140.0,Africa
15953,Equatorial Guinea,GNQ,2020,4.346,,1716435.0,Africa
16144,Eritrea,ERI,1950,6.522,,814829.0,Africa
16145,Eritrea,ERI,1951,6.515,,826990.0,Africa
16146,Eritrea,ERI,1952,6.522,,840303.0,Africa
16147,Eritrea,ERI,1953,6.526,,854661.0,Africa
16148,Eritrea,ERI,1954,6.505,,869985.0,Africa
16149,Eritrea,ERI,1955,6.488,,886200.0,Africa
16150,Eritrea,ERI,1956,6.478,,903369.0,Africa
16151,Eritrea,ERI,1957,6.495,,918764.0,Africa
16152,Eritrea,ERI,1958,6.49,,932546.0,Africa
16153,Eritrea,ERI,1959,6.507,,950505.0,Africa
16154,Eritrea,ERI,1960,6.483,,972515.0,Africa
16155,Eritrea,ERI,1961,6.474,,995525.0,Africa
16156,Eritrea,ERI,1962,6.496,,1019740.0,Africa
16157,Eritrea,ERI,1963,6.481,,1045049.0,Africa
16158,Eritrea,ERI,1964,6.487,,1071254.0,Africa
16159,Eritrea,ERI,1965,6.494,,1098288.0,Africa
16160,Eritrea,ERI,1966,6.497,,1124912.0,Africa
16161,Eritrea,ERI,1967,6.504,,1152295.0,Africa
16162,Eritrea,ERI,1968,6.503,,1181693.0,Africa
16163,Eritrea,ERI,1969,6.503,,1211958.0,Africa
16164,Eritrea,ERI,1970,6.541,,1243402.0,Africa
16165,Eritrea,ERI,1971,6.541,,1276112.0,Africa
16166,Eritrea,ERI,1972,6.538,,1309203.0,Africa
16167,Eritrea,ERI,1973,6.548,,1342636.0,Africa
16168,Eritrea,ERI,1974,6.567,,1375643.0,Africa
16169,Eritrea,ERI,1975,6.586,,1408181.0,Africa
16170,Eritrea,ERI,1976,6.603,,1443759.0,Africa
16171,Eritrea,ERI,1977,6.608,,1482519.0,Africa
16172,Eritrea,ERI,1978,6.607,,1522336.0,Africa
16173,Eritrea,ERI,1979,6.621,,1563292.0,Africa
16174,Eritrea,ERI,1980,6.614,,1605759.0,Africa
16175,Eritrea,ERI,1981,6.622,,1649905.0,Africa
16176,Eritrea,ERI,1982,6.634,,1695429.0,Africa
16177,Eritrea,ERI,1983,6.646,,1736114.0,Africa
16178,Eritrea,ERI,1984,6.623,,1771695.0,Africa
16179,Eritrea,ERI,1985,6.587,,1807775.0,Africa
16180,Eritrea,ERI,1986,6.555,,1845122.0,Africa
16181,Eritrea,ERI,1987,6.52,,1888625.0,Africa
16182,Eritrea,ERI,1988,6.467,,1938222.0,Africa
16183,Eritrea,ERI,1989,6.413,,1986972.0,Africa
16184,Eritrea,ERI,1990,6.338,,2032699.0,Africa
16185,Eritrea,ERI,1991,6.242,,1919524.0,Africa
16186,Eritrea,ERI,1992,6.156,,1798710.0,Africa
16187,Eritrea,ERI,1993,6.069,,1855977.0,Africa
16188,Eritrea,ERI,1994,6.005,,1913870.0,Africa
16189,Eritrea,ERI,1995,5.939,,2025219.0,Africa
16190,Eritrea,ERI,1996,5.841,,2128421.0,Africa
16191,Eritrea,ERI,1997,5.743,,2152094.0,Africa
16192,Eritrea,ERI,1998,5.633,,2180381.0,Africa
16193,Eritrea,ERI,1999,5.516,,2212733.0,Africa
16194,Eritrea,ERI,2000,5.397,,2246989.0,Africa
16195,Eritrea,ERI,2001,5.306,,2312039.0,Africa
16196,Eritrea,ERI,2002,5.233,,2392931.0,Africa
16197,Eritrea,ERI,2003,5.143,,2493860.0,Africa
16198,Eritrea,ERI,2004,5.036,,2598233.0,Africa
16199,Eritrea,ERI,2005,4.934,,2661163.0,Africa
16200,Eritrea,ERI,2006,4.881,,2703447.0,Africa
16201,Eritrea,ERI,2007,4.812,,2743184.0,Africa
16202,Eritrea,ERI,2008,4.737,,2816284.0,Africa
16203,Eritrea,ERI,2009,4.656,,2887837.0,Africa
16204,Eritrea,ERI,2010,4.571,,2945135.0,Africa
16205,Eritrea,ERI,2011,4.486,,2998450.0,Africa
16206,Eritrea,ERI,2012,4.407,,3036957.0,Africa
16207,Eritrea,ERI,2013,4.335,,3074326.0,Africa
16208,Eritrea,ERI,2014,4.273,,3095119.0,Africa
16209,Eritrea,ERI,2015,4.217,,3105511.0,Africa
16210,Eritrea,ERI,2016,4.164,,3124655.0,Africa
16211,Eritrea,ERI,2017,4.112,,3150289.0,Africa
16212,Eritrea,ERI,2018,4.056,,3192720.0,Africa
16213,Eritrea,ERI,2019,3.997,,3240143.0,Africa
16214,Eritrea,ERI,2020,3.933,,3291224.0,Africa
16405,Estonia,EST,1950,2.273,,1102004.0,Europe
16406,Estonia,EST,1951,2.273,,1116139.0,Europe
16407,Estonia,EST,1952,2.258,,1129830.0,Europe
16408,Estonia,EST,1953,2.127,,1142601.0,Europe
16409,Estonia,EST,1954,2.161,,1154763.0,Europe
16410,Estonia,EST,1955,2.109,,1166831.0,Europe
16411,Estonia,EST,1956,1.973,,1178110.0,Europe
16412,Estonia,EST,1957,1.924,,1188732.0,Europe
16413,Estonia,EST,1958,1.917,,1200364.0,Europe
16414,Estonia,EST,1959,1.954,,1209893.0,Europe
16415,Estonia,EST,1960,1.984,,1220412.0,Europe
16416,Estonia,EST,1961,1.986,,1235125.0,Europe
16417,Estonia,EST,1962,1.957,,1249585.0,Europe
16418,Estonia,EST,1963,1.904,,1263701.0,Europe
16419,Estonia,EST,1964,1.95,,1278286.0,Europe
16420,Estonia,EST,1965,1.899,,1292753.0,Europe
16421,Estonia,EST,1966,1.884,,1306397.0,Europe
16422,Estonia,EST,1967,1.903,,1320010.0,Europe
16423,Estonia,EST,1968,2.02,,1334257.0,Europe
16424,Estonia,EST,1969,2.116,,1348653.0,Europe
16425,Estonia,EST,1970,2.171,,1361828.0,Europe
16426,Estonia,EST,1971,2.204,,1374477.0,Europe
16427,Estonia,EST,1972,2.154,,1387163.0,Europe
16428,Estonia,EST,1973,2.085,,1399299.0,Europe
16429,Estonia,EST,1974,2.08,,1411500.0,Europe
16430,Estonia,EST,1975,2.044,,1423454.0,Europe
16431,Estonia,EST,1976,2.056,,1434807.0,Europe
16432,Estonia,EST,1977,2.055,,1446523.0,Europe
16433,Estonia,EST,1978,2.019,,1458186.0,Europe
16434,Estonia,EST,1979,2.008,,1467967.0,Europe
16435,Estonia,EST,1980,2.025,,1476419.0,Europe
16436,Estonia,EST,1981,2.078,,1485288.0,Europe
16437,Estonia,EST,1982,2.09,,1494863.0,Europe
16438,Estonia,EST,1983,2.168,,1505197.0,Europe
16439,Estonia,EST,1984,2.177,,1515563.0,Europe
16440,Estonia,EST,1985,2.127,,1525232.0,Europe
16441,Estonia,EST,1986,2.172,,1535547.0,Europe
16442,Estonia,EST,1987,2.261,,1547214.0,Europe
16443,Estonia,EST,1988,2.266,,1559057.0,Europe
16444,Estonia,EST,1989,2.209,,1567538.0,Europe
16445,Estonia,EST,1990,2.042,,1570254.0,Europe
16446,Estonia,EST,1991,1.802,,1565333.0,Europe
16447,Estonia,EST,1992,1.697,,1540174.0,Europe
16448,Estonia,EST,1993,1.486,,1504295.0,Europe
16449,Estonia,EST,1994,1.41,,1475669.0,Europe
16450,Estonia,EST,1995,1.372,,1452730.0,Europe
16451,Estonia,EST,1996,1.361,,1434604.0,Europe
16452,Estonia,EST,1997,1.306,,1421448.0,Europe
16453,Estonia,EST,1998,1.272,,1411150.0,Europe
16454,Estonia,EST,1999,1.293,,1403523.0,Europe
16455,Estonia,EST,2000,1.347,,1396955.0,Europe
16456,Estonia,EST,2001,1.315,,1388122.0,Europe
16457,Estonia,EST,2002,1.353,,1379391.0,Europe
16458,Estonia,EST,2003,1.365,,1370799.0,Europe
16459,Estonia,EST,2004,1.465,,1362623.0,Europe
16460,Estonia,EST,2005,1.515,,1354799.0,Europe
16461,Estonia,EST,2006,1.583,,1346833.0,Europe
16462,Estonia,EST,2007,1.685,,1340672.0,Europe
16463,Estonia,EST,2008,1.719,,1337032.0,Europe
16464,Estonia,EST,2009,1.701,,1334487.0,Europe
16465,Estonia,EST,2010,1.716,,1331406.0,Europe
16466,Estonia,EST,2011,1.616,,1327315.0,Europe
16467,Estonia,EST,2012,1.561,,1322570.0,Europe
16468,Estonia,EST,2013,1.524,,1317872.0,Europe
16469,Estonia,EST,2014,1.543,,1314402.0,Europe
16470,Estonia,EST,2015,1.58,12.64,1314538.0,Europe
16471,Estonia,EST,2016,1.603,,1315802.0,Europe
16472,Estonia,EST,2017,1.596,,1317381.0,Europe
16473,Estonia,EST,2018,1.67,,1321918.0,Europe
16474,Estonia,EST,2019,1.661,,1326772.0,Europe
16475,Estonia,EST,2020,1.588,12.55,1329618.0,Europe
16670,Eswatini,SWZ,1950,6.732,1.15,271629.0,Africa
16671,Eswatini,SWZ,1951,6.721,,278576.0,Africa
16672,Eswatini,SWZ,1952,6.702,,285599.0,Africa
16673,Eswatini,SWZ,1953,6.689,,292702.0,Africa
16674,Eswatini,SWZ,1954,6.682,,299895.0,Africa
16675,Eswatini,SWZ,1955,6.682,1.39,307174.0,Africa
16676,Eswatini,SWZ,1956,6.687,,314572.0,Africa
16677,Eswatini,SWZ,1957,6.697,,322092.0,Africa
16678,Eswatini,SWZ,1958,6.712,,329721.0,Africa
16679,Eswatini,SWZ,1959,6.731,,337468.0,Africa
16680,Eswatini,SWZ,1960,6.752,1.62,345292.0,Africa
16681,Eswatini,SWZ,1961,6.774,,353213.0,Africa
16682,Eswatini,SWZ,1962,6.794,,361329.0,Africa
16683,Eswatini,SWZ,1963,6.804,,369719.0,Africa
16684,Eswatini,SWZ,1964,6.789,,378612.0,Africa
16685,Eswatini,SWZ,1965,6.794,2.02,388292.0,Africa
16686,Eswatini,SWZ,1966,6.802,,398727.0,Africa
16687,Eswatini,SWZ,1967,6.766,,408998.0,Africa
16688,Eswatini,SWZ,1968,6.761,,419109.0,Africa
16689,Eswatini,SWZ,1969,6.761,,429839.0,Africa
16690,Eswatini,SWZ,1970,6.749,2.75,441173.0,Africa
16691,Eswatini,SWZ,1971,6.739,,453151.0,Africa
16692,Eswatini,SWZ,1972,6.722,,465753.0,Africa
16693,Eswatini,SWZ,1973,6.715,,479000.0,Africa
16694,Eswatini,SWZ,1974,6.71,,492953.0,Africa
16695,Eswatini,SWZ,1975,6.707,3.6,507625.0,Africa
16696,Eswatini,SWZ,1976,6.701,,523290.0,Africa
16697,Eswatini,SWZ,1977,6.676,,540305.0,Africa
16698,Eswatini,SWZ,1978,6.647,,558395.0,Africa
16699,Eswatini,SWZ,1979,6.607,,577162.0,Africa
16700,Eswatini,SWZ,1980,6.574,4.72,596615.0,Africa
16701,Eswatini,SWZ,1981,6.539,,616770.0,Africa
16702,Eswatini,SWZ,1982,6.491,,637613.0,Africa
16703,Eswatini,SWZ,1983,6.432,,658916.0,Africa
16704,Eswatini,SWZ,1984,6.36,,680738.0,Africa
16705,Eswatini,SWZ,1985,6.282,5.65,706157.0,Africa
16706,Eswatini,SWZ,1986,6.106,,734694.0,Africa
16707,Eswatini,SWZ,1987,5.902,,763761.0,Africa
16708,Eswatini,SWZ,1988,5.693,,799759.0,Africa
16709,Eswatini,SWZ,1989,5.479,,837771.0,Africa
16710,Eswatini,SWZ,1990,5.295,5.54,872384.0,Africa
16711,Eswatini,SWZ,1991,5.132,,908153.0,Africa
16712,Eswatini,SWZ,1992,4.981,,943372.0,Africa
16713,Eswatini,SWZ,1993,4.815,,971287.0,Africa
16714,Eswatini,SWZ,1994,4.662,,971178.0,Africa
16715,Eswatini,SWZ,1995,4.523,5.37,970391.0,Africa
16716,Eswatini,SWZ,1996,4.378,,989802.0,Africa
16717,Eswatini,SWZ,1997,4.235,,1006603.0,Africa
16718,Eswatini,SWZ,1998,4.125,,1019610.0,Africa
16719,Eswatini,SWZ,1999,4.089,,1030739.0,Africa
16720,Eswatini,SWZ,2000,4.03,4.71,1041378.0,Africa
16721,Eswatini,SWZ,2001,3.944,,1051019.0,Africa
16722,Eswatini,SWZ,2002,3.854,,1059406.0,Africa
16723,Eswatini,SWZ,2003,3.796,,1066647.0,Africa
16724,Eswatini,SWZ,2004,3.76,,1073121.0,Africa
16725,Eswatini,SWZ,2005,3.704,4.65,1078975.0,Africa
16726,Eswatini,SWZ,2006,3.632,,1084396.0,Africa
16727,Eswatini,SWZ,2007,3.58,,1090668.0,Africa
16728,Eswatini,SWZ,2008,3.567,,1098057.0,Africa
16729,Eswatini,SWZ,2009,3.504,,1105117.0,Africa
16730,Eswatini,SWZ,2010,3.375,5.42,1111593.0,Africa
16731,Eswatini,SWZ,2011,3.317,,1117800.0,Africa
16732,Eswatini,SWZ,2012,3.266,,1123817.0,Africa
16733,Eswatini,SWZ,2013,3.237,,1129945.0,Africa
16734,Eswatini,SWZ,2014,3.181,,1136260.0,Africa
16735,Eswatini,SWZ,2015,3.122,5.89,1142773.0,Africa
16736,Eswatini,SWZ,2016,3.068,,1149463.0,Africa
16737,Eswatini,SWZ,2017,3.018,,1158143.0,Africa
16738,Eswatini,SWZ,2018,2.971,,1168887.0,Africa
16739,Eswatini,SWZ,2019,2.925,,1179837.0,Africa
16740,Eswatini,SWZ,2020,2.888,6.63,1192690.0,Africa
16935,Ethiopia,ETH,1950,6.433,,17670379.0,Africa
16936,Ethiopia,ETH,1951,6.429,,17989003.0,Africa
16937,Ethiopia,ETH,1952,6.435,,18326133.0,Africa
16938,Ethiopia,ETH,1953,6.449,,18674725.0,Africa
16939,Ethiopia,ETH,1954,6.459,,19037989.0,Africa
16940,Ethiopia,ETH,1955,6.457,,19419729.0,Africa
16941,Ethiopia,ETH,1956,6.458,,19818837.0,Africa
16942,Ethiopia,ETH,1957,6.464,,20173695.0,Africa
16943,Ethiopia,ETH,1958,6.473,,20480229.0,Africa
16944,Ethiopia,ETH,1959,6.494,,20878044.0,Africa
16945,Ethiopia,ETH,1960,6.514,,21376637.0,Africa
16946,Ethiopia,ETH,1961,6.533,,21906053.0,Africa
16947,Ethiopia,ETH,1962,6.561,,22465077.0,Africa
16948,Ethiopia,ETH,1963,6.586,,23051593.0,Africa
16949,Ethiopia,ETH,1964,6.612,,23666498.0,Africa
16950,Ethiopia,ETH,1965,6.63,,24310566.0,Africa
16951,Ethiopia,ETH,1966,6.661,,24952636.0,Africa
16952,Ethiopia,ETH,1967,6.684,,25620235.0,Africa
16953,Ethiopia,ETH,1968,6.7,,26337879.0,Africa
16954,Ethiopia,ETH,1969,6.719,,27072518.0,Africa
16955,Ethiopia,ETH,1970,6.782,,27829085.0,Africa
16956,Ethiopia,ETH,1971,6.838,,28600060.0,Africa
16957,Ethiopia,ETH,1972,6.895,,29374557.0,Africa
16958,Ethiopia,ETH,1973,6.962,,30166736.0,Africa
16959,Ethiopia,ETH,1974,7.018,,30957228.0,Africa
16960,Ethiopia,ETH,1975,7.079,,31723213.0,Africa
16961,Ethiopia,ETH,1976,7.129,,32534378.0,Africa
16962,Ethiopia,ETH,1977,7.189,,33167229.0,Africa
16963,Ethiopia,ETH,1978,7.229,,33734555.0,Africa
16964,Ethiopia,ETH,1979,7.248,,34238604.0,Africa
16965,Ethiopia,ETH,1980,7.287,,34428461.0,Africa
16966,Ethiopia,ETH,1981,7.313,,35303958.0,Africa
16967,Ethiopia,ETH,1982,7.337,,36701247.0,Africa
16968,Ethiopia,ETH,1983,7.351,,37740768.0,Africa
16969,Ethiopia,ETH,1984,7.356,,38735677.0,Africa
16970,Ethiopia,ETH,1985,7.338,,39842085.0,Africa
16971,Ethiopia,ETH,1986,7.318,,41037606.0,Africa
16972,Ethiopia,ETH,1987,7.293,,42459986.0,Africa
16973,Ethiopia,ETH,1988,7.262,,44150786.0,Africa
16974,Ethiopia,ETH,1989,7.229,,45879633.0,Africa
16975,Ethiopia,ETH,1990,7.196,,47609716.0,Africa
16976,Ethiopia,ETH,1991,7.161,,49717150.0,Africa
16977,Ethiopia,ETH,1992,7.125,,51853704.0,Africa
16978,Ethiopia,ETH,1993,7.088,,53708848.0,Africa
16979,Ethiopia,ETH,1994,7.051,,55611462.0,Africa
16980,Ethiopia,ETH,1995,6.998,,57537286.0,Africa
16981,Ethiopia,ETH,1996,6.928,,59467593.0,Africa
16982,Ethiopia,ETH,1997,6.869,,61404491.0,Africa
16983,Ethiopia,ETH,1998,6.792,,63363475.0,Africa
16984,Ethiopia,ETH,1999,6.721,,65374500.0,Africa
16985,Ethiopia,ETH,2000,6.654,,67411450.0,Africa
16986,Ethiopia,ETH,2001,6.579,,69487716.0,Africa
16987,Ethiopia,ETH,2002,6.499,,71635475.0,Africa
16988,Ethiopia,ETH,2003,6.4,,73832609.0,Africa
16989,Ethiopia,ETH,2004,6.301,,76077161.0,Africa
16990,Ethiopia,ETH,2005,6.194,,78367414.0,Africa
16991,Ethiopia,ETH,2006,6.047,,80703444.0,Africa
16992,Ethiopia,ETH,2007,5.887,,83103168.0,Africa
16993,Ethiopia,ETH,2008,5.695,,85543618.0,Africa
16994,Ethiopia,ETH,2009,5.488,,88007584.0,Africa
16995,Ethiopia,ETH,2010,5.282,,90538466.0,Africa
16996,Ethiopia,ETH,2011,5.08,,93149926.0,Africa
16997,Ethiopia,ETH,2012,4.887,,95798722.0,Africa
16998,Ethiopia,ETH,2013,4.708,,98438710.0,Africa
16999,Ethiopia,ETH,2014,4.605,,101115562.0,Africa
17000,Ethiopia,ETH,2015,4.529,,103867085.0,Africa
17001,Ethiopia,ETH,2016,4.473,,106718119.0,Africa
17002,Ethiopia,ETH,2017,4.401,,109666428.0,Africa
17003,Ethiopia,ETH,2018,4.371,,112664117.0,Africa
17004,Ethiopia,ETH,2019,4.347,,115737338.0,Africa
17005,Ethiopia,ETH,2020,4.274,,118917625.0,Africa
17200,Ethiopia (former),OWID_ERE,1950,,,21580000.0,Africa
17201,Ethiopia (former),OWID_ERE,1951,,,21930000.0,Africa
17202,Ethiopia (former),OWID_ERE,1952,,,22300000.0,Africa
17203,Ethiopia (former),OWID_ERE,1953,,,22680000.0,Africa
17204,Ethiopia (former),OWID_ERE,1954,,,23080000.0,Africa
17205,Ethiopia (former),OWID_ERE,1955,,,23490000.0,Africa
17206,Ethiopia (former),OWID_ERE,1956,,,23920000.0,Africa
17207,Ethiopia (former),OWID_ERE,1957,,,24360000.0,Africa
17208,Ethiopia (former),OWID_ERE,1958,,,24820000.0,Africa
17209,Ethiopia (former),OWID_ERE,1959,,,25290000.0,Africa
17210,Ethiopia (former),OWID_ERE,1960,,,25780000.0,Africa
17211,Ethiopia (former),OWID_ERE,1961,,,26290000.0,Africa
17212,Ethiopia (former),OWID_ERE,1962,,,26810000.0,Africa
17213,Ethiopia (former),OWID_ERE,1963,,,27350000.0,Africa
17214,Ethiopia (former),OWID_ERE,1964,,,27910000.0,Africa
17215,Ethiopia (former),OWID_ERE,1965,,,28490000.0,Africa
17216,Ethiopia (former),OWID_ERE,1966,,,29080000.0,Africa
17217,Ethiopia (former),OWID_ERE,1967,,,29680000.0,Africa
17218,Ethiopia (former),OWID_ERE,1968,,,30310000.0,Africa
17219,Ethiopia (former),OWID_ERE,1969,,,30970000.0,Africa
17220,Ethiopia (former),OWID_ERE,1970,,,31630000.0,Africa
17221,Ethiopia (former),OWID_ERE,1971,,,32310000.0,Africa
17222,Ethiopia (former),OWID_ERE,1972,,,33030000.0,Africa
17223,Ethiopia (former),OWID_ERE,1973,,,33790000.0,Africa
17224,Ethiopia (former),OWID_ERE,1974,,,34580000.0,Africa
17225,Ethiopia (former),OWID_ERE,1975,,,35400000.0,Africa
17226,Ethiopia (former),OWID_ERE,1976,,,36290000.0,Africa
17227,Ethiopia (former),OWID_ERE,1977,,,37130000.0,Africa
17228,Ethiopia (former),OWID_ERE,1978,,,37750000.0,Africa
17229,Ethiopia (former),OWID_ERE,1979,,,38220000.0,Africa
17230,Ethiopia (former),OWID_ERE,1980,,,38610000.0,Africa
17231,Ethiopia (former),OWID_ERE,1981,,,39650000.0,Africa
17232,Ethiopia (former),OWID_ERE,1982,,,40750000.0,Africa
17233,Ethiopia (former),OWID_ERE,1983,,,41900000.0,Africa
17234,Ethiopia (former),OWID_ERE,1984,,,42830000.0,Africa
17235,Ethiopia (former),OWID_ERE,1985,,,43490000.0,Africa
17236,Ethiopia (former),OWID_ERE,1986,,,44500000.0,Africa
17237,Ethiopia (former),OWID_ERE,1987,,,45920000.0,Africa
17238,Ethiopia (former),OWID_ERE,1988,,,47580000.0,Africa
17239,Ethiopia (former),OWID_ERE,1989,,,49390000.0,Africa
17240,Ethiopia (former),OWID_ERE,1990,,,51190000.0,Africa
17241,Ethiopia (former),OWID_ERE,1991,,,53580000.0,Africa
17242,Ethiopia (former),OWID_ERE,1992,,,55760000.0,Africa
17243,Ethiopia (former),OWID_ERE,1993,,,57190000.0,Africa
17845,Falkland Islands,FLK,1950,2.557,,2172.0,South America
17846,Falkland Islands,FLK,1951,2.659,,2191.0,South America
17847,Falkland Islands,FLK,1952,2.746,,2194.0,South America
17848,Falkland Islands,FLK,1953,2.826,,2199.0,South America
17849,Falkland Islands,FLK,1954,2.909,,2163.0,South America
17850,Falkland Islands,FLK,1955,2.984,,2165.0,South America
17851,Falkland Islands,FLK,1956,2.992,,2173.0,South America
17852,Falkland Islands,FLK,1957,2.996,,2184.0,South America
17853,Falkland Islands,FLK,1958,3.032,,2204.0,South America
17854,Falkland Islands,FLK,1959,3.118,,2229.0,South America
17855,Falkland Islands,FLK,1960,3.227,,2246.0,South America
17856,Falkland Islands,FLK,1961,3.162,,2262.0,South America
17857,Falkland Islands,FLK,1962,3.066,,2285.0,South America
17858,Falkland Islands,FLK,1963,2.999,,2282.0,South America
17859,Falkland Islands,FLK,1964,2.977,,2282.0,South America
17860,Falkland Islands,FLK,1965,2.989,,2278.0,South America
17861,Falkland Islands,FLK,1966,2.973,,2276.0,South America
17862,Falkland Islands,FLK,1967,2.985,,2269.0,South America
17863,Falkland Islands,FLK,1968,3.036,,2263.0,South America
17864,Falkland Islands,FLK,1969,3.04,,2264.0,South America
17865,Falkland Islands,FLK,1970,3.0,,2259.0,South America
17866,Falkland Islands,FLK,1971,2.954,,2264.0,South America
17867,Falkland Islands,FLK,1972,2.916,,2260.0,South America
17868,Falkland Islands,FLK,1973,2.873,,2270.0,South America
17869,Falkland Islands,FLK,1974,2.752,,2273.0,South America
17870,Falkland Islands,FLK,1975,2.637,,2278.0,South America
17871,Falkland Islands,FLK,1976,2.547,,2281.0,South America
17872,Falkland Islands,FLK,1977,2.468,,2283.0,South America
17873,Falkland Islands,FLK,1978,2.387,,2266.0,South America
17874,Falkland Islands,FLK,1979,2.308,,2250.0,South America
17875,Falkland Islands,FLK,1980,2.239,,2230.0,South America
17876,Falkland Islands,FLK,1981,2.151,,2224.0,South America
17877,Falkland Islands,FLK,1982,2.055,,2225.0,South America
17878,Falkland Islands,FLK,1983,1.955,,2225.0,South America
17879,Falkland Islands,FLK,1984,1.869,,2219.0,South America
17880,Falkland Islands,FLK,1985,1.835,,2208.0,South America
17881,Falkland Islands,FLK,1986,1.798,,2212.0,South America
17882,Falkland Islands,FLK,1987,1.743,,2230.0,South America
17883,Falkland Islands,FLK,1988,1.676,,2261.0,South America
17884,Falkland Islands,FLK,1989,1.613,,2301.0,South America
17885,Falkland Islands,FLK,1990,1.603,,2330.0,South America
17886,Falkland Islands,FLK,1991,1.592,,2381.0,South America
17887,Falkland Islands,FLK,1992,1.564,,2461.0,South America
17888,Falkland Islands,FLK,1993,1.516,,2551.0,South America
17889,Falkland Islands,FLK,1994,1.461,,2646.0,South America
17890,Falkland Islands,FLK,1995,1.461,,2748.0,South America
17891,Falkland Islands,FLK,1996,1.471,,2828.0,South America
17892,Falkland Islands,FLK,1997,1.473,,2888.0,South America
17893,Falkland Islands,FLK,1998,1.468,,2959.0,South America
17894,Falkland Islands,FLK,1999,1.469,,3021.0,South America
17895,Falkland Islands,FLK,2000,1.503,,3084.0,South America
17896,Falkland Islands,FLK,2001,1.525,,3136.0,South America
17897,Falkland Islands,FLK,2002,1.545,,3161.0,South America
17898,Falkland Islands,FLK,2003,1.554,,3180.0,South America
17899,Falkland Islands,FLK,2004,1.557,,3203.0,South America
17900,Falkland Islands,FLK,2005,1.57,,3206.0,South America
17901,Falkland Islands,FLK,2006,1.587,,3219.0,South America
17902,Falkland Islands,FLK,2007,1.604,,3218.0,South America
17903,Falkland Islands,FLK,2008,1.615,,3216.0,South America
17904,Falkland Islands,FLK,2009,1.622,,3201.0,South America
17905,Falkland Islands,FLK,2010,1.628,,3191.0,South America
17906,Falkland Islands,FLK,2011,1.649,,3174.0,South America
17907,Falkland Islands,FLK,2012,1.669,,3181.0,South America
17908,Falkland Islands,FLK,2013,1.686,,3254.0,South America
17909,Falkland Islands,FLK,2014,1.703,,3327.0,South America
17910,Falkland Islands,FLK,2015,1.71,,3393.0,South America
17911,Falkland Islands,FLK,2016,1.711,,3460.0,South America
17912,Falkland Islands,FLK,2017,1.708,,3492.0,South America
17913,Falkland Islands,FLK,2018,1.705,,3511.0,South America
17914,Falkland Islands,FLK,2019,1.701,,3501.0,South America
17915,Falkland Islands,FLK,2020,1.702,,3495.0,South America
17946,Faroe Islands,FRO,1950,3.846,,31651.0,Europe
17947,Faroe Islands,FRO,1951,3.854,,31883.0,Europe
17948,Faroe Islands,FRO,1952,3.632,,31997.0,Europe
17949,Faroe Islands,FRO,1953,3.538,,32010.0,Europe
17950,Faroe Islands,FRO,1954,3.515,,32048.0,Europe
17951,Faroe Islands,FRO,1955,3.615,,32093.0,Europe
17952,Faroe Islands,FRO,1956,3.659,,32303.0,Europe
17953,Faroe Islands,FRO,1957,3.831,,32710.0,Europe
17954,Faroe Islands,FRO,1958,3.966,,33147.0,Europe
17955,Faroe Islands,FRO,1959,3.984,,33640.0,Europe
17956,Faroe Islands,FRO,1960,3.854,,34109.0,Europe
17957,Faroe Islands,FRO,1961,3.757,,34537.0,Europe
17958,Faroe Islands,FRO,1962,3.835,,34938.0,Europe
17959,Faroe Islands,FRO,1963,3.896,,35366.0,Europe
17960,Faroe Islands,FRO,1964,3.975,,35817.0,Europe
17961,Faroe Islands,FRO,1965,4.086,,36334.0,Europe
17962,Faroe Islands,FRO,1966,4.044,,36784.0,Europe
17963,Faroe Islands,FRO,1967,3.978,,37177.0,Europe
17964,Faroe Islands,FRO,1968,3.856,,37545.0,Europe
17965,Faroe Islands,FRO,1969,3.564,,37881.0,Europe
17966,Faroe Islands,FRO,1970,3.415,,38244.0,Europe
17967,Faroe Islands,FRO,1971,3.222,,38683.0,Europe
17968,Faroe Islands,FRO,1972,3.252,,39160.0,Europe
17969,Faroe Islands,FRO,1973,3.218,,39617.0,Europe
17970,Faroe Islands,FRO,1974,3.066,,40082.0,Europe
17971,Faroe Islands,FRO,1975,2.902,,40543.0,Europe
17972,Faroe Islands,FRO,1976,2.742,,41005.0,Europe
17973,Faroe Islands,FRO,1977,2.683,,41441.0,Europe
17974,Faroe Islands,FRO,1978,2.605,,41944.0,Europe
17975,Faroe Islands,FRO,1979,2.684,,42505.0,Europe
17976,Faroe Islands,FRO,1980,2.473,,43045.0,Europe
17977,Faroe Islands,FRO,1981,2.462,,43604.0,Europe
17978,Faroe Islands,FRO,1982,2.341,,44149.0,Europe
17979,Faroe Islands,FRO,1983,2.168,,44646.0,Europe
17980,Faroe Islands,FRO,1984,2.17,,45116.0,Europe
17981,Faroe Islands,FRO,1985,2.282,,45555.0,Europe
17982,Faroe Islands,FRO,1986,2.4,,45985.0,Europe
17983,Faroe Islands,FRO,1987,2.375,,46440.0,Europe
17984,Faroe Islands,FRO,1988,2.569,,46929.0,Europe
17985,Faroe Islands,FRO,1989,2.711,,47487.0,Europe
17986,Faroe Islands,FRO,1990,2.782,,47477.0,Europe
17987,Faroe Islands,FRO,1991,2.63,,46796.0,Europe
17988,Faroe Islands,FRO,1992,2.528,,46001.0,Europe
17989,Faroe Islands,FRO,1993,2.503,,45109.0,Europe
17990,Faroe Islands,FRO,1994,2.399,,44137.0,Europe
17991,Faroe Islands,FRO,1995,2.457,,43812.0,Europe
17992,Faroe Islands,FRO,1996,2.577,,44144.0,Europe
17993,Faroe Islands,FRO,1997,2.503,,44521.0,Europe
17994,Faroe Islands,FRO,1998,2.338,,44879.0,Europe
17995,Faroe Islands,FRO,1999,2.338,,45192.0,Europe
17996,Faroe Islands,FRO,2000,2.56,,45648.0,Europe
17997,Faroe Islands,FRO,2001,2.354,,46214.0,Europe
17998,Faroe Islands,FRO,2002,2.544,,46809.0,Europe
17999,Faroe Islands,FRO,2003,2.542,,47388.0,Europe
18000,Faroe Islands,FRO,2004,2.591,,47991.0,Europe
18001,Faroe Islands,FRO,2005,2.631,,48326.0,Europe
18002,Faroe Islands,FRO,2006,2.511,,48405.0,Europe
18003,Faroe Islands,FRO,2007,2.563,,48449.0,Europe
18004,Faroe Islands,FRO,2008,2.568,,48478.0,Europe
18005,Faroe Islands,FRO,2009,2.391,,48465.0,Europe
18006,Faroe Islands,FRO,2010,2.499,,48149.0,Europe
18007,Faroe Islands,FRO,2011,2.332,,47909.0,Europe
18008,Faroe Islands,FRO,2012,2.557,,48066.0,Europe
18009,Faroe Islands,FRO,2013,2.538,,48251.0,Europe
18010,Faroe Islands,FRO,2014,2.555,,48469.0,Europe
18011,Faroe Islands,FRO,2015,2.42,,48867.0,Europe
18012,Faroe Islands,FRO,2016,2.49,,49503.0,Europe
18013,Faroe Islands,FRO,2017,2.495,,50219.0,Europe
18014,Faroe Islands,FRO,2018,2.434,,51012.0,Europe
18015,Faroe Islands,FRO,2019,2.399,,51817.0,Europe
18016,Faroe Islands,FRO,2020,2.359,,52575.0,Europe
18073,Fiji,FJI,1950,6.518,3.28,309481.0,Oceania
18074,Fiji,FJI,1951,6.539,,316089.0,Oceania
18075,Fiji,FJI,1952,6.537,,323333.0,Oceania
18076,Fiji,FJI,1953,6.543,,331173.0,Oceania
18077,Fiji,FJI,1954,6.553,,339701.0,Oceania
18078,Fiji,FJI,1955,6.568,3.68,349038.0,Oceania
18079,Fiji,FJI,1956,6.602,,359176.0,Oceania
18080,Fiji,FJI,1957,6.571,,369867.0,Oceania
18081,Fiji,FJI,1958,6.529,,381030.0,Oceania
18082,Fiji,FJI,1959,6.47,,392716.0,Oceania
18083,Fiji,FJI,1960,6.364,4.04,404845.0,Oceania
18084,Fiji,FJI,1961,6.284,,417369.0,Oceania
18085,Fiji,FJI,1962,6.198,,430500.0,Oceania
18086,Fiji,FJI,1963,6.088,,444240.0,Oceania
18087,Fiji,FJI,1964,5.96,,458287.0,Oceania
18088,Fiji,FJI,1965,5.763,4.72,472538.0,Oceania
18089,Fiji,FJI,1966,5.546,,486434.0,Oceania
18090,Fiji,FJI,1967,5.333,,498841.0,Oceania
18091,Fiji,FJI,1968,5.113,,509964.0,Oceania
18092,Fiji,FJI,1969,4.905,,520757.0,Oceania
18093,Fiji,FJI,1970,4.708,5.08,531146.0,Oceania
18094,Fiji,FJI,1971,4.51,,541087.0,Oceania
18095,Fiji,FJI,1972,4.316,,550455.0,Oceania
18096,Fiji,FJI,1973,4.158,,559187.0,Oceania
18097,Fiji,FJI,1974,4.068,,567457.0,Oceania
18098,Fiji,FJI,1975,4.104,5.92,575866.0,Oceania
18099,Fiji,FJI,1976,4.123,,585493.0,Oceania
18100,Fiji,FJI,1977,4.108,,597761.0,Oceania
18101,Fiji,FJI,1978,4.098,,612047.0,Oceania
18102,Fiji,FJI,1979,4.078,,626826.0,Oceania
18103,Fiji,FJI,1980,4.038,6.85,641932.0,Oceania
18104,Fiji,FJI,1981,3.991,,657421.0,Oceania
18105,Fiji,FJI,1982,3.941,,673366.0,Oceania
18106,Fiji,FJI,1983,3.877,,689794.0,Oceania
18107,Fiji,FJI,1984,3.796,,706672.0,Oceania
18108,Fiji,FJI,1985,3.663,7.62,723721.0,Oceania
18109,Fiji,FJI,1986,3.535,,739271.0,Oceania
18110,Fiji,FJI,1987,3.478,,750507.0,Oceania
18111,Fiji,FJI,1988,3.432,,758654.0,Oceania
18112,Fiji,FJI,1989,3.398,,766283.0,Oceania
18113,Fiji,FJI,1990,3.386,9.05,773274.0,Oceania
18114,Fiji,FJI,1991,3.365,,779613.0,Oceania
18115,Fiji,FJI,1992,3.331,,785300.0,Oceania
18116,Fiji,FJI,1993,3.293,,790333.0,Oceania
18117,Fiji,FJI,1994,3.258,,794730.0,Oceania
18118,Fiji,FJI,1995,3.251,10.12,798701.0,Oceania
18119,Fiji,FJI,1996,3.248,,803745.0,Oceania
18120,Fiji,FJI,1997,3.188,,812092.0,Oceania
18121,Fiji,FJI,1998,3.118,,822207.0,Oceania
18122,Fiji,FJI,1999,3.051,,831785.0,Oceania
18123,Fiji,FJI,2000,2.992,9.9,840857.0,Oceania
18124,Fiji,FJI,2001,2.973,,849562.0,Oceania
18125,Fiji,FJI,2002,2.968,,858015.0,Oceania
18126,Fiji,FJI,2003,2.957,,866255.0,Oceania
18127,Fiji,FJI,2004,2.941,,874320.0,Oceania
18128,Fiji,FJI,2005,2.917,9.76,882337.0,Oceania
18129,Fiji,FJI,2006,2.905,,890316.0,Oceania
18130,Fiji,FJI,2007,2.872,,897792.0,Oceania
18131,Fiji,FJI,2008,2.819,,903348.0,Oceania
18132,Fiji,FJI,2009,2.76,,907198.0,Oceania
18133,Fiji,FJI,2010,2.696,10.44,910376.0,Oceania
18134,Fiji,FJI,2011,2.631,,912942.0,Oceania
18135,Fiji,FJI,2012,2.612,,914872.0,Oceania
18136,Fiji,FJI,2013,2.604,,916312.0,Oceania
18137,Fiji,FJI,2014,2.591,,917544.0,Oceania
18138,Fiji,FJI,2015,2.567,11.21,918532.0,Oceania
18139,Fiji,FJI,2016,2.518,,919123.0,Oceania
18140,Fiji,FJI,2017,2.461,,918714.0,Oceania
18141,Fiji,FJI,2018,2.419,,917136.0,Oceania
18142,Fiji,FJI,2019,2.385,,914849.0,Oceania
18143,Fiji,FJI,2020,2.357,11.61,914920.0,Oceania
18329,Finland,FIN,1950,3.153,3.94,4008368.0,Europe
18330,Finland,FIN,1951,3.012,,4047602.0,Europe
18331,Finland,FIN,1952,3.051,,4090785.0,Europe
18332,Finland,FIN,1953,2.956,,4139717.0,Europe
18333,Finland,FIN,1954,2.927,,4187205.0,Europe
18334,Finland,FIN,1955,2.93,4.03,4235151.0,Europe
18335,Finland,FIN,1956,2.91,,4281887.0,Europe
18336,Finland,FIN,1957,2.851,,4324144.0,Europe
18337,Finland,FIN,1958,2.682,,4359821.0,Europe
18338,Finland,FIN,1959,2.737,,4394708.0,Europe
18339,Finland,FIN,1960,2.719,4.18,4429579.0,Europe
18340,Finland,FIN,1961,2.711,,4460953.0,Europe
18341,Finland,FIN,1962,2.68,,4491697.0,Europe
18342,Finland,FIN,1963,2.675,,4523846.0,Europe
18343,Finland,FIN,1964,2.589,,4549039.0,Europe
18344,Finland,FIN,1965,2.475,4.93,4564101.0,Europe
18345,Finland,FIN,1966,2.404,,4581399.0,Europe
18346,Finland,FIN,1967,2.316,,4606596.0,Europe
18347,Finland,FIN,1968,2.135,,4627310.0,Europe
18348,Finland,FIN,1969,1.93,,4624030.0,Europe
18349,Finland,FIN,1970,1.822,5.95,4606266.0,Europe
18350,Finland,FIN,1971,1.685,,4612082.0,Europe
18351,Finland,FIN,1972,1.575,,4639500.0,Europe
18352,Finland,FIN,1973,1.501,,4665851.0,Europe
18353,Finland,FIN,1974,1.609,,4690313.0,Europe
18354,Finland,FIN,1975,1.678,6.99,4711120.0,Europe
18355,Finland,FIN,1976,1.701,,4725293.0,Europe
18356,Finland,FIN,1977,1.678,,4738531.0,Europe
18357,Finland,FIN,1978,1.642,,4752197.0,Europe
18358,Finland,FIN,1979,1.634,,4764394.0,Europe
18359,Finland,FIN,1980,1.63,7.92,4779308.0,Europe
18360,Finland,FIN,1981,1.645,,4799797.0,Europe
18361,Finland,FIN,1982,1.71,,4826841.0,Europe
18362,Finland,FIN,1983,1.73,,4855748.0,Europe
18363,Finland,FIN,1984,1.692,,4881772.0,Europe
18364,Finland,FIN,1985,1.64,7.89,4902218.0,Europe
18365,Finland,FIN,1986,1.597,,4918203.0,Europe
18366,Finland,FIN,1987,1.592,,4932209.0,Europe
18367,Finland,FIN,1988,1.685,,4946577.0,Europe
18368,Finland,FIN,1989,1.708,,4964475.0,Europe
18369,Finland,FIN,1990,1.776,8.51,4986530.0,Europe
18370,Finland,FIN,1991,1.794,,5013842.0,Europe
18371,Finland,FIN,1992,1.84,,5042099.0,Europe
18372,Finland,FIN,1993,1.815,,5066547.0,Europe
18373,Finland,FIN,1994,1.839,,5088409.0,Europe
18374,Finland,FIN,1995,1.805,9.38,5107865.0,Europe
18375,Finland,FIN,1996,1.772,,5124663.0,Europe
18376,Finland,FIN,1997,1.742,,5139877.0,Europe
18377,Finland,FIN,1998,1.702,,5153506.0,Europe
18378,Finland,FIN,1999,1.729,,5165470.0,Europe
18379,Finland,FIN,2000,1.726,10.08,5176146.0,Europe
18380,Finland,FIN,2001,1.722,,5187921.0,Europe
18381,Finland,FIN,2002,1.718,,5200499.0,Europe
18382,Finland,FIN,2003,1.756,,5212916.0,Europe
18383,Finland,FIN,2004,1.795,,5228095.0,Europe
18384,Finland,FIN,2005,1.801,10.67,5246037.0,Europe
18385,Finland,FIN,2006,1.832,,5266198.0,Europe
18386,Finland,FIN,2007,1.828,,5288666.0,Europe
18387,Finland,FIN,2008,1.843,,5313334.0,Europe
18388,Finland,FIN,2009,1.86,,5338800.0,Europe
18389,Finland,FIN,2010,1.863,10.97,5363304.0,Europe
18390,Finland,FIN,2011,1.826,,5388186.0,Europe
18391,Finland,FIN,2012,1.797,,5413924.0,Europe
18392,Finland,FIN,2013,1.745,,5439027.0,Europe
18393,Finland,FIN,2014,1.706,,5461629.0,Europe
18394,Finland,FIN,2015,1.645,11.21,5479664.0,Europe
18395,Finland,FIN,2016,1.565,,5495422.0,Europe
18396,Finland,FIN,2017,1.487,,5508354.0,Europe
18397,Finland,FIN,2018,1.407,,5515685.0,Europe
18398,Finland,FIN,2019,1.351,,5521713.0,Europe
18399,Finland,FIN,2020,1.374,11.34,5529559.0,Europe
18594,France,FRA,1950,2.965,4.06,41883073.0,Europe
18595,France,FRA,1951,2.818,,42333613.0,Europe
18596,France,FRA,1952,2.779,,42780229.0,Europe
18597,France,FRA,1953,2.702,,43227822.0,Europe
18598,France,FRA,1954,2.713,,43676841.0,Europe
18599,France,FRA,1955,2.699,4.21,44136050.0,Europe
18600,France,FRA,1956,2.693,,44588468.0,Europe
18601,France,FRA,1957,2.71,,45036312.0,Europe
18602,France,FRA,1958,2.689,,45493445.0,Europe
18603,France,FRA,1959,2.746,,45963710.0,Europe
18604,France,FRA,1960,2.735,4.22,46428086.0,Europe
18605,France,FRA,1961,2.829,,46893794.0,Europe
18606,France,FRA,1962,2.788,,47352571.0,Europe
18607,France,FRA,1963,2.873,,47817760.0,Europe
18608,France,FRA,1964,2.88,,48319041.0,Europe
18609,France,FRA,1965,2.826,4.59,48772780.0,Europe
18610,France,FRA,1966,2.781,,49184596.0,Europe
18611,France,FRA,1967,2.649,,49574855.0,Europe
18612,France,FRA,1968,2.571,,49947202.0,Europe
18613,France,FRA,1969,2.526,,50355256.0,Europe
18614,France,FRA,1970,2.481,5.19,50813019.0,Europe
18615,France,FRA,1971,2.499,,51293015.0,Europe
18616,France,FRA,1972,2.427,,51743822.0,Europe
18617,France,FRA,1973,2.32,,52162160.0,Europe
18618,France,FRA,1974,2.125,,52504692.0,Europe
18619,France,FRA,1975,1.935,5.82,52746279.0,Europe
18620,France,FRA,1976,1.832,,52959069.0,Europe
18621,France,FRA,1977,1.868,,53197077.0,Europe
18622,France,FRA,1978,1.83,,53429614.0,Europe
18623,France,FRA,1979,1.863,,53660848.0,Europe
18624,France,FRA,1980,1.951,6.2,53941019.0,Europe
18625,France,FRA,1981,1.947,,54254943.0,Europe
18626,France,FRA,1982,1.917,,54582351.0,Europe
18627,France,FRA,1983,1.79,,54889361.0,Europe
18628,France,FRA,1984,1.806,,55176574.0,Europe
18629,France,FRA,1985,1.816,7.19,55467096.0,Europe
18630,France,FRA,1986,1.832,,55752790.0,Europe
18631,France,FRA,1987,1.804,,56048312.0,Europe
18632,France,FRA,1988,1.808,,56361796.0,Europe
18633,France,FRA,1989,1.791,,56685031.0,Europe
18634,France,FRA,1990,1.782,8.15,56990186.0,Europe
18635,France,FRA,1991,1.773,,57271510.0,Europe
18636,France,FRA,1992,1.735,,57554812.0,Europe
18637,France,FRA,1993,1.661,,57801206.0,Europe
18638,France,FRA,1994,1.665,,57999814.0,Europe
18639,France,FRA,1995,1.718,9.21,58192155.0,Europe
18640,France,FRA,1996,1.74,,58380593.0,Europe
18641,France,FRA,1997,1.73,,58568614.0,Europe
18642,France,FRA,1998,1.764,,58778760.0,Europe
18643,France,FRA,1999,1.793,,59084162.0,Europe
18644,France,FRA,2000,1.876,10.1,59483672.0,Europe
18645,France,FRA,2001,1.879,,59905084.0,Europe
18646,France,FRA,2002,1.865,,60327203.0,Europe
18647,France,FRA,2003,1.873,,60741072.0,Europe
18648,France,FRA,2004,1.898,,61175198.0,Europe
18649,France,FRA,2005,1.916,10.78,61624978.0,Europe
18650,France,FRA,2006,1.974,,62049790.0,Europe
18651,France,FRA,2007,1.952,,62432388.0,Europe
18652,France,FRA,2008,1.987,,62780134.0,Europe
18653,France,FRA,2009,1.99,,63106403.0,Europe
18654,France,FRA,2010,2.017,11.29,63417312.0,Europe
18655,France,FRA,2011,1.995,,63733716.0,Europe
18656,France,FRA,2012,1.99,,64058423.0,Europe
18657,France,FRA,2013,1.973,,64387684.0,Europe
18658,France,FRA,2014,1.974,,64692449.0,Europe
18659,France,FRA,2015,1.927,11.59,64916292.0,Europe
18660,France,FRA,2016,1.892,,65086802.0,Europe
18661,France,FRA,2017,1.859,,65284727.0,Europe
18662,France,FRA,2018,1.837,,65519483.0,Europe
18663,France,FRA,2019,1.826,,65729405.0,Europe
18664,France,FRA,2020,1.785,11.93,65905226.0,Europe
18859,French Guiana,GUF,1950,4.905,,23362.0,South America
18860,French Guiana,GUF,1951,4.907,,23675.0,South America
18861,French Guiana,GUF,1952,4.906,,23977.0,South America
18862,French Guiana,GUF,1953,5.001,,24308.0,South America
18863,French Guiana,GUF,1954,5.133,,24701.0,South America
18864,French Guiana,GUF,1955,5.234,,25408.0,South America
18865,French Guiana,GUF,1956,5.255,,26432.0,South America
18866,French Guiana,GUF,1957,5.251,,27523.0,South America
18867,French Guiana,GUF,1958,5.197,,28648.0,South America
18868,French Guiana,GUF,1959,5.218,,29828.0,South America
18869,French Guiana,GUF,1960,5.216,,31063.0,South America
18870,French Guiana,GUF,1961,5.124,,32359.0,South America
18871,French Guiana,GUF,1962,5.104,,33754.0,South America
18872,French Guiana,GUF,1963,5.166,,35292.0,South America
18873,French Guiana,GUF,1964,5.286,,36916.0,South America
18874,French Guiana,GUF,1965,5.183,,38646.0,South America
18875,French Guiana,GUF,1966,5.043,,40452.0,South America
18876,French Guiana,GUF,1967,4.934,,42223.0,South America
18877,French Guiana,GUF,1968,4.856,,43664.0,South America
18878,French Guiana,GUF,1969,4.782,,44909.0,South America
18879,French Guiana,GUF,1970,4.716,,46252.0,South America
18880,French Guiana,GUF,1971,4.6,,47699.0,South America
18881,French Guiana,GUF,1972,4.42,,49195.0,South America
18882,French Guiana,GUF,1973,4.073,,50709.0,South America
18883,French Guiana,GUF,1974,3.78,,52383.0,South America
18884,French Guiana,GUF,1975,3.568,,54436.0,South America
18885,French Guiana,GUF,1976,3.42,,56695.0,South America
18886,French Guiana,GUF,1977,3.383,,59011.0,South America
18887,French Guiana,GUF,1978,3.37,,61383.0,South America
18888,French Guiana,GUF,1979,3.358,,63813.0,South America
18889,French Guiana,GUF,1980,3.351,,66319.0,South America
18890,French Guiana,GUF,1981,3.388,,68911.0,South America
18891,French Guiana,GUF,1982,3.431,,72253.0,South America
18892,French Guiana,GUF,1983,3.459,,76548.0,South America
18893,French Guiana,GUF,1984,3.406,,81220.0,South America
18894,French Guiana,GUF,1985,3.375,,86074.0,South America
18895,French Guiana,GUF,1986,3.384,,91123.0,South America
18896,French Guiana,GUF,1987,3.408,,96381.0,South America
18897,French Guiana,GUF,1988,3.455,,101841.0,South America
18898,French Guiana,GUF,1989,3.582,,107539.0,South America
18899,French Guiana,GUF,1990,3.736,,112664.0,South America
18900,French Guiana,GUF,1991,3.868,,116938.0,South America
18901,French Guiana,GUF,1992,3.891,,121217.0,South America
18902,French Guiana,GUF,1993,3.855,,125616.0,South America
18903,French Guiana,GUF,1994,3.822,,130093.0,South America
18904,French Guiana,GUF,1995,3.76,,134596.0,South America
18905,French Guiana,GUF,1996,3.714,,139138.0,South America
18906,French Guiana,GUF,1997,3.663,,143686.0,South America
18907,French Guiana,GUF,1998,3.742,,148343.0,South America
18908,French Guiana,GUF,1999,3.801,,153708.0,South America
18909,French Guiana,GUF,2000,3.958,,160582.0,South America
18910,French Guiana,GUF,2001,3.777,,168499.0,South America
18911,French Guiana,GUF,2002,3.717,,176674.0,South America
18912,French Guiana,GUF,2003,3.766,,185061.0,South America
18913,French Guiana,GUF,2004,3.47,,193617.0,South America
18914,French Guiana,GUF,2005,3.78,,202403.0,South America
18915,French Guiana,GUF,2006,3.824,,210936.0,South America
18916,French Guiana,GUF,2007,3.782,,219087.0,South America
18917,French Guiana,GUF,2008,3.57,,226060.0,South America
18918,French Guiana,GUF,2009,3.49,,230663.0,South America
18919,French Guiana,GUF,2010,3.429,,234528.0,South America
18920,French Guiana,GUF,2011,3.481,,239472.0,South America
18921,French Guiana,GUF,2012,3.617,,245743.0,South America
18922,French Guiana,GUF,2013,3.471,,253199.0,South America
18923,French Guiana,GUF,2014,3.473,,260514.0,South America
18924,French Guiana,GUF,2015,3.547,,266330.0,South America
18925,French Guiana,GUF,2016,3.641,,271232.0,South America
18926,French Guiana,GUF,2017,3.884,,276105.0,South America
18927,French Guiana,GUF,2018,3.785,,280922.0,South America
18928,French Guiana,GUF,2019,3.732,,285524.0,South America
18929,French Guiana,GUF,2020,3.662,,289012.0,South America
18983,French Polynesia,PYF,1950,5.475,,64320.0,Oceania
18984,French Polynesia,PYF,1951,5.595,,65878.0,Oceania
18985,French Polynesia,PYF,1952,5.713,,67592.0,Oceania
18986,French Polynesia,PYF,1953,5.827,,69468.0,Oceania
18987,French Polynesia,PYF,1954,5.943,,71527.0,Oceania
18988,French Polynesia,PYF,1955,6.003,,73820.0,Oceania
18989,French Polynesia,PYF,1956,5.989,,76297.0,Oceania
18990,French Polynesia,PYF,1957,5.987,,78414.0,Oceania
18991,French Polynesia,PYF,1958,5.977,,80117.0,Oceania
18992,French Polynesia,PYF,1959,5.966,,81870.0,Oceania
18993,French Polynesia,PYF,1960,5.931,,83646.0,Oceania
18994,French Polynesia,PYF,1961,5.946,,85401.0,Oceania
18995,French Polynesia,PYF,1962,5.968,,87243.0,Oceania
18996,French Polynesia,PYF,1963,5.975,,89711.0,Oceania
18997,French Polynesia,PYF,1964,5.98,,92799.0,Oceania
18998,French Polynesia,PYF,1965,6.0,,95994.0,Oceania
18999,French Polynesia,PYF,1966,5.981,,99289.0,Oceania
19000,French Polynesia,PYF,1967,5.951,,102724.0,Oceania
19001,French Polynesia,PYF,1968,5.9,,106325.0,Oceania
19002,French Polynesia,PYF,1969,5.818,,110074.0,Oceania
19003,French Polynesia,PYF,1970,5.628,,113979.0,Oceania
19004,French Polynesia,PYF,1971,5.446,,117910.0,Oceania
19005,French Polynesia,PYF,1972,5.272,,121853.0,Oceania
19006,French Polynesia,PYF,1973,5.091,,125854.0,Oceania
19007,French Polynesia,PYF,1974,4.906,,129929.0,Oceania
19008,French Polynesia,PYF,1975,4.713,,134011.0,Oceania
19009,French Polynesia,PYF,1976,4.512,,138086.0,Oceania
19010,French Polynesia,PYF,1977,4.366,,142269.0,Oceania
19011,French Polynesia,PYF,1978,4.045,,146785.0,Oceania
19012,French Polynesia,PYF,1979,3.941,,151536.0,Oceania
19013,French Polynesia,PYF,1980,3.935,,156433.0,Oceania
19014,French Polynesia,PYF,1981,3.934,,161470.0,Oceania
19015,French Polynesia,PYF,1982,3.797,,166608.0,Oceania
19016,French Polynesia,PYF,1983,3.743,,171715.0,Oceania
19017,French Polynesia,PYF,1984,3.834,,176440.0,Oceania
19018,French Polynesia,PYF,1985,3.862,,180956.0,Oceania
19019,French Polynesia,PYF,1986,3.714,,185633.0,Oceania
19020,French Polynesia,PYF,1987,3.622,,190418.0,Oceania
19021,French Polynesia,PYF,1988,3.748,,195166.0,Oceania
19022,French Polynesia,PYF,1989,3.49,,199598.0,Oceania
19023,French Polynesia,PYF,1990,3.434,,203730.0,Oceania
19024,French Polynesia,PYF,1991,3.259,,207716.0,Oceania
19025,French Polynesia,PYF,1992,3.15,,211522.0,Oceania
19026,French Polynesia,PYF,1993,3.084,,215191.0,Oceania
19027,French Polynesia,PYF,1994,2.942,,218693.0,Oceania
19028,French Polynesia,PYF,1995,2.781,,222079.0,Oceania
19029,French Polynesia,PYF,1996,2.716,,225458.0,Oceania
19030,French Polynesia,PYF,1997,2.59,,229085.0,Oceania
19031,French Polynesia,PYF,1998,2.49,,232855.0,Oceania
19032,French Polynesia,PYF,1999,2.581,,236557.0,Oceania
19033,French Polynesia,PYF,2000,2.596,,240306.0,Oceania
19034,French Polynesia,PYF,2001,2.523,,244050.0,Oceania
19035,French Polynesia,PYF,2002,2.425,,247735.0,Oceania
19036,French Polynesia,PYF,2003,2.26,,251600.0,Oceania
19037,French Polynesia,PYF,2004,2.198,,255612.0,Oceania
19038,French Polynesia,PYF,2005,2.181,,259477.0,Oceania
19039,French Polynesia,PYF,2006,2.217,,263187.0,Oceania
19040,French Polynesia,PYF,2007,2.122,,266405.0,Oceania
19041,French Polynesia,PYF,2008,2.195,,268339.0,Oceania
19042,French Polynesia,PYF,2009,2.148,,269456.0,Oceania
19043,French Polynesia,PYF,2010,2.165,,270551.0,Oceania
19044,French Polynesia,PYF,2011,2.061,,271679.0,Oceania
19045,French Polynesia,PYF,2012,2.026,,273032.0,Oceania
19046,French Polynesia,PYF,2013,1.937,,274697.0,Oceania
19047,French Polynesia,PYF,2014,1.957,,276345.0,Oceania
19048,French Polynesia,PYF,2015,1.872,,277826.0,Oceania
19049,French Polynesia,PYF,2016,1.763,,279134.0,Oceania
19050,French Polynesia,PYF,2017,1.669,,280038.0,Oceania
19051,French Polynesia,PYF,2018,1.645,,279776.0,Oceania
19052,French Polynesia,PYF,2019,1.567,,278991.0,Oceania
19053,French Polynesia,PYF,2020,1.57,,279166.0,Oceania
19066,Gabon,GAB,1950,3.948,,472798.0,Africa
19067,Gabon,GAB,1951,3.953,,475594.0,Africa
19068,Gabon,GAB,1952,3.969,,478540.0,Africa
19069,Gabon,GAB,1953,3.992,,481718.0,Africa
19070,Gabon,GAB,1954,4.025,,485118.0,Africa
19071,Gabon,GAB,1955,4.066,,488773.0,Africa
19072,Gabon,GAB,1956,4.115,,492744.0,Africa
19073,Gabon,GAB,1957,4.172,,497022.0,Africa
19074,Gabon,GAB,1958,4.25,,501688.0,Africa
19075,Gabon,GAB,1959,4.336,,506763.0,Africa
19076,Gabon,GAB,1960,4.422,,512283.0,Africa
19077,Gabon,GAB,1961,4.504,,518233.0,Africa
19078,Gabon,GAB,1962,4.587,,524613.0,Africa
19079,Gabon,GAB,1963,4.649,,531414.0,Africa
19080,Gabon,GAB,1964,4.713,,538616.0,Africa
19081,Gabon,GAB,1965,4.785,,546277.0,Africa
19082,Gabon,GAB,1966,4.861,,554420.0,Africa
19083,Gabon,GAB,1967,4.919,,563058.0,Africa
19084,Gabon,GAB,1968,4.984,,572219.0,Africa
19085,Gabon,GAB,1969,5.049,,583233.0,Africa
19086,Gabon,GAB,1970,5.097,,595812.0,Africa
19087,Gabon,GAB,1971,5.163,,608310.0,Africa
19088,Gabon,GAB,1972,5.237,,620912.0,Africa
19089,Gabon,GAB,1973,5.287,,633947.0,Africa
19090,Gabon,GAB,1974,5.327,,647656.0,Africa
19091,Gabon,GAB,1975,5.391,,662159.0,Africa
19092,Gabon,GAB,1976,5.457,,677589.0,Africa
19093,Gabon,GAB,1977,5.516,,693947.0,Africa
19094,Gabon,GAB,1978,5.568,,711202.0,Africa
19095,Gabon,GAB,1979,5.608,,729338.0,Africa
19096,Gabon,GAB,1980,5.664,,748350.0,Africa
19097,Gabon,GAB,1981,5.726,,768344.0,Africa
19098,Gabon,GAB,1982,5.74,,789243.0,Africa
19099,Gabon,GAB,1983,5.759,,810959.0,Africa
19100,Gabon,GAB,1984,5.733,,833448.0,Africa
19101,Gabon,GAB,1985,5.713,,856693.0,Africa
19102,Gabon,GAB,1986,5.688,,880661.0,Africa
19103,Gabon,GAB,1987,5.667,,905440.0,Africa
19104,Gabon,GAB,1988,5.623,,930962.0,Africa
19105,Gabon,GAB,1989,5.55,,957093.0,Africa
19106,Gabon,GAB,1990,5.459,,983691.0,Africa
19107,Gabon,GAB,1991,5.373,,1010777.0,Africa
19108,Gabon,GAB,1992,5.289,,1038337.0,Africa
19109,Gabon,GAB,1993,5.186,,1066348.0,Africa
19110,Gabon,GAB,1994,5.044,,1094670.0,Africa
19111,Gabon,GAB,1995,4.884,,1123170.0,Africa
19112,Gabon,GAB,1996,4.742,,1151968.0,Africa
19113,Gabon,GAB,1997,4.657,,1181400.0,Africa
19114,Gabon,GAB,1998,4.576,,1211694.0,Africa
19115,Gabon,GAB,1999,4.502,,1242985.0,Africa
19116,Gabon,GAB,2000,4.469,,1275530.0,Africa
19117,Gabon,GAB,2001,4.417,,1309550.0,Africa
19118,Gabon,GAB,2002,4.36,,1345082.0,Africa
19119,Gabon,GAB,2003,4.299,,1382304.0,Africa
19120,Gabon,GAB,2004,4.252,,1421570.0,Africa
19121,Gabon,GAB,2005,4.21,,1463455.0,Africa
19122,Gabon,GAB,2006,4.17,,1508281.0,Africa
19123,Gabon,GAB,2007,4.142,,1556199.0,Africa
19124,Gabon,GAB,2008,4.118,,1607136.0,Africa
19125,Gabon,GAB,2009,4.138,,1661523.0,Africa
19126,Gabon,GAB,2010,4.153,,1719828.0,Africa
19127,Gabon,GAB,2011,4.151,,1781929.0,Africa
19128,Gabon,GAB,2012,4.086,,1846852.0,Africa
19129,Gabon,GAB,2013,4.019,,1913008.0,Africa
19130,Gabon,GAB,2014,3.953,,1978345.0,Africa
19131,Gabon,GAB,2015,3.921,10.21,2040935.0,Africa
19132,Gabon,GAB,2016,3.921,,2100258.0,Africa
19133,Gabon,GAB,2017,3.913,,2156852.0,Africa
19134,Gabon,GAB,2018,3.908,,2212268.0,Africa
19135,Gabon,GAB,2019,3.884,,2267660.0,Africa
19136,Gabon,GAB,2020,3.831,10.81,2322485.0,Africa
19331,Gambia,GMB,1950,6.353,0.3,306713.0,Africa
19332,Gambia,GMB,1951,6.354,,314450.0,Africa
19333,Gambia,GMB,1952,6.354,,322597.0,Africa
19334,Gambia,GMB,1953,6.351,,331052.0,Africa
19335,Gambia,GMB,1954,6.344,,339767.0,Africa
19336,Gambia,GMB,1955,6.334,0.3,348757.0,Africa
19337,Gambia,GMB,1956,6.32,,358001.0,Africa
19338,Gambia,GMB,1957,6.304,,367507.0,Africa
19339,Gambia,GMB,1958,6.285,,377335.0,Africa
19340,Gambia,GMB,1959,6.266,,387502.0,Africa
19341,Gambia,GMB,1960,6.246,0.31,398030.0,Africa
19342,Gambia,GMB,1961,6.228,,408896.0,Africa
19343,Gambia,GMB,1962,6.213,,420126.0,Africa
19344,Gambia,GMB,1963,6.202,,431720.0,Africa
19345,Gambia,GMB,1964,6.195,,443650.0,Africa
19346,Gambia,GMB,1965,6.192,0.33,455909.0,Africa
19347,Gambia,GMB,1966,6.183,,468472.0,Africa
19348,Gambia,GMB,1967,6.206,,481544.0,Africa
19349,Gambia,GMB,1968,6.221,,495231.0,Africa
19350,Gambia,GMB,1969,6.246,,509400.0,Africa
19351,Gambia,GMB,1970,6.257,0.36,524062.0,Africa
19352,Gambia,GMB,1971,6.33,,539348.0,Africa
19353,Gambia,GMB,1972,6.366,,555335.0,Africa
19354,Gambia,GMB,1973,6.405,,571963.0,Africa
19355,Gambia,GMB,1974,6.415,,589044.0,Africa
19356,Gambia,GMB,1975,6.428,0.43,606776.0,Africa
19357,Gambia,GMB,1976,6.434,,625627.0,Africa
19358,Gambia,GMB,1977,6.433,,645734.0,Africa
19359,Gambia,GMB,1978,6.421,,667070.0,Africa
19360,Gambia,GMB,1979,6.411,,689735.0,Africa
19361,Gambia,GMB,1980,6.414,0.58,713872.0,Africa
19362,Gambia,GMB,1981,6.399,,739091.0,Africa
19363,Gambia,GMB,1982,6.396,,765708.0,Africa
19364,Gambia,GMB,1983,6.393,,794477.0,Africa
19365,Gambia,GMB,1984,6.385,,825589.0,Africa
19366,Gambia,GMB,1985,6.357,0.78,858830.0,Africa
19367,Gambia,GMB,1986,6.344,,893973.0,Africa
19368,Gambia,GMB,1987,6.3,,931059.0,Africa
19369,Gambia,GMB,1988,6.258,,970122.0,Africa
19370,Gambia,GMB,1989,6.254,,1011321.0,Africa
19371,Gambia,GMB,1990,6.246,1.17,1054658.0,Africa
19372,Gambia,GMB,1991,6.191,,1099908.0,Africa
19373,Gambia,GMB,1992,6.111,,1145534.0,Africa
19374,Gambia,GMB,1993,6.034,,1188323.0,Africa
19375,Gambia,GMB,1994,6.035,,1227183.0,Africa
19376,Gambia,GMB,1995,5.994,1.59,1264273.0,Africa
19377,Gambia,GMB,1996,5.925,,1301367.0,Africa
19378,Gambia,GMB,1997,5.851,,1338849.0,Africa
19379,Gambia,GMB,1998,5.818,,1376948.0,Africa
19380,Gambia,GMB,1999,5.772,,1415742.0,Africa
19381,Gambia,GMB,2000,5.716,2.0,1455049.0,Africa
19382,Gambia,GMB,2001,5.67,,1494977.0,Africa
19383,Gambia,GMB,2002,5.656,,1535655.0,Africa
19384,Gambia,GMB,2003,5.656,,1577575.0,Africa
19385,Gambia,GMB,2004,5.683,,1621254.0,Africa
19386,Gambia,GMB,2005,5.708,2.64,1666989.0,Africa
19387,Gambia,GMB,2006,5.736,,1715238.0,Africa
19388,Gambia,GMB,2007,5.685,,1765731.0,Africa
19389,Gambia,GMB,2008,5.625,,1817806.0,Africa
19390,Gambia,GMB,2009,5.574,,1871382.0,Africa
19391,Gambia,GMB,2010,5.558,3.26,1926580.0,Africa
19392,Gambia,GMB,2011,5.542,,1983737.0,Africa
19393,Gambia,GMB,2012,5.519,,2043044.0,Africa
19394,Gambia,GMB,2013,5.392,,2103775.0,Africa
19395,Gambia,GMB,2014,5.197,,2164486.0,Africa
19396,Gambia,GMB,2015,5.003,3.96,2224483.0,Africa
19397,Gambia,GMB,2016,4.809,,2283737.0,Africa
19398,Gambia,GMB,2017,4.614,,2342157.0,Africa
19399,Gambia,GMB,2018,4.42,,2399584.0,Africa
19400,Gambia,GMB,2019,4.33,,2456795.0,Africa
19401,Gambia,GMB,2020,4.248,4.57,2515694.0,Africa
19596,Georgia,GEO,1950,2.983,,3497401.0,Asia
19597,Georgia,GEO,1951,2.924,,3541194.0,Asia
19598,Georgia,GEO,1952,2.87,,3586748.0,Asia
19599,Georgia,GEO,1953,2.845,,3633925.0,Asia
19600,Georgia,GEO,1954,2.833,,3682687.0,Asia
19601,Georgia,GEO,1955,2.851,,3733975.0,Asia
19602,Georgia,GEO,1956,2.881,,3789530.0,Asia
19603,Georgia,GEO,1957,2.905,,3849493.0,Asia
19604,Georgia,GEO,1958,2.923,,3913586.0,Asia
19605,Georgia,GEO,1959,2.936,,3981643.0,Asia
19606,Georgia,GEO,1960,2.942,,4053753.0,Asia
19607,Georgia,GEO,1961,2.943,,4128984.0,Asia
19608,Georgia,GEO,1962,2.937,,4205660.0,Asia
19609,Georgia,GEO,1963,2.949,,4282749.0,Asia
19610,Georgia,GEO,1964,2.891,,4358274.0,Asia
19611,Georgia,GEO,1965,2.774,,4429280.0,Asia
19612,Georgia,GEO,1966,2.728,,4502967.0,Asia
19613,Georgia,GEO,1967,2.743,,4582901.0,Asia
19614,Georgia,GEO,1968,2.689,,4663533.0,Asia
19615,Georgia,GEO,1969,2.687,,4742970.0,Asia
19616,Georgia,GEO,1970,2.695,,4804011.0,Asia
19617,Georgia,GEO,1971,2.707,,4843093.0,Asia
19618,Georgia,GEO,1972,2.674,,4877224.0,Asia
19619,Georgia,GEO,1973,2.617,,4910971.0,Asia
19620,Georgia,GEO,1974,2.565,,4944588.0,Asia
19621,Georgia,GEO,1975,2.552,,4979352.0,Asia
19622,Georgia,GEO,1976,2.51,,5015869.0,Asia
19623,Georgia,GEO,1977,2.441,,5053507.0,Asia
19624,Georgia,GEO,1978,2.417,,5091734.0,Asia
19625,Georgia,GEO,1979,2.382,,5128635.0,Asia
19626,Georgia,GEO,1980,2.347,,5165491.0,Asia
19627,Georgia,GEO,1981,2.33,,5204983.0,Asia
19628,Georgia,GEO,1982,2.312,,5246422.0,Asia
19629,Georgia,GEO,1983,2.339,,5290135.0,Asia
19630,Georgia,GEO,1984,2.378,,5334213.0,Asia
19631,Georgia,GEO,1985,2.399,,5376853.0,Asia
19632,Georgia,GEO,1986,2.38,,5419081.0,Asia
19633,Georgia,GEO,1987,2.319,,5460967.0,Asia
19634,Georgia,GEO,1988,2.318,,5500204.0,Asia
19635,Georgia,GEO,1989,2.322,,5499593.0,Asia
19636,Georgia,GEO,1990,2.306,,5448811.0,Asia
19637,Georgia,GEO,1991,2.208,,5379465.0,Asia
19638,Georgia,GEO,1992,2.045,,5294140.0,Asia
19639,Georgia,GEO,1993,1.912,,5178738.0,Asia
19640,Georgia,GEO,1994,1.835,,5046220.0,Asia
19641,Georgia,GEO,1995,1.807,,4925686.0,Asia
19642,Georgia,GEO,1996,1.759,,4812721.0,Asia
19643,Georgia,GEO,1997,1.728,,4695310.0,Asia
19644,Georgia,GEO,1998,1.703,,4576397.0,Asia
19645,Georgia,GEO,1999,1.643,,4455538.0,Asia
19646,Georgia,GEO,2000,1.609,,4328318.0,Asia
19647,Georgia,GEO,2001,1.579,,4209588.0,Asia
19648,Georgia,GEO,2002,1.571,,4127795.0,Asia
19649,Georgia,GEO,2003,1.552,,4085443.0,Asia
19650,Georgia,GEO,2004,1.566,,4056030.0,Asia
19651,Georgia,GEO,2005,1.583,,4026093.0,Asia
19652,Georgia,GEO,2006,1.617,,3996533.0,Asia
19653,Georgia,GEO,2007,1.697,,3967540.0,Asia
19654,Georgia,GEO,2008,1.832,,3941135.0,Asia
19655,Georgia,GEO,2009,1.993,,3918895.0,Asia
19656,Georgia,GEO,2010,1.973,,3895882.0,Asia
19657,Georgia,GEO,2011,1.915,,3868672.0,Asia
19658,Georgia,GEO,2012,1.929,,3839155.0,Asia
19659,Georgia,GEO,2013,1.993,,3809072.0,Asia
19660,Georgia,GEO,2014,2.18,,3792875.0,Asia
19661,Georgia,GEO,2015,2.214,,3791515.0,Asia
19662,Georgia,GEO,2016,2.228,,3792013.0,Asia
19663,Georgia,GEO,2017,2.136,,3792801.0,Asia
19664,Georgia,GEO,2018,2.093,,3794833.0,Asia
19665,Georgia,GEO,2019,2.021,,3796671.0,Asia
19666,Georgia,GEO,2020,1.976,,3795624.0,Asia
19857,Germany,DEU,1950,2.194,7.04,69847722.0,Europe
19858,Germany,DEU,1951,2.166,,69782000.0,Europe
19859,Germany,DEU,1952,2.136,,69826891.0,Europe
19860,Germany,DEU,1953,2.129,,69935067.0,Europe
19861,Germany,DEU,1954,2.15,,70104574.0,Europe
19862,Germany,DEU,1955,2.158,7.28,70334098.0,Europe
19863,Germany,DEU,1956,2.206,,70613853.0,Europe
19864,Germany,DEU,1957,2.256,,71088092.0,Europe
19865,Germany,DEU,1958,2.262,,71694625.0,Europe
19866,Germany,DEU,1959,2.359,,72241676.0,Europe
19867,Germany,DEU,1960,2.381,7.39,72811591.0,Europe
19868,Germany,DEU,1961,2.465,,73376062.0,Europe
19869,Germany,DEU,1962,2.462,,73996959.0,Europe
19870,Germany,DEU,1963,2.523,,74697959.0,Europe
19871,Germany,DEU,1964,2.525,,75313437.0,Europe
19872,Germany,DEU,1965,2.487,7.39,75966929.0,Europe
19873,Germany,DEU,1966,2.503,,76610983.0,Europe
19874,Germany,DEU,1967,2.439,,76970751.0,Europe
19875,Germany,DEU,1968,2.341,,77321235.0,Europe
19876,Germany,DEU,1969,2.2,,77943985.0,Europe
19877,Germany,DEU,1970,2.024,7.04,78205059.0,Europe
19878,Germany,DEU,1971,1.951,,78345825.0,Europe
19879,Germany,DEU,1972,1.726,,78719873.0,Europe
19880,Germany,DEU,1973,1.551,,78966939.0,Europe
19881,Germany,DEU,1974,1.521,,78996648.0,Europe
19882,Germany,DEU,1975,1.477,7.04,78701809.0,Europe
19883,Germany,DEU,1976,1.494,,78364452.0,Europe
19884,Germany,DEU,1977,1.498,,78185514.0,Europe
19885,Germany,DEU,1978,1.489,,78115303.0,Europe
19886,Germany,DEU,1979,1.494,,78147846.0,Europe
19887,Germany,DEU,1980,1.556,7.28,78315329.0,Europe
19888,Germany,DEU,1981,1.529,,78447990.0,Europe
19889,Germany,DEU,1982,1.504,,78393617.0,Europe
19890,Germany,DEU,1983,1.43,,78224082.0,Europe
19891,Germany,DEU,1984,1.389,,77998146.0,Europe
19892,Germany,DEU,1985,1.378,7.62,77863371.0,Europe
19893,Germany,DEU,1986,1.417,,77923761.0,Europe
19894,Germany,DEU,1987,1.438,,78062270.0,Europe
19895,Germany,DEU,1988,1.464,,78385947.0,Europe
19896,Germany,DEU,1989,1.433,,79007007.0,Europe
19897,Germany,DEU,1990,1.46,8.74,79707913.0,Europe
19898,Germany,DEU,1991,1.344,,80303142.0,Europe
19899,Germany,DEU,1992,1.305,,80934859.0,Europe
19900,Germany,DEU,1993,1.288,,81486723.0,Europe
19901,Germany,DEU,1994,1.254,,81773563.0,Europe
19902,Germany,DEU,1995,1.262,9.61,82019850.0,Europe
19903,Germany,DEU,1996,1.33,,82263144.0,Europe
19904,Germany,DEU,1997,1.377,,82389580.0,Europe
19905,Germany,DEU,1998,1.364,,82011883.0,Europe
19906,Germany,DEU,1999,1.37,,81678226.0,Europe
19907,Germany,DEU,2000,1.386,10.14,81797200.0,Europe
19908,Germany,DEU,2001,1.354,,81933833.0,Europe
19909,Germany,DEU,2002,1.344,,82068282.0,Europe
19910,Germany,DEU,2003,1.343,,82111559.0,Europe
19911,Germany,DEU,2004,1.361,,82092658.0,Europe
19912,Germany,DEU,2005,1.344,11.79,82046684.0,Europe
19913,Germany,DEU,2006,1.339,,81701921.0,Europe
19914,Germany,DEU,2007,1.378,,81298499.0,Europe
19915,Germany,DEU,2008,1.387,,81110734.0,Europe
19916,Germany,DEU,2009,1.367,,80935222.0,Europe
19917,Germany,DEU,2010,1.4,12.43,80830868.0,Europe
19918,Germany,DEU,2011,1.385,,80857831.0,Europe
19919,Germany,DEU,2012,1.405,,80916339.0,Europe
19920,Germany,DEU,2013,1.415,,81041525.0,Europe
19921,Germany,DEU,2014,1.469,,81376036.0,Europe
19922,Germany,DEU,2015,1.501,12.54,82077498.0,Europe
19923,Germany,DEU,2016,1.591,,82760053.0,Europe
19924,Germany,DEU,2017,1.57,,83103956.0,Europe
19925,Germany,DEU,2018,1.566,,83368456.0,Europe
19926,Germany,DEU,2019,1.541,,83559127.0,Europe
19927,Germany,DEU,2020,1.531,12.96,83628661.0,Europe
20122,Ghana,GHA,1950,6.7,0.32,5080622.0,Africa
20123,Ghana,GHA,1951,6.731,,5229084.0,Africa
20124,Ghana,GHA,1952,6.755,,5387440.0,Africa
20125,Ghana,GHA,1953,6.777,,5553918.0,Africa
20126,Ghana,GHA,1954,6.799,,5729381.0,Africa
20127,Ghana,GHA,1955,6.818,0.36,5914883.0,Africa
20128,Ghana,GHA,1956,6.843,,6109563.0,Africa
20129,Ghana,GHA,1957,6.852,,6312452.0,Africa
20130,Ghana,GHA,1958,6.86,,6520096.0,Africa
20131,Ghana,GHA,1959,6.874,,6735487.0,Africa
20132,Ghana,GHA,1960,6.89,0.55,6961167.0,Africa
20133,Ghana,GHA,1961,6.912,,7162610.0,Africa
20134,Ghana,GHA,1962,6.942,,7337328.0,Africa
20135,Ghana,GHA,1963,6.936,,7514682.0,Africa
20136,Ghana,GHA,1964,6.902,,7695688.0,Africa
20137,Ghana,GHA,1965,6.88,1.14,7882554.0,Africa
20138,Ghana,GHA,1966,6.862,,8074477.0,Africa
20139,Ghana,GHA,1967,6.893,,8271871.0,Africa
20140,Ghana,GHA,1968,6.892,,8475691.0,Africa
20141,Ghana,GHA,1969,6.954,,8690331.0,Africa
20142,Ghana,GHA,1970,6.952,2.21,8925768.0,Africa
20143,Ghana,GHA,1971,6.946,,9176209.0,Africa
20144,Ghana,GHA,1972,6.916,,9438134.0,Africa
20145,Ghana,GHA,1973,6.872,,9714561.0,Africa
20146,Ghana,GHA,1974,6.822,,10000482.0,Africa
20147,Ghana,GHA,1975,6.762,2.99,10294266.0,Africa
20148,Ghana,GHA,1976,6.703,,10594872.0,Africa
20149,Ghana,GHA,1977,6.637,,10911821.0,Africa
20150,Ghana,GHA,1978,6.564,,11248401.0,Africa
20151,Ghana,GHA,1979,6.513,,11597203.0,Africa
20152,Ghana,GHA,1980,6.474,3.56,11941397.0,Africa
20153,Ghana,GHA,1981,6.415,,12281666.0,Africa
20154,Ghana,GHA,1982,6.312,,12643770.0,Africa
20155,Ghana,GHA,1983,6.227,,13029795.0,Africa
20156,Ghana,GHA,1984,6.153,,13370541.0,Africa
20157,Ghana,GHA,1985,6.119,4.03,13661192.0,Africa
20158,Ghana,GHA,1986,6.084,,13965158.0,Africa
20159,Ghana,GHA,1987,6.022,,14289071.0,Africa
20160,Ghana,GHA,1988,5.922,,14636525.0,Africa
20161,Ghana,GHA,1989,5.818,,15006762.0,Africa
20162,Ghana,GHA,1990,5.737,4.45,15394598.0,Africa
20163,Ghana,GHA,1991,5.63,,15787445.0,Africa
20164,Ghana,GHA,1992,5.517,,16184805.0,Africa
20165,Ghana,GHA,1993,5.414,,16589470.0,Africa
20166,Ghana,GHA,1994,5.254,,16993137.0,Africa
20167,Ghana,GHA,1995,5.106,4.83,17398968.0,Africa
20168,Ghana,GHA,1996,4.959,,17810138.0,Africa
20169,Ghana,GHA,1997,4.884,,18238909.0,Africa
20170,Ghana,GHA,1998,4.829,,18687991.0,Africa
20171,Ghana,GHA,1999,4.822,,19149823.0,Africa
20172,Ghana,GHA,2000,4.827,5.51,19637041.0,Africa
20173,Ghana,GHA,2001,4.768,,20167023.0,Africa
20174,Ghana,GHA,2002,4.687,,20729337.0,Africa
20175,Ghana,GHA,2003,4.597,,21296653.0,Africa
20176,Ghana,GHA,2004,4.504,,21868251.0,Africa
20177,Ghana,GHA,2005,4.496,6.25,22449390.0,Africa
20178,Ghana,GHA,2006,4.399,,23040661.0,Africa
20179,Ghana,GHA,2007,4.288,,23642240.0,Africa
20180,Ghana,GHA,2008,4.217,,24249900.0,Africa
20181,Ghana,GHA,2009,4.179,,24862618.0,Africa
20182,Ghana,GHA,2010,4.181,6.91,25474957.0,Africa
20183,Ghana,GHA,2011,4.177,,26095042.0,Africa
20184,Ghana,GHA,2012,4.154,,26734220.0,Africa
20185,Ghana,GHA,2013,4.114,,27386146.0,Africa
20186,Ghana,GHA,2014,4.029,,28041528.0,Africa
20187,Ghana,GHA,2015,3.982,7.17,28696019.0,Africa
20188,Ghana,GHA,2016,3.873,,29356688.0,Africa
20189,Ghana,GHA,2017,3.715,,30008310.0,Africa
20190,Ghana,GHA,2018,3.65,,30637543.0,Africa
20191,Ghana,GHA,2019,3.593,,31258887.0,Africa
20192,Ghana,GHA,2020,3.541,7.9,31887755.0,Africa
20387,Gibraltar,GIB,1950,2.682,,21637.0,Europe
20388,Gibraltar,GIB,1951,2.761,,21446.0,Europe
20389,Gibraltar,GIB,1952,2.803,,21447.0,Europe
20390,Gibraltar,GIB,1953,2.799,,21575.0,Europe
20391,Gibraltar,GIB,1954,2.768,,21680.0,Europe
20392,Gibraltar,GIB,1955,2.734,,21761.0,Europe
20393,Gibraltar,GIB,1956,2.802,,21824.0,Europe
20394,Gibraltar,GIB,1957,2.874,,21860.0,Europe
20395,Gibraltar,GIB,1958,2.937,,21857.0,Europe
20396,Gibraltar,GIB,1959,2.996,,21849.0,Europe
20397,Gibraltar,GIB,1960,3.102,,21827.0,Europe
20398,Gibraltar,GIB,1961,3.26,,21853.0,Europe
20399,Gibraltar,GIB,1962,3.528,,22170.0,Europe
20400,Gibraltar,GIB,1963,4.061,,22718.0,Europe
20401,Gibraltar,GIB,1964,4.26,,23306.0,Europe
20402,Gibraltar,GIB,1965,3.989,,23860.0,Europe
20403,Gibraltar,GIB,1966,3.604,,24424.0,Europe
20404,Gibraltar,GIB,1967,3.183,,25003.0,Europe
20405,Gibraltar,GIB,1968,2.98,,25548.0,Europe
20406,Gibraltar,GIB,1969,2.949,,26101.0,Europe
20407,Gibraltar,GIB,1970,2.948,,26611.0,Europe
20408,Gibraltar,GIB,1971,2.944,,26999.0,Europe
20409,Gibraltar,GIB,1972,2.788,,27256.0,Europe
20410,Gibraltar,GIB,1973,2.671,,27513.0,Europe
20411,Gibraltar,GIB,1974,2.596,,27728.0,Europe
20412,Gibraltar,GIB,1975,2.527,,27928.0,Europe
20413,Gibraltar,GIB,1976,2.479,,28111.0,Europe
20414,Gibraltar,GIB,1977,2.468,,28273.0,Europe
20415,Gibraltar,GIB,1978,2.486,,28417.0,Europe
20416,Gibraltar,GIB,1979,2.523,,28553.0,Europe
20417,Gibraltar,GIB,1980,2.567,,28649.0,Europe
20418,Gibraltar,GIB,1981,2.534,,28718.0,Europe
20419,Gibraltar,GIB,1982,2.491,,28744.0,Europe
20420,Gibraltar,GIB,1983,2.436,,28712.0,Europe
20421,Gibraltar,GIB,1984,2.398,,28619.0,Europe
20422,Gibraltar,GIB,1985,2.371,,28489.0,Europe
20423,Gibraltar,GIB,1986,2.356,,28301.0,Europe
20424,Gibraltar,GIB,1987,2.35,,28061.0,Europe
20425,Gibraltar,GIB,1988,2.345,,27815.0,Europe
20426,Gibraltar,GIB,1989,2.353,,27519.0,Europe
20427,Gibraltar,GIB,1990,2.39,,27170.0,Europe
20428,Gibraltar,GIB,1991,2.431,,26882.0,Europe
20429,Gibraltar,GIB,1992,2.443,,26853.0,Europe
20430,Gibraltar,GIB,1993,2.42,,27046.0,Europe
20431,Gibraltar,GIB,1994,2.38,,27221.0,Europe
20432,Gibraltar,GIB,1995,2.334,,27360.0,Europe
20433,Gibraltar,GIB,1996,2.251,,27461.0,Europe
20434,Gibraltar,GIB,1997,2.233,,27570.0,Europe
20435,Gibraltar,GIB,1998,2.204,,27625.0,Europe
20436,Gibraltar,GIB,1999,2.189,,27667.0,Europe
20437,Gibraltar,GIB,2000,2.185,,27684.0,Europe
20438,Gibraltar,GIB,2001,2.104,,27635.0,Europe
20439,Gibraltar,GIB,2002,1.683,,27791.0,Europe
20440,Gibraltar,GIB,2003,1.634,,28247.0,Europe
20441,Gibraltar,GIB,2004,1.689,,28695.0,Europe
20442,Gibraltar,GIB,2005,1.754,,29144.0,Europe
20443,Gibraltar,GIB,2006,1.802,,29572.0,Europe
20444,Gibraltar,GIB,2007,1.852,,29985.0,Europe
20445,Gibraltar,GIB,2008,1.903,,30390.0,Europe
20446,Gibraltar,GIB,2009,1.926,,30800.0,Europe
20447,Gibraltar,GIB,2010,1.954,,31221.0,Europe
20448,Gibraltar,GIB,2011,1.974,,31642.0,Europe
20449,Gibraltar,GIB,2012,1.999,,32007.0,Europe
20450,Gibraltar,GIB,2013,2.099,,32383.0,Europe
20451,Gibraltar,GIB,2014,2.084,,32783.0,Europe
20452,Gibraltar,GIB,2015,2.074,,33163.0,Europe
20453,Gibraltar,GIB,2016,1.94,,33631.0,Europe
20454,Gibraltar,GIB,2017,1.93,,34213.0,Europe
20455,Gibraltar,GIB,2018,1.921,,34826.0,Europe
20456,Gibraltar,GIB,2019,1.912,,35469.0,Europe
20457,Gibraltar,GIB,2020,1.907,,36142.0,Europe
20466,Greece,GRC,1950,2.574,3.5,7651024.0,Europe
20467,Greece,GRC,1951,2.485,,7712818.0,Europe
20468,Greece,GRC,1952,2.416,,7775492.0,Europe
20469,Greece,GRC,1953,2.392,,7841224.0,Europe
20470,Greece,GRC,1954,2.399,,7910822.0,Europe
20471,Greece,GRC,1955,2.42,4.97,7984656.0,Europe
20472,Greece,GRC,1956,2.383,,8060948.0,Europe
20473,Greece,GRC,1957,2.33,,8136927.0,Europe
20474,Greece,GRC,1958,2.308,,8214938.0,Europe
20475,Greece,GRC,1959,2.327,,8297663.0,Europe
20476,Greece,GRC,1960,2.294,6.84,8384421.0,Europe
20477,Greece,GRC,1961,2.239,,8446956.0,Europe
20478,Greece,GRC,1962,2.242,,8473324.0,Europe
20479,Greece,GRC,1963,2.243,,8488330.0,Europe
20480,Greece,GRC,1964,2.313,,8503948.0,Europe
20481,Greece,GRC,1965,2.334,6.03,8521324.0,Europe
20482,Greece,GRC,1966,2.395,,8579941.0,Europe
20483,Greece,GRC,1967,2.484,,8655106.0,Europe
20484,Greece,GRC,1968,2.474,,8717871.0,Europe
20485,Greece,GRC,1969,2.434,,8747025.0,Europe
20486,Greece,GRC,1970,2.435,6.14,8747730.0,Europe
20487,Greece,GRC,1971,2.408,,8786978.0,Europe
20488,Greece,GRC,1972,2.388,,8849329.0,Europe
20489,Greece,GRC,1973,2.365,,8893354.0,Europe
20490,Greece,GRC,1974,2.428,,8929062.0,Europe
20491,Greece,GRC,1975,2.419,6.42,9016926.0,Europe
20492,Greece,GRC,1976,2.42,,9160164.0,Europe
20493,Greece,GRC,1977,2.377,,9281982.0,Europe
20494,Greece,GRC,1978,2.371,,9389925.0,Europe
20495,Greece,GRC,1979,2.356,,9525960.0,Europe
20496,Greece,GRC,1980,2.297,6.96,9653365.0,Europe
20497,Greece,GRC,1981,2.17,,9754355.0,Europe
20498,Greece,GRC,1982,2.082,,9837427.0,Europe
20499,Greece,GRC,1983,1.989,,9911440.0,Europe
20500,Greece,GRC,1984,1.871,,9978732.0,Europe
20501,Greece,GRC,1985,1.744,7.83,10036994.0,Europe
20502,Greece,GRC,1986,1.66,,10088711.0,Europe
20503,Greece,GRC,1987,1.581,,10134472.0,Europe
20504,Greece,GRC,1988,1.542,,10176962.0,Europe
20505,Greece,GRC,1989,1.485,,10217995.0,Europe
20506,Greece,GRC,1990,1.466,8.95,10258439.0,Europe
20507,Greece,GRC,1991,1.459,,10306590.0,Europe
20508,Greece,GRC,1992,1.452,,10359849.0,Europe
20509,Greece,GRC,1993,1.426,,10412703.0,Europe
20510,Greece,GRC,1994,1.414,,10466221.0,Europe
20511,Greece,GRC,1995,1.385,9.24,10519187.0,Europe
20512,Greece,GRC,1996,1.365,,10570036.0,Europe
20513,Greece,GRC,1997,1.357,,10622280.0,Europe
20514,Greece,GRC,1998,1.339,,10675358.0,Europe
20515,Greece,GRC,1999,1.326,,10727901.0,Europe
20516,Greece,GRC,2000,1.331,9.71,10782578.0,Europe
20517,Greece,GRC,2001,1.327,,10843115.0,Europe
20518,Greece,GRC,2002,1.335,,10890234.0,Europe
20519,Greece,GRC,2003,1.333,,10918420.0,Europe
20520,Greece,GRC,2004,1.34,,10947321.0,Europe
20521,Greece,GRC,2005,1.358,10.89,10981291.0,Europe
20522,Greece,GRC,2006,1.403,,11016060.0,Europe
20523,Greece,GRC,2007,1.416,,11045687.0,Europe
20524,Greece,GRC,2008,1.494,,11076814.0,Europe
20525,Greece,GRC,2009,1.507,,11108016.0,Europe
20526,Greece,GRC,2010,1.485,11.39,11124619.0,Europe
20527,Greece,GRC,2011,1.395,,11108791.0,Europe
20528,Greece,GRC,2012,1.345,,11048239.0,Europe
20529,Greece,GRC,2013,1.292,,10967481.0,Europe
20530,Greece,GRC,2014,1.298,,10893122.0,Europe
20531,Greece,GRC,2015,1.328,11.7,10820843.0,Europe
20532,Greece,GRC,2016,1.382,,10775454.0,Europe
20533,Greece,GRC,2017,1.35,,10753489.0,Europe
20534,Greece,GRC,2018,1.35,,10730788.0,Europe
20535,Greece,GRC,2019,1.337,,10718520.0,Europe
20536,Greece,GRC,2020,1.386,12.03,10699317.0,Europe
20731,Greenland,GRL,1950,5.641,,23188.0,North America
20732,Greenland,GRL,1951,5.732,,23648.0,North America
20733,Greenland,GRL,1952,5.805,,24153.0,North America
20734,Greenland,GRL,1953,5.923,,24795.0,North America
20735,Greenland,GRL,1954,6.093,,25486.0,North America
20736,Greenland,GRL,1955,6.267,,26244.0,North America
20737,Greenland,GRL,1956,6.33,,27162.0,North America
20738,Greenland,GRL,1957,6.398,,28245.0,North America
20739,Greenland,GRL,1958,6.468,,29421.0,North America
20740,Greenland,GRL,1959,6.575,,30715.0,North America
20741,Greenland,GRL,1960,6.686,,32088.0,North America
20742,Greenland,GRL,1961,6.781,,33390.0,North America
20743,Greenland,GRL,1962,6.785,,34623.0,North America
20744,Greenland,GRL,1963,6.757,,35881.0,North America
20745,Greenland,GRL,1964,6.654,,37182.0,North America
20746,Greenland,GRL,1965,6.419,,38545.0,North America
20747,Greenland,GRL,1966,6.031,,39943.0,North America
20748,Greenland,GRL,1967,5.545,,41378.0,North America
20749,Greenland,GRL,1968,4.928,,42756.0,North America
20750,Greenland,GRL,1969,4.209,,44113.0,North America
20751,Greenland,GRL,1970,3.541,,45451.0,North America
20752,Greenland,GRL,1971,3.202,,46485.0,North America
20753,Greenland,GRL,1972,3.012,,47241.0,North America
20754,Greenland,GRL,1973,2.739,,47956.0,North America
20755,Greenland,GRL,1974,2.45,,48600.0,North America
20756,Greenland,GRL,1975,2.33,,49148.0,North America
20757,Greenland,GRL,1976,2.267,,49572.0,North America
20758,Greenland,GRL,1977,2.283,,49732.0,North America
20759,Greenland,GRL,1978,2.196,,49728.0,North America
20760,Greenland,GRL,1979,2.208,,49761.0,North America
20761,Greenland,GRL,1980,2.354,,50087.0,North America
20762,Greenland,GRL,1981,2.319,,50690.0,North America
20763,Greenland,GRL,1982,2.228,,51311.0,North America
20764,Greenland,GRL,1983,2.086,,51934.0,North America
20765,Greenland,GRL,1984,2.109,,52594.0,North America
20766,Greenland,GRL,1985,2.171,,53188.0,North America
20767,Greenland,GRL,1986,2.082,,53712.0,North America
20768,Greenland,GRL,1987,2.104,,54240.0,North America
20769,Greenland,GRL,1988,2.272,,54775.0,North America
20770,Greenland,GRL,1989,2.338,,55289.0,North America
20771,Greenland,GRL,1990,2.418,,55602.0,North America
20772,Greenland,GRL,1991,2.44,,55696.0,North America
20773,Greenland,GRL,1992,2.551,,55724.0,North America
20774,Greenland,GRL,1993,2.565,,55735.0,North America
20775,Greenland,GRL,1994,2.535,,55720.0,North America
20776,Greenland,GRL,1995,2.513,,55810.0,North America
20777,Greenland,GRL,1996,2.515,,55972.0,North America
20778,Greenland,GRL,1997,2.598,,56068.0,North America
20779,Greenland,GRL,1998,2.442,,56128.0,North America
20780,Greenland,GRL,1999,2.37,,56104.0,North America
20781,Greenland,GRL,2000,2.347,,56187.0,North America
20782,Greenland,GRL,2001,2.453,,56394.0,North America
20783,Greenland,GRL,2002,2.492,,56570.0,North America
20784,Greenland,GRL,2003,2.389,,56737.0,North America
20785,Greenland,GRL,2004,2.379,,56882.0,North America
20786,Greenland,GRL,2005,2.335,,56917.0,North America
20787,Greenland,GRL,2006,2.257,,56858.0,North America
20788,Greenland,GRL,2007,2.27,,56760.0,North America
20789,Greenland,GRL,2008,2.269,,56644.0,North America
20790,Greenland,GRL,2009,2.322,,56502.0,North America
20791,Greenland,GRL,2010,2.241,,56588.0,North America
20792,Greenland,GRL,2011,2.097,,56803.0,North America
20793,Greenland,GRL,2012,2.001,,56745.0,North America
20794,Greenland,GRL,2013,2.012,,56477.0,North America
20795,Greenland,GRL,2014,2.009,,56150.0,North America
20796,Greenland,GRL,2015,2.076,,55998.0,North America
20797,Greenland,GRL,2016,2.068,,56032.0,North America
20798,Greenland,GRL,2017,2.065,,56048.0,North America
20799,Greenland,GRL,2018,2.02,,56056.0,North America
20800,Greenland,GRL,2019,2.006,,56064.0,North America
20801,Greenland,GRL,2020,1.998,,56056.0,North America
20837,Grenada,GRD,1950,5.184,,77249.0,North America
20838,Grenada,GRD,1951,5.358,,77899.0,North America
20839,Grenada,GRD,1952,5.686,,78912.0,North America
20840,Grenada,GRD,1953,5.974,,80179.0,North America
20841,Grenada,GRD,1954,6.221,,81742.0,North America
20842,Grenada,GRD,1955,6.428,,83611.0,North America
20843,Grenada,GRD,1956,6.59,,85778.0,North America
20844,Grenada,GRD,1957,6.709,,88118.0,North America
20845,Grenada,GRD,1958,6.778,,90387.0,North America
20846,Grenada,GRD,1959,6.792,,92411.0,North America
20847,Grenada,GRD,1960,6.743,,94028.0,North America
20848,Grenada,GRD,1961,6.627,,95295.0,North America
20849,Grenada,GRD,1962,6.442,,96351.0,North America
20850,Grenada,GRD,1963,6.196,,97170.0,North America
20851,Grenada,GRD,1964,5.906,,97739.0,North America
20852,Grenada,GRD,1965,5.597,,98042.0,North America
20853,Grenada,GRD,1966,5.3,,98096.0,North America
20854,Grenada,GRD,1967,5.04,,98030.0,North America
20855,Grenada,GRD,1968,4.835,,98050.0,North America
20856,Grenada,GRD,1969,4.69,,98176.0,North America
20857,Grenada,GRD,1970,4.46,,98385.0,North America
20858,Grenada,GRD,1971,4.307,,98609.0,North America
20859,Grenada,GRD,1972,4.175,,98749.0,North America
20860,Grenada,GRD,1973,4.046,,98675.0,North America
20861,Grenada,GRD,1974,3.92,,98453.0,North America
20862,Grenada,GRD,1975,3.754,,98104.0,North America
20863,Grenada,GRD,1976,3.597,,97606.0,North America
20864,Grenada,GRD,1977,3.457,,96986.0,North America
20865,Grenada,GRD,1978,3.351,,96285.0,North America
20866,Grenada,GRD,1979,3.344,,95463.0,North America
20867,Grenada,GRD,1980,3.298,,94516.0,North America
20868,Grenada,GRD,1981,2.989,,94021.0,North America
20869,Grenada,GRD,1982,3.154,,94354.0,North America
20870,Grenada,GRD,1983,3.306,,94913.0,North America
20871,Grenada,GRD,1984,3.224,,95475.0,North America
20872,Grenada,GRD,1985,3.478,,96081.0,North America
20873,Grenada,GRD,1986,3.584,,96757.0,North America
20874,Grenada,GRD,1987,3.581,,97489.0,North America
20875,Grenada,GRD,1988,3.193,,98271.0,North America
20876,Grenada,GRD,1989,3.233,,99089.0,North America
20877,Grenada,GRD,1990,3.058,,99917.0,North America
20878,Grenada,GRD,1991,3.106,,100751.0,North America
20879,Grenada,GRD,1992,2.97,,101574.0,North America
20880,Grenada,GRD,1993,2.805,,102350.0,North America
20881,Grenada,GRD,1994,2.794,,103103.0,North America
20882,Grenada,GRD,1995,2.822,,103847.0,North America
20883,Grenada,GRD,1996,2.848,,104542.0,North America
20884,Grenada,GRD,1997,2.803,,105255.0,North America
20885,Grenada,GRD,1998,2.494,,105978.0,North America
20886,Grenada,GRD,1999,2.392,,106701.0,North America
20887,Grenada,GRD,2000,2.441,,107418.0,North America
20888,Grenada,GRD,2001,2.421,,107951.0,North America
20889,Grenada,GRD,2002,2.378,,108362.0,North America
20890,Grenada,GRD,2003,2.332,,108852.0,North America
20891,Grenada,GRD,2004,2.285,,109297.0,North America
20892,Grenada,GRD,2005,2.242,,109688.0,North America
20893,Grenada,GRD,2006,2.195,,110096.0,North America
20894,Grenada,GRD,2007,2.154,,110481.0,North America
20895,Grenada,GRD,2008,2.116,,110857.0,North America
20896,Grenada,GRD,2009,2.078,,111213.0,North America
20897,Grenada,GRD,2010,2.038,,111550.0,North America
20898,Grenada,GRD,2011,2.006,,112048.0,North America
20899,Grenada,GRD,2012,1.967,,112748.0,North America
20900,Grenada,GRD,2013,1.913,,113442.0,North America
20901,Grenada,GRD,2014,1.799,,114103.0,North America
20902,Grenada,GRD,2015,1.715,,114634.0,North America
20903,Grenada,GRD,2016,1.616,,115092.0,North America
20904,Grenada,GRD,2017,1.438,,115402.0,North America
20905,Grenada,GRD,2018,1.53,,115655.0,North America
20906,Grenada,GRD,2019,1.542,,115943.0,North America
20907,Grenada,GRD,2020,1.532,,116304.0,North America
21098,Guadeloupe,GLP,1950,5.592,,215470.0,North America
21099,Guadeloupe,GLP,1951,5.636,,219529.0,North America
21100,Guadeloupe,GLP,1952,5.662,,225604.0,North America
21101,Guadeloupe,GLP,1953,5.686,,231933.0,North America
21102,Guadeloupe,GLP,1954,5.702,,238351.0,North America
21103,Guadeloupe,GLP,1955,5.773,,244745.0,North America
21104,Guadeloupe,GLP,1956,5.715,,251248.0,North America
21105,Guadeloupe,GLP,1957,5.6,,257934.0,North America
21106,Guadeloupe,GLP,1958,5.634,,264846.0,North America
21107,Guadeloupe,GLP,1959,5.632,,271993.0,North America
21108,Guadeloupe,GLP,1960,5.771,,279391.0,North America
21109,Guadeloupe,GLP,1961,5.666,,286357.0,North America
21110,Guadeloupe,GLP,1962,5.856,,291971.0,North America
21111,Guadeloupe,GLP,1963,5.709,,296492.0,North America
21112,Guadeloupe,GLP,1964,5.58,,300577.0,North America
21113,Guadeloupe,GLP,1965,5.593,,304538.0,North America
21114,Guadeloupe,GLP,1966,5.581,,308465.0,North America
21115,Guadeloupe,GLP,1967,5.429,,312114.0,North America
21116,Guadeloupe,GLP,1968,5.218,,314857.0,North America
21117,Guadeloupe,GLP,1969,4.979,,316707.0,North America
21118,Guadeloupe,GLP,1970,4.758,,318073.0,North America
21119,Guadeloupe,GLP,1971,4.557,,319040.0,North America
21120,Guadeloupe,GLP,1972,4.349,,319637.0,North America
21121,Guadeloupe,GLP,1973,4.172,,319966.0,North America
21122,Guadeloupe,GLP,1974,3.988,,320527.0,North America
21123,Guadeloupe,GLP,1975,3.752,,322412.0,North America
21124,Guadeloupe,GLP,1976,3.343,,325257.0,North America
21125,Guadeloupe,GLP,1977,2.927,,327667.0,North America
21126,Guadeloupe,GLP,1978,2.584,,329264.0,North America
21127,Guadeloupe,GLP,1979,2.463,,330347.0,North America
21128,Guadeloupe,GLP,1980,2.466,,331173.0,North America
21129,Guadeloupe,GLP,1981,2.46,,332480.0,North America
21130,Guadeloupe,GLP,1982,2.457,,335781.0,North America
21131,Guadeloupe,GLP,1983,2.464,,341344.0,North America
21132,Guadeloupe,GLP,1984,2.447,,347945.0,North America
21133,Guadeloupe,GLP,1985,2.432,,354843.0,North America
21134,Guadeloupe,GLP,1986,2.373,,361878.0,North America
21135,Guadeloupe,GLP,1987,2.315,,368911.0,North America
21136,Guadeloupe,GLP,1988,2.275,,375968.0,North America
21137,Guadeloupe,GLP,1989,2.257,,382756.0,North America
21138,Guadeloupe,GLP,1990,2.242,,388769.0,North America
21139,Guadeloupe,GLP,1991,2.228,,393733.0,North America
21140,Guadeloupe,GLP,1992,2.199,,398111.0,North America
21141,Guadeloupe,GLP,1993,2.156,,402278.0,North America
21142,Guadeloupe,GLP,1994,2.134,,406280.0,North America
21143,Guadeloupe,GLP,1995,2.121,,410144.0,North America
21144,Guadeloupe,GLP,1996,2.121,,413892.0,North America
21145,Guadeloupe,GLP,1997,2.132,,417547.0,North America
21146,Guadeloupe,GLP,1998,2.147,,420425.0,North America
21147,Guadeloupe,GLP,1999,2.178,,420898.0,North America
21148,Guadeloupe,GLP,2000,2.221,,419518.0,North America
21149,Guadeloupe,GLP,2001,2.234,,417800.0,North America
21150,Guadeloupe,GLP,2002,2.218,,415712.0,North America
21151,Guadeloupe,GLP,2003,2.223,,413375.0,North America
21152,Guadeloupe,GLP,2004,2.233,,410820.0,North America
21153,Guadeloupe,GLP,2005,2.301,,408033.0,North America
21154,Guadeloupe,GLP,2006,2.285,,407180.0,North America
21155,Guadeloupe,GLP,2007,2.23,,408252.0,North America
21156,Guadeloupe,GLP,2008,2.163,,408939.0,North America
21157,Guadeloupe,GLP,2009,2.115,,408946.0,North America
21158,Guadeloupe,GLP,2010,2.137,,408770.0,North America
21159,Guadeloupe,GLP,2011,2.17,,409017.0,North America
21160,Guadeloupe,GLP,2012,2.195,,409105.0,North America
21161,Guadeloupe,GLP,2013,2.216,,408324.0,North America
21162,Guadeloupe,GLP,2014,2.213,,406608.0,North America
21163,Guadeloupe,GLP,2015,2.179,,403905.0,North America
21164,Guadeloupe,GLP,2016,2.141,,404594.0,North America
21165,Guadeloupe,GLP,2017,2.082,,412643.0,North America
21166,Guadeloupe,GLP,2018,2.096,,415134.0,North America
21167,Guadeloupe,GLP,2019,2.149,,410222.0,North America
21168,Guadeloupe,GLP,2020,2.167,,407347.0,North America
21224,Guam,GUM,1950,5.21,,60761.0,Oceania
21225,Guam,GUM,1951,5.3,,61273.0,Oceania
21226,Guam,GUM,1952,5.59,,61851.0,Oceania
21227,Guam,GUM,1953,5.75,,62521.0,Oceania
21228,Guam,GUM,1954,5.893,,63241.0,Oceania
21229,Guam,GUM,1955,6.215,,64060.0,Oceania
21230,Guam,GUM,1956,6.224,,64946.0,Oceania
21231,Guam,GUM,1957,6.45,,65919.0,Oceania
21232,Guam,GUM,1958,6.118,,66963.0,Oceania
21233,Guam,GUM,1959,6.047,,68066.0,Oceania
21234,Guam,GUM,1960,5.969,,69498.0,Oceania
21235,Guam,GUM,1961,5.948,,71281.0,Oceania
21236,Guam,GUM,1962,5.899,,73160.0,Oceania
21237,Guam,GUM,1963,5.571,,75060.0,Oceania
21238,Guam,GUM,1964,5.393,,76970.0,Oceania
21239,Guam,GUM,1965,5.137,,78902.0,Oceania
21240,Guam,GUM,1966,5.072,,80822.0,Oceania
21241,Guam,GUM,1967,4.646,,82694.0,Oceania
21242,Guam,GUM,1968,4.346,,84521.0,Oceania
21243,Guam,GUM,1969,4.44,,86378.0,Oceania
21244,Guam,GUM,1970,4.343,,88337.0,Oceania
21245,Guam,GUM,1971,4.202,,90435.0,Oceania
21246,Guam,GUM,1972,4.046,,92590.0,Oceania
21247,Guam,GUM,1973,3.89,,94758.0,Oceania
21248,Guam,GUM,1974,3.764,,96907.0,Oceania
21249,Guam,GUM,1975,3.658,,99020.0,Oceania
21250,Guam,GUM,1976,3.534,,101136.0,Oceania
21251,Guam,GUM,1977,3.363,,103267.0,Oceania
21252,Guam,GUM,1978,3.105,,105401.0,Oceania
21253,Guam,GUM,1979,3.033,,107612.0,Oceania
21254,Guam,GUM,1980,3.039,,110099.0,Oceania
21255,Guam,GUM,1981,2.969,,112872.0,Oceania
21256,Guam,GUM,1982,2.912,,115682.0,Oceania
21257,Guam,GUM,1983,3.029,,118469.0,Oceania
21258,Guam,GUM,1984,2.855,,121269.0,Oceania
21259,Guam,GUM,1985,2.905,,124090.0,Oceania
21260,Guam,GUM,1986,2.934,,126931.0,Oceania
21261,Guam,GUM,1987,2.966,,129818.0,Oceania
21262,Guam,GUM,1988,2.986,,132762.0,Oceania
21263,Guam,GUM,1989,3.001,,135773.0,Oceania
21264,Guam,GUM,1990,3.015,,138577.0,Oceania
21265,Guam,GUM,1991,3.028,,141045.0,Oceania
21266,Guam,GUM,1992,3.042,,143347.0,Oceania
21267,Guam,GUM,1993,3.054,,145626.0,Oceania
21268,Guam,GUM,1994,3.044,,147842.0,Oceania
21269,Guam,GUM,1995,3.04,,150029.0,Oceania
21270,Guam,GUM,1996,3.033,,152135.0,Oceania
21271,Guam,GUM,1997,3.023,,154175.0,Oceania
21272,Guam,GUM,1998,3.008,,156191.0,Oceania
21273,Guam,GUM,1999,2.969,,158256.0,Oceania
21274,Guam,GUM,2000,2.915,,160028.0,Oceania
21275,Guam,GUM,2001,2.817,,161282.0,Oceania
21276,Guam,GUM,2002,2.582,,162275.0,Oceania
21277,Guam,GUM,2003,2.657,,163101.0,Oceania
21278,Guam,GUM,2004,2.772,,163767.0,Oceania
21279,Guam,GUM,2005,2.638,,164319.0,Oceania
21280,Guam,GUM,2006,2.807,,164799.0,Oceania
21281,Guam,GUM,2007,2.905,,165229.0,Oceania
21282,Guam,GUM,2008,2.905,,165651.0,Oceania
21283,Guam,GUM,2009,2.891,,166137.0,Oceania
21284,Guam,GUM,2010,2.973,,166491.0,Oceania
21285,Guam,GUM,2011,2.876,,166512.0,Oceania
21286,Guam,GUM,2012,3.117,,166296.0,Oceania
21287,Guam,GUM,2013,2.883,,165938.0,Oceania
21288,Guam,GUM,2014,2.946,,165459.0,Oceania
21289,Guam,GUM,2015,2.933,,164862.0,Oceania
21290,Guam,GUM,2016,3.171,,164191.0,Oceania
21291,Guam,GUM,2017,3.088,,163454.0,Oceania
21292,Guam,GUM,2018,2.995,,162645.0,Oceania
21293,Guam,GUM,2019,2.938,,161783.0,Oceania
21294,Guam,GUM,2020,2.895,,162120.0,Oceania
21308,Guatemala,GTM,1950,6.804,1.07,3097158.0,North America
21309,Guatemala,GTM,1951,6.841,,3177322.0,North America
21310,Guatemala,GTM,1952,6.876,,3261605.0,North America
21311,Guatemala,GTM,1953,6.898,,3348759.0,North America
21312,Guatemala,GTM,1954,6.923,,3439050.0,North America
21313,Guatemala,GTM,1955,6.95,1.13,3533274.0,North America
21314,Guatemala,GTM,1956,6.977,,3631133.0,North America
21315,Guatemala,GTM,1957,7.015,,3732695.0,North America
21316,Guatemala,GTM,1958,7.006,,3836987.0,North America
21317,Guatemala,GTM,1959,7.006,,3946454.0,North America
21318,Guatemala,GTM,1960,6.999,1.19,4063608.0,North America
21319,Guatemala,GTM,1961,6.979,,4186158.0,North America
21320,Guatemala,GTM,1962,6.934,,4312000.0,North America
21321,Guatemala,GTM,1963,6.899,,4440230.0,North America
21322,Guatemala,GTM,1964,6.871,,4571058.0,North America
21323,Guatemala,GTM,1965,6.839,1.3,4704926.0,North America
21324,Guatemala,GTM,1966,6.802,,4840912.0,North America
21325,Guatemala,GTM,1967,6.755,,4978823.0,North America
21326,Guatemala,GTM,1968,6.699,,5118072.0,North America
21327,Guatemala,GTM,1969,6.646,,5257040.0,North America
21328,Guatemala,GTM,1970,6.6,1.55,5396921.0,North America
21329,Guatemala,GTM,1971,6.546,,5538315.0,North America
21330,Guatemala,GTM,1972,6.511,,5682790.0,North America
21331,Guatemala,GTM,1973,6.487,,5831586.0,North America
21332,Guatemala,GTM,1974,6.458,,5981149.0,North America
21333,Guatemala,GTM,1975,6.41,1.87,6128684.0,North America
21334,Guatemala,GTM,1976,6.368,,6262364.0,North America
21335,Guatemala,GTM,1977,6.319,,6401463.0,North America
21336,Guatemala,GTM,1978,6.261,,6561490.0,North America
21337,Guatemala,GTM,1979,6.216,,6727754.0,North America
21338,Guatemala,GTM,1980,6.171,2.59,6900169.0,North America
21339,Guatemala,GTM,1981,6.121,,7075604.0,North America
21340,Guatemala,GTM,1982,6.057,,7240193.0,North America
21341,Guatemala,GTM,1983,5.976,,7419585.0,North America
21342,Guatemala,GTM,1984,5.855,,7630635.0,North America
21343,Guatemala,GTM,1985,5.729,2.9,7849648.0,North America
21344,Guatemala,GTM,1986,5.663,,8070770.0,North America
21345,Guatemala,GTM,1987,5.639,,8296445.0,North America
21346,Guatemala,GTM,1988,5.621,,8532046.0,North America
21347,Guatemala,GTM,1989,5.559,,8775500.0,North America
21348,Guatemala,GTM,1990,5.48,3.23,9024719.0,North America
21349,Guatemala,GTM,1991,5.377,,9272532.0,North America
21350,Guatemala,GTM,1992,5.314,,9522213.0,North America
21351,Guatemala,GTM,1993,5.254,,9779702.0,North America
21352,Guatemala,GTM,1994,5.191,,10043662.0,North America
21353,Guatemala,GTM,1995,5.105,3.57,10312954.0,North America
21354,Guatemala,GTM,1996,5.008,,10583483.0,North America
21355,Guatemala,GTM,1997,4.906,,10857703.0,North America
21356,Guatemala,GTM,1998,4.8,,11139099.0,North America
21357,Guatemala,GTM,1999,4.687,,11422931.0,North America
21358,Guatemala,GTM,2000,4.583,3.95,11697544.0,North America
21359,Guatemala,GTM,2001,4.502,,11969368.0,North America
21360,Guatemala,GTM,2002,4.371,,12246875.0,North America
21361,Guatemala,GTM,2003,4.25,,12525788.0,North America
21362,Guatemala,GTM,2004,4.134,,12807357.0,North America
21363,Guatemala,GTM,2005,3.974,3.89,13087587.0,North America
21364,Guatemala,GTM,2006,3.845,,13367408.0,North America
21365,Guatemala,GTM,2007,3.716,,13651990.0,North America
21366,Guatemala,GTM,2008,3.571,,13935128.0,North America
21367,Guatemala,GTM,2009,3.465,,14215574.0,North America
21368,Guatemala,GTM,2010,3.375,4.86,14500078.0,North America
21369,Guatemala,GTM,2011,3.292,,14792071.0,North America
21370,Guatemala,GTM,2012,3.219,,15089585.0,North America
21371,Guatemala,GTM,2013,3.151,,15387291.0,North America
21372,Guatemala,GTM,2014,3.088,,15681675.0,North America
21373,Guatemala,GTM,2015,3.029,5.45,15971692.0,North America
21374,Guatemala,GTM,2016,2.973,,16268708.0,North America
21375,Guatemala,GTM,2017,2.857,,16567316.0,North America
21376,Guatemala,GTM,2018,2.743,,16845637.0,North America
21377,Guatemala,GTM,2019,2.593,,17103759.0,North America
21378,Guatemala,GTM,2020,2.47,6.06,17357274.0,North America
21573,Guernsey,GGY,1950,2.328,,44918.0,Europe
21574,Guernsey,GGY,1951,2.259,,45799.0,Europe
21575,Guernsey,GGY,1952,2.184,,46069.0,Europe
21576,Guernsey,GGY,1953,2.126,,46176.0,Europe
21577,Guernsey,GGY,1954,2.088,,46294.0,Europe
21578,Guernsey,GGY,1955,2.076,,46366.0,Europe
21579,Guernsey,GGY,1956,2.088,,46465.0,Europe
21580,Guernsey,GGY,1957,2.121,,46634.0,Europe
21581,Guernsey,GGY,1958,2.147,,46793.0,Europe
21582,Guernsey,GGY,1959,2.187,,46954.0,Europe
21583,Guernsey,GGY,1960,2.236,,47142.0,Europe
21584,Guernsey,GGY,1961,2.273,,47447.0,Europe
21585,Guernsey,GGY,1962,2.374,,47974.0,Europe
21586,Guernsey,GGY,1963,2.474,,48588.0,Europe
21587,Guernsey,GGY,1964,2.475,,49261.0,Europe
21588,Guernsey,GGY,1965,2.348,,49948.0,Europe
21589,Guernsey,GGY,1966,2.225,,50638.0,Europe
21590,Guernsey,GGY,1967,2.146,,51338.0,Europe
21591,Guernsey,GGY,1968,2.134,,52089.0,Europe
21592,Guernsey,GGY,1969,2.164,,52840.0,Europe
21593,Guernsey,GGY,1970,2.105,,53609.0,Europe
21594,Guernsey,GGY,1971,2.018,,54137.0,Europe
21595,Guernsey,GGY,1972,1.942,,54252.0,Europe
21596,Guernsey,GGY,1973,1.818,,54277.0,Europe
21597,Guernsey,GGY,1974,1.734,,54310.0,Europe
21598,Guernsey,GGY,1975,1.652,,54251.0,Europe
21599,Guernsey,GGY,1976,1.6,,54169.0,Europe
21600,Guernsey,GGY,1977,1.566,,54117.0,Europe
21601,Guernsey,GGY,1978,1.566,,54069.0,Europe
21602,Guernsey,GGY,1979,1.593,,54001.0,Europe
21603,Guernsey,GGY,1980,1.595,,53903.0,Europe
21604,Guernsey,GGY,1981,1.571,,54000.0,Europe
21605,Guernsey,GGY,1982,1.495,,54319.0,Europe
21606,Guernsey,GGY,1983,1.619,,54732.0,Europe
21607,Guernsey,GGY,1984,1.472,,55182.0,Europe
21608,Guernsey,GGY,1985,1.551,,55679.0,Europe
21609,Guernsey,GGY,1986,1.593,,56212.0,Europe
21610,Guernsey,GGY,1987,1.575,,56827.0,Europe
21611,Guernsey,GGY,1988,1.54,,57486.0,Europe
21612,Guernsey,GGY,1989,1.551,,58157.0,Europe
21613,Guernsey,GGY,1990,1.605,,58871.0,Europe
21614,Guernsey,GGY,1991,1.56,,59350.0,Europe
21615,Guernsey,GGY,1992,1.481,,59497.0,Europe
21616,Guernsey,GGY,1993,1.436,,59481.0,Europe
21617,Guernsey,GGY,1994,1.419,,59438.0,Europe
21618,Guernsey,GGY,1995,1.336,,59356.0,Europe
21619,Guernsey,GGY,1996,1.409,,59367.0,Europe
21620,Guernsey,GGY,1997,1.473,,59526.0,Europe
21621,Guernsey,GGY,1998,1.476,,59751.0,Europe
21622,Guernsey,GGY,1999,1.499,,60003.0,Europe
21623,Guernsey,GGY,2000,1.468,,60250.0,Europe
21624,Guernsey,GGY,2001,1.454,,60433.0,Europe
21625,Guernsey,GGY,2002,1.45,,60559.0,Europe
21626,Guernsey,GGY,2003,1.456,,60651.0,Europe
21627,Guernsey,GGY,2004,1.467,,60766.0,Europe
21628,Guernsey,GGY,2005,1.491,,60859.0,Europe
21629,Guernsey,GGY,2006,1.513,,60969.0,Europe
21630,Guernsey,GGY,2007,1.534,,61080.0,Europe
21631,Guernsey,GGY,2008,1.548,,61199.0,Europe
21632,Guernsey,GGY,2009,1.55,,61334.0,Europe
21633,Guernsey,GGY,2010,1.559,,61486.0,Europe
21634,Guernsey,GGY,2011,1.564,,61659.0,Europe
21635,Guernsey,GGY,2012,1.557,,61833.0,Europe
21636,Guernsey,GGY,2013,1.542,,61992.0,Europe
21637,Guernsey,GGY,2014,1.51,,62147.0,Europe
21638,Guernsey,GGY,2015,1.473,,62216.0,Europe
21639,Guernsey,GGY,2016,1.435,,62159.0,Europe
21640,Guernsey,GGY,2017,1.383,,62168.0,Europe
21641,Guernsey,GGY,2018,1.339,,62406.0,Europe
21642,Guernsey,GGY,2019,1.323,,62761.0,Europe
21643,Guernsey,GGY,2020,1.33,,63079.0,Europe
21649,Guinea,GIN,1950,5.971,,3013130.0,Africa
21650,Guinea,GIN,1951,5.978,,3061925.0,Africa
21651,Guinea,GIN,1952,5.993,,3111644.0,Africa
21652,Guinea,GIN,1953,6.007,,3162477.0,Africa
21653,Guinea,GIN,1954,6.022,,3214524.0,Africa
21654,Guinea,GIN,1955,6.037,,3267813.0,Africa
21655,Guinea,GIN,1956,6.052,,3322457.0,Africa
21656,Guinea,GIN,1957,6.067,,3378606.0,Africa
21657,Guinea,GIN,1958,6.082,,3436387.0,Africa
21658,Guinea,GIN,1959,6.097,,3495724.0,Africa
21659,Guinea,GIN,1960,6.112,,3556704.0,Africa
21660,Guinea,GIN,1961,6.126,,3619506.0,Africa
21661,Guinea,GIN,1962,6.14,,3684233.0,Africa
21662,Guinea,GIN,1963,6.153,,3750907.0,Africa
21663,Guinea,GIN,1964,6.166,,3819685.0,Africa
21664,Guinea,GIN,1965,6.178,,3890667.0,Africa
21665,Guinea,GIN,1966,6.19,,3964107.0,Africa
21666,Guinea,GIN,1967,6.202,,4040113.0,Africa
21667,Guinea,GIN,1968,6.214,,4118500.0,Africa
21668,Guinea,GIN,1969,6.228,,4198254.0,Africa
21669,Guinea,GIN,1970,6.243,,4277489.0,Africa
21670,Guinea,GIN,1971,6.262,,4355156.0,Africa
21671,Guinea,GIN,1972,6.283,,4431242.0,Africa
21672,Guinea,GIN,1973,6.308,,4506281.0,Africa
21673,Guinea,GIN,1974,6.336,,4580474.0,Africa
21674,Guinea,GIN,1975,6.367,,4653837.0,Africa
21675,Guinea,GIN,1976,6.4,,4726992.0,Africa
21676,Guinea,GIN,1977,6.434,,4801078.0,Africa
21677,Guinea,GIN,1978,6.44,,4877801.0,Africa
21678,Guinea,GIN,1979,6.45,,4959245.0,Africa
21679,Guinea,GIN,1980,6.459,,5047385.0,Africa
21680,Guinea,GIN,1981,6.459,,5143250.0,Africa
21681,Guinea,GIN,1982,6.487,,5247619.0,Africa
21682,Guinea,GIN,1983,6.487,,5359772.0,Africa
21683,Guinea,GIN,1984,6.512,,5480046.0,Africa
21684,Guinea,GIN,1985,6.527,,5610322.0,Africa
21685,Guinea,GIN,1986,6.548,,5750616.0,Africa
21686,Guinea,GIN,1987,6.571,,5900151.0,Africa
21687,Guinea,GIN,1988,6.561,,6056521.0,Africa
21688,Guinea,GIN,1989,6.548,,6215770.0,Africa
21689,Guinea,GIN,1990,6.515,,6434328.0,Africa
21690,Guinea,GIN,1991,6.484,,6697116.0,Africa
21691,Guinea,GIN,1992,6.453,,6914320.0,Africa
21692,Guinea,GIN,1993,6.409,,7128131.0,Africa
21693,Guinea,GIN,1994,6.358,,7345063.0,Africa
21694,Guinea,GIN,1995,6.288,,7553203.0,Africa
21695,Guinea,GIN,1996,6.205,,7769994.0,Africa
21696,Guinea,GIN,1997,6.123,,7931308.0,Africa
21697,Guinea,GIN,1998,6.051,,8081947.0,Africa
21698,Guinea,GIN,1999,5.985,,8265071.0,Africa
21699,Guinea,GIN,2000,5.918,,8428787.0,Africa
21700,Guinea,GIN,2001,5.834,,8539910.0,Africa
21701,Guinea,GIN,2002,5.781,,8674026.0,Africa
21702,Guinea,GIN,2003,5.744,,8870738.0,Africa
21703,Guinea,GIN,2004,5.733,,9062674.0,Africa
21704,Guinea,GIN,2005,5.727,,9245791.0,Africa
21705,Guinea,GIN,2006,5.704,,9441133.0,Africa
21706,Guinea,GIN,2007,5.664,,9662233.0,Africa
21707,Guinea,GIN,2008,5.596,,9898822.0,Africa
21708,Guinea,GIN,2009,5.528,,10143493.0,Africa
21709,Guinea,GIN,2010,5.435,,10396041.0,Africa
21710,Guinea,GIN,2011,5.337,,10656766.0,Africa
21711,Guinea,GIN,2012,5.232,,10921531.0,Africa
21712,Guinea,GIN,2013,5.151,,11191827.0,Africa
21713,Guinea,GIN,2014,5.07,,11472868.0,Africa
21714,Guinea,GIN,2015,5.002,,11767021.0,Africa
21715,Guinea,GIN,2016,4.915,,12072983.0,Africa
21716,Guinea,GIN,2017,4.793,,12385616.0,Africa
21717,Guinea,GIN,2018,4.669,,12704736.0,Africa
21718,Guinea,GIN,2019,4.576,,13034294.0,Africa
21719,Guinea,GIN,2020,4.489,,13371136.0,Africa
21910,Guinea-Bissau,GNB,1950,5.914,,543581.0,Africa
21911,Guinea-Bissau,GNB,1951,5.909,,549696.0,Africa
21912,Guinea-Bissau,GNB,1952,5.901,,553876.0,Africa
21913,Guinea-Bissau,GNB,1953,5.895,,557584.0,Africa
21914,Guinea-Bissau,GNB,1954,5.892,,560933.0,Africa
21915,Guinea-Bissau,GNB,1955,5.892,,564025.0,Africa
21916,Guinea-Bissau,GNB,1956,5.893,,566933.0,Africa
21917,Guinea-Bissau,GNB,1957,5.898,,569707.0,Africa
21918,Guinea-Bissau,GNB,1958,5.904,,572382.0,Africa
21919,Guinea-Bissau,GNB,1959,5.912,,574989.0,Africa
21920,Guinea-Bissau,GNB,1960,5.921,,577599.0,Africa
21921,Guinea-Bissau,GNB,1961,5.931,,582497.0,Africa
21922,Guinea-Bissau,GNB,1962,5.941,,589430.0,Africa
21923,Guinea-Bissau,GNB,1963,5.951,,594382.0,Africa
21924,Guinea-Bissau,GNB,1964,5.961,,588505.0,Africa
21925,Guinea-Bissau,GNB,1965,5.971,,574974.0,Africa
21926,Guinea-Bissau,GNB,1966,5.982,,566869.0,Africa
21927,Guinea-Bissau,GNB,1967,5.994,,568964.0,Africa
21928,Guinea-Bissau,GNB,1968,6.008,,578127.0,Africa
21929,Guinea-Bissau,GNB,1969,6.024,,581587.0,Africa
21930,Guinea-Bissau,GNB,1970,6.041,,584356.0,Africa
21931,Guinea-Bissau,GNB,1971,6.06,,586183.0,Africa
21932,Guinea-Bissau,GNB,1972,6.078,,586590.0,Africa
21933,Guinea-Bissau,GNB,1973,6.098,,592766.0,Africa
21934,Guinea-Bissau,GNB,1974,6.12,,613295.0,Africa
21935,Guinea-Bissau,GNB,1975,6.15,,650919.0,Africa
21936,Guinea-Bissau,GNB,1976,6.192,,694136.0,Africa
21937,Guinea-Bissau,GNB,1977,6.249,,741752.0,Africa
21938,Guinea-Bissau,GNB,1978,6.32,,791644.0,Africa
21939,Guinea-Bissau,GNB,1979,6.401,,819831.0,Africa
21940,Guinea-Bissau,GNB,1980,6.487,,829260.0,Africa
21941,Guinea-Bissau,GNB,1981,6.569,,842388.0,Africa
21942,Guinea-Bissau,GNB,1982,6.64,,855857.0,Africa
21943,Guinea-Bissau,GNB,1983,6.694,,869546.0,Africa
21944,Guinea-Bissau,GNB,1984,6.727,,883480.0,Africa
21945,Guinea-Bissau,GNB,1985,6.739,,897648.0,Africa
21946,Guinea-Bissau,GNB,1986,6.734,,912074.0,Africa
21947,Guinea-Bissau,GNB,1987,6.717,,926826.0,Africa
21948,Guinea-Bissau,GNB,1988,6.693,,942018.0,Africa
21949,Guinea-Bissau,GNB,1989,6.663,,957737.0,Africa
21950,Guinea-Bissau,GNB,1990,6.501,,973638.0,Africa
21951,Guinea-Bissau,GNB,1991,6.474,,994595.0,Africa
21952,Guinea-Bissau,GNB,1992,6.435,,1024313.0,Africa
21953,Guinea-Bissau,GNB,1993,6.369,,1058703.0,Africa
21954,Guinea-Bissau,GNB,1994,6.299,,1091990.0,Africa
21955,Guinea-Bissau,GNB,1995,6.223,,1119904.0,Africa
21956,Guinea-Bissau,GNB,1996,6.141,,1143493.0,Africa
21957,Guinea-Bissau,GNB,1997,6.06,,1165497.0,Africa
21958,Guinea-Bissau,GNB,1998,5.97,,1187431.0,Africa
21959,Guinea-Bissau,GNB,1999,5.871,,1210169.0,Africa
21960,Guinea-Bissau,GNB,2000,5.786,,1234697.0,Africa
21961,Guinea-Bissau,GNB,2001,5.688,,1261231.0,Africa
21962,Guinea-Bissau,GNB,2002,5.634,,1289260.0,Africa
21963,Guinea-Bissau,GNB,2003,5.577,,1318762.0,Africa
21964,Guinea-Bissau,GNB,2004,5.5,,1349521.0,Africa
21965,Guinea-Bissau,GNB,2005,5.46,,1381545.0,Africa
21966,Guinea-Bissau,GNB,2006,5.406,,1415265.0,Africa
21967,Guinea-Bissau,GNB,2007,5.365,,1450941.0,Africa
21968,Guinea-Bissau,GNB,2008,5.266,,1488010.0,Africa
21969,Guinea-Bissau,GNB,2009,5.176,,1526331.0,Africa
21970,Guinea-Bissau,GNB,2010,5.111,,1566293.0,Africa
21971,Guinea-Bissau,GNB,2011,5.067,,1608028.0,Africa
21972,Guinea-Bissau,GNB,2012,5.003,,1651385.0,Africa
21973,Guinea-Bissau,GNB,2013,4.93,,1695931.0,Africa
21974,Guinea-Bissau,GNB,2014,4.79,,1741074.0,Africa
21975,Guinea-Bissau,GNB,2015,4.661,,1786411.0,Africa
21976,Guinea-Bissau,GNB,2016,4.519,,1831846.0,Africa
21977,Guinea-Bissau,GNB,2017,4.347,,1877018.0,Africa
21978,Guinea-Bissau,GNB,2018,4.241,,1922119.0,Africa
21979,Guinea-Bissau,GNB,2019,4.153,,1967654.0,Africa
21980,Guinea-Bissau,GNB,2020,4.075,,2013212.0,Africa
22171,Guyana,GUY,1950,5.834,3.97,418002.0,South America
22172,Guyana,GUY,1951,5.916,,429066.0,South America
22173,Guyana,GUY,1952,5.993,,441194.0,South America
22174,Guyana,GUY,1953,6.073,,454514.0,South America
22175,Guyana,GUY,1954,6.149,,468951.0,South America
22176,Guyana,GUY,1955,6.218,4.26,484326.0,South America
22177,Guyana,GUY,1956,6.267,,500528.0,South America
22178,Guyana,GUY,1957,6.311,,517468.0,South America
22179,Guyana,GUY,1958,6.308,,535026.0,South America
22180,Guyana,GUY,1959,6.314,,553015.0,South America
22181,Guyana,GUY,1960,6.331,4.65,569108.0,South America
22182,Guyana,GUY,1961,6.339,,582535.0,South America
22183,Guyana,GUY,1962,6.333,,595413.0,South America
22184,Guyana,GUY,1963,6.307,,608498.0,South America
22185,Guyana,GUY,1964,6.232,,621719.0,South America
22186,Guyana,GUY,1965,6.135,4.97,635085.0,South America
22187,Guyana,GUY,1966,6.021,,648608.0,South America
22188,Guyana,GUY,1967,5.888,,662261.0,South America
22189,Guyana,GUY,1968,5.751,,676129.0,South America
22190,Guyana,GUY,1969,5.581,,690183.0,South America
22191,Guyana,GUY,1970,5.411,5.48,702653.0,South America
22192,Guyana,GUY,1971,5.257,,712617.0,South America
22193,Guyana,GUY,1972,5.077,,721579.0,South America
22194,Guyana,GUY,1973,4.866,,730099.0,South America
22195,Guyana,GUY,1974,4.638,,738013.0,South America
22196,Guyana,GUY,1975,4.45,5.89,745361.0,South America
22197,Guyana,GUY,1976,4.28,,752209.0,South America
22198,Guyana,GUY,1977,4.116,,758604.0,South America
22199,Guyana,GUY,1978,3.967,,764550.0,South America
22200,Guyana,GUY,1979,3.86,,770017.0,South America
22201,Guyana,GUY,1980,3.77,6.49,774320.0,South America
22202,Guyana,GUY,1981,3.719,,776413.0,South America
22203,Guyana,GUY,1982,3.678,,776672.0,South America
22204,Guyana,GUY,1983,3.637,,775854.0,South America
22205,Guyana,GUY,1984,3.541,,774069.0,South America
22206,Guyana,GUY,1985,3.47,7.03,771438.0,South America
22207,Guyana,GUY,1986,3.381,,768063.0,South America
22208,Guyana,GUY,1987,3.305,,764085.0,South America
22209,Guyana,GUY,1988,3.228,,759622.0,South America
22210,Guyana,GUY,1989,3.186,,754818.0,South America
22211,Guyana,GUY,1990,3.181,7.4,749835.0,South America
22212,Guyana,GUY,1991,3.183,,747819.0,South America
22213,Guyana,GUY,1992,3.188,,749870.0,South America
22214,Guyana,GUY,1993,3.199,,752924.0,South America
22215,Guyana,GUY,1994,3.226,,755769.0,South America
22216,Guyana,GUY,1995,3.238,8.25,758347.0,South America
22217,Guyana,GUY,1996,3.23,,760482.0,South America
22218,Guyana,GUY,1997,3.221,,762197.0,South America
22219,Guyana,GUY,1998,3.182,,763546.0,South America
22220,Guyana,GUY,1999,3.125,,764440.0,South America
22221,Guyana,GUY,2000,3.057,8.96,764792.0,South America
22222,Guyana,GUY,2001,2.958,,764436.0,South America
22223,Guyana,GUY,2002,2.844,,763605.0,South America
22224,Guyana,GUY,2003,2.75,,763057.0,South America
22225,Guyana,GUY,2004,2.681,,762381.0,South America
22226,Guyana,GUY,2005,2.648,9.33,760874.0,South America
22227,Guyana,GUY,2006,2.659,,758924.0,South America
22228,Guyana,GUY,2007,2.681,,756820.0,South America
22229,Guyana,GUY,2008,2.697,,754563.0,South America
22230,Guyana,GUY,2009,2.694,,752047.0,South America
22231,Guyana,GUY,2010,2.684,9.53,749211.0,South America
22232,Guyana,GUY,2011,2.694,,746113.0,South America
22233,Guyana,GUY,2012,2.701,,746252.0,South America
22234,Guyana,GUY,2013,2.711,,749965.0,South America
22235,Guyana,GUY,2014,2.695,,754171.0,South America
22236,Guyana,GUY,2015,2.667,8.74,758746.0,South America
22237,Guyana,GUY,2016,2.634,,763497.0,South America
22238,Guyana,GUY,2017,2.593,,768435.0,South America
22239,Guyana,GUY,2018,2.553,,791516.0,South America
22240,Guyana,GUY,2019,2.521,,807624.0,South America
22241,Guyana,GUY,2020,2.491,8.89,807442.0,South America
22436,Haiti,HTI,1950,6.251,0.46,3265671.0,North America
22437,Haiti,HTI,1951,6.241,,3314873.0,North America
22438,Haiti,HTI,1952,6.241,,3366227.0,North America
22439,Haiti,HTI,1953,6.233,,3419798.0,North America
22440,Haiti,HTI,1954,6.223,,3475488.0,North America
22441,Haiti,HTI,1955,6.23,0.51,3533698.0,North America
22442,Haiti,HTI,1956,6.232,,3594764.0,North America
22443,Haiti,HTI,1957,6.199,,3657775.0,North America
22444,Haiti,HTI,1958,6.196,,3722666.0,North America
22445,Haiti,HTI,1959,6.198,,3789641.0,North America
22446,Haiti,HTI,1960,6.178,0.59,3858401.0,North America
22447,Haiti,HTI,1961,6.179,,3928981.0,North America
22448,Haiti,HTI,1962,6.175,,4001526.0,North America
22449,Haiti,HTI,1963,6.173,,4073028.0,North America
22450,Haiti,HTI,1964,6.164,,4146198.0,North America
22451,Haiti,HTI,1965,6.129,0.71,4223771.0,North America
22452,Haiti,HTI,1966,6.093,,4302598.0,North America
22453,Haiti,HTI,1967,6.051,,4382952.0,North America
22454,Haiti,HTI,1968,6.009,,4465283.0,North America
22455,Haiti,HTI,1969,5.957,,4549294.0,North America
22456,Haiti,HTI,1970,5.911,0.93,4635080.0,North America
22457,Haiti,HTI,1971,5.877,,4723203.0,North America
22458,Haiti,HTI,1972,5.849,,4813822.0,North America
22459,Haiti,HTI,1973,5.811,,4906703.0,North America
22460,Haiti,HTI,1974,5.781,,5001762.0,North America
22461,Haiti,HTI,1975,5.748,1.25,5099040.0,North America
22462,Haiti,HTI,1976,5.71,,5198315.0,North America
22463,Haiti,HTI,1977,5.674,,5299429.0,North America
22464,Haiti,HTI,1978,5.642,,5402531.0,North America
22465,Haiti,HTI,1979,5.594,,5507542.0,North America
22466,Haiti,HTI,1980,5.557,1.7,5614452.0,North America
22467,Haiti,HTI,1981,5.533,,5723673.0,North America
22468,Haiti,HTI,1982,5.526,,5835888.0,North America
22469,Haiti,HTI,1983,5.513,,5951049.0,North America
22470,Haiti,HTI,1984,5.505,,6069197.0,North America
22471,Haiti,HTI,1985,5.495,2.08,6190811.0,North America
22472,Haiti,HTI,1986,5.479,,6316078.0,North America
22473,Haiti,HTI,1987,5.471,,6445079.0,North America
22474,Haiti,HTI,1988,5.472,,6578104.0,North America
22475,Haiti,HTI,1989,5.444,,6714685.0,North America
22476,Haiti,HTI,1990,5.414,2.56,6854395.0,North America
22477,Haiti,HTI,1991,5.317,,6995409.0,North America
22478,Haiti,HTI,1992,5.208,,7136529.0,North America
22479,Haiti,HTI,1993,5.099,,7278133.0,North America
22480,Haiti,HTI,1994,4.991,,7419729.0,North America
22481,Haiti,HTI,1995,4.884,3.02,7562506.0,North America
22482,Haiti,HTI,1996,4.777,,7707513.0,North America
22483,Haiti,HTI,1997,4.669,,7854256.0,North America
22484,Haiti,HTI,1998,4.561,,8002105.0,North America
22485,Haiti,HTI,1999,4.452,,8151263.0,North America
22486,Haiti,HTI,2000,4.39,3.31,8303101.0,North America
22487,Haiti,HTI,2001,4.248,,8455867.0,North America
22488,Haiti,HTI,2002,4.125,,8607601.0,North America
22489,Haiti,HTI,2003,4.047,,8759861.0,North America
22490,Haiti,HTI,2004,3.943,,8910216.0,North America
22491,Haiti,HTI,2005,3.835,3.81,9061223.0,North America
22492,Haiti,HTI,2006,3.761,,9216519.0,North America
22493,Haiti,HTI,2007,3.687,,9373256.0,North America
22494,Haiti,HTI,2008,3.621,,9530731.0,North America
22495,Haiti,HTI,2009,3.565,,9689548.0,North America
22496,Haiti,HTI,2010,3.497,4.17,9803247.0,North America
22497,Haiti,HTI,2011,3.431,,9914850.0,North America
22498,Haiti,HTI,2012,3.321,,10069716.0,North America
22499,Haiti,HTI,2013,3.221,,10222322.0,North America
22500,Haiti,HTI,2014,3.164,,10373194.0,North America
22501,Haiti,HTI,2015,3.11,4.65,10523200.0,North America
22502,Haiti,HTI,2016,3.054,,10671417.0,North America
22503,Haiti,HTI,2017,2.985,,10817711.0,North America
22504,Haiti,HTI,2018,2.924,,10962333.0,North America
22505,Haiti,HTI,2019,2.862,,11105119.0,North America
22506,Haiti,HTI,2020,2.804,5.17,11243804.0,North America
22960,Honduras,HND,1950,7.469,1.48,1558893.0,North America
22961,Honduras,HND,1951,7.479,,1601443.0,North America
22962,Honduras,HND,1952,7.496,,1645788.0,North America
22963,Honduras,HND,1953,7.507,,1691913.0,North America
22964,Honduras,HND,1954,7.512,,1739774.0,North America
22965,Honduras,HND,1955,7.513,1.59,1789352.0,North America
22966,Honduras,HND,1956,7.508,,1840617.0,North America
22967,Honduras,HND,1957,7.498,,1893532.0,North America
22968,Honduras,HND,1958,7.485,,1948106.0,North America
22969,Honduras,HND,1959,7.471,,2004275.0,North America
22970,Honduras,HND,1960,7.458,1.77,2062016.0,North America
22971,Honduras,HND,1961,7.448,,2121192.0,North America
22972,Honduras,HND,1962,7.443,,2182022.0,North America
22973,Honduras,HND,1963,7.441,,2244842.0,North America
22974,Honduras,HND,1964,7.443,,2309814.0,North America
22975,Honduras,HND,1965,7.442,1.97,2377114.0,North America
22976,Honduras,HND,1966,7.41,,2446714.0,North America
22977,Honduras,HND,1967,7.359,,2518603.0,North America
22978,Honduras,HND,1968,7.295,,2593011.0,North America
22979,Honduras,HND,1969,7.228,,2670241.0,North America
22980,Honduras,HND,1970,7.172,2.23,2750674.0,North America
22981,Honduras,HND,1971,7.113,,2834576.0,North America
22982,Honduras,HND,1972,7.058,,2922020.0,North America
22983,Honduras,HND,1973,6.985,,3011420.0,North America
22984,Honduras,HND,1974,6.913,,3099800.0,North America
22985,Honduras,HND,1975,6.866,2.64,3193183.0,North America
22986,Honduras,HND,1976,6.814,,3294409.0,North America
22987,Honduras,HND,1977,6.732,,3398604.0,North America
22988,Honduras,HND,1978,6.634,,3505412.0,North America
22989,Honduras,HND,1979,6.531,,3614936.0,North America
22990,Honduras,HND,1980,6.418,3.72,3727126.0,North America
22991,Honduras,HND,1981,6.301,,3841724.0,North America
22992,Honduras,HND,1982,6.179,,3958682.0,North America
22993,Honduras,HND,1983,6.059,,4078128.0,North America
22994,Honduras,HND,1984,5.935,,4199809.0,North America
22995,Honduras,HND,1985,5.816,4.66,4323290.0,North America
22996,Honduras,HND,1986,5.7,,4448852.0,North America
22997,Honduras,HND,1987,5.581,,4576866.0,North America
22998,Honduras,HND,1988,5.468,,4707642.0,North America
22999,Honduras,HND,1989,5.354,,4841788.0,North America
23000,Honduras,HND,1990,5.271,5.1,4980446.0,North America
23001,Honduras,HND,1991,5.191,,5123756.0,North America
23002,Honduras,HND,1992,5.113,,5271385.0,North America
23003,Honduras,HND,1993,5.028,,5423203.0,North America
23004,Honduras,HND,1994,4.935,,5579196.0,North America
23005,Honduras,HND,1995,4.835,5.4,5739577.0,North America
23006,Honduras,HND,1996,4.713,,5903901.0,North America
23007,Honduras,HND,1997,4.59,,6071414.0,North America
23008,Honduras,HND,1998,4.473,,6234391.0,North America
23009,Honduras,HND,1999,4.366,,6400420.0,North America
23010,Honduras,HND,2000,4.289,5.83,6577728.0,North America
23011,Honduras,HND,2001,4.153,,6757934.0,North America
23012,Honduras,HND,2002,4.0,,6938825.0,North America
23013,Honduras,HND,2003,3.844,,7119158.0,North America
23014,Honduras,HND,2004,3.71,,7298947.0,North America
23015,Honduras,HND,2005,3.577,6.28,7478314.0,North America
23016,Honduras,HND,2006,3.449,,7656787.0,North America
23017,Honduras,HND,2007,3.351,,7834750.0,North America
23018,Honduras,HND,2008,3.26,,8012546.0,North America
23019,Honduras,HND,2009,3.173,,8189858.0,North America
23020,Honduras,HND,2010,3.078,6.75,8365834.0,North America
23021,Honduras,HND,2011,2.998,,8540543.0,North America
23022,Honduras,HND,2012,2.927,,8715038.0,North America
23023,Honduras,HND,2013,2.855,,8889226.0,North America
23024,Honduras,HND,2014,2.793,,9063078.0,North America
23025,Honduras,HND,2015,2.746,7.25,9237261.0,North America
23026,Honduras,HND,2016,2.704,,9412329.0,North America
23027,Honduras,HND,2017,2.663,,9588098.0,North America
23028,Honduras,HND,2018,2.645,,9765162.0,North America
23029,Honduras,HND,2019,2.611,,9943585.0,North America
23030,Honduras,HND,2020,2.577,7.84,10119590.0,North America
23225,Hong Kong,HKG,1950,4.255,2.96,1978296.0,Asia
23226,Hong Kong,HKG,1951,4.349,,2069435.0,Asia
23227,Hong Kong,HKG,1952,4.389,,2164752.0,Asia
23228,Hong Kong,HKG,1953,4.427,,2264282.0,Asia
23229,Hong Kong,HKG,1954,4.461,,2368563.0,Asia
23230,Hong Kong,HKG,1955,4.55,3.25,2478152.0,Asia
23231,Hong Kong,HKG,1956,4.64,,2594213.0,Asia
23232,Hong Kong,HKG,1957,4.763,,2717140.0,Asia
23233,Hong Kong,HKG,1958,4.88,,2845448.0,Asia
23234,Hong Kong,HKG,1959,4.998,,2974498.0,Asia
23235,Hong Kong,HKG,1960,5.085,3.55,3094807.0,Asia
23236,Hong Kong,HKG,1961,5.169,,3076605.0,Asia
23237,Hong Kong,HKG,1962,5.177,,2889045.0,Asia
23238,Hong Kong,HKG,1963,5.152,,2662551.0,Asia
23239,Hong Kong,HKG,1964,5.085,,3135991.0,Asia
23240,Hong Kong,HKG,1965,4.923,4.57,3855381.0,Asia
23241,Hong Kong,HKG,1966,4.464,,4015256.0,Asia
23242,Hong Kong,HKG,1967,4.123,,3474089.0,Asia
23243,Hong Kong,HKG,1968,3.783,,3065293.0,Asia
23244,Hong Kong,HKG,1969,3.599,,3395475.0,Asia
23245,Hong Kong,HKG,1970,3.386,5.34,3739867.0,Asia
23246,Hong Kong,HKG,1971,3.4,,3989178.0,Asia
23247,Hong Kong,HKG,1972,3.254,,4117070.0,Asia
23248,Hong Kong,HKG,1973,3.135,,4223196.0,Asia
23249,Hong Kong,HKG,1974,2.954,,4330680.0,Asia
23250,Hong Kong,HKG,1975,2.627,6.27,4438328.0,Asia
23251,Hong Kong,HKG,1976,2.421,,4545080.0,Asia
23252,Hong Kong,HKG,1977,2.308,,4650442.0,Asia
23253,Hong Kong,HKG,1978,2.205,,4754022.0,Asia
23254,Hong Kong,HKG,1979,2.117,,4857615.0,Asia
23255,Hong Kong,HKG,1980,2.061,7.64,4962439.0,Asia
23256,Hong Kong,HKG,1981,1.953,,5060911.0,Asia
23257,Hong Kong,HKG,1982,1.872,,5150051.0,Asia
23258,Hong Kong,HKG,1983,1.745,,5235071.0,Asia
23259,Hong Kong,HKG,1984,1.585,,5315922.0,Asia
23260,Hong Kong,HKG,1985,1.504,8.65,5393076.0,Asia
23261,Hong Kong,HKG,1986,1.391,,5451391.0,Asia
23262,Hong Kong,HKG,1987,1.339,,5486328.0,Asia
23263,Hong Kong,HKG,1988,1.403,,5514851.0,Asia
23264,Hong Kong,HKG,1989,1.316,,5540530.0,Asia
23265,Hong Kong,HKG,1990,1.283,9.63,5560560.0,Asia
23266,Hong Kong,HKG,1991,1.299,,5628035.0,Asia
23267,Hong Kong,HKG,1992,1.359,,5759509.0,Asia
23268,Hong Kong,HKG,1993,1.359,,5902464.0,Asia
23269,Hong Kong,HKG,1994,1.368,,6042217.0,Asia
23270,Hong Kong,HKG,1995,1.304,9.92,6177052.0,Asia
23271,Hong Kong,HKG,1996,1.203,,6302426.0,Asia
23272,Hong Kong,HKG,1997,1.123,,6416626.0,Asia
23273,Hong Kong,HKG,1998,1.025,,6521282.0,Asia
23274,Hong Kong,HKG,1999,0.994,,6616478.0,Asia
23275,Hong Kong,HKG,2000,1.027,10.16,6704622.0,Asia
23276,Hong Kong,HKG,2001,0.941,,6774195.0,Asia
23277,Hong Kong,HKG,2002,0.932,,6821361.0,Asia
23278,Hong Kong,HKG,2003,0.904,,6858869.0,Asia
23279,Hong Kong,HKG,2004,0.921,,6888102.0,Asia
23280,Hong Kong,HKG,2005,0.957,11.93,6908426.0,Asia
23281,Hong Kong,HKG,2006,0.987,,6931043.0,Asia
23282,Hong Kong,HKG,2007,1.03,,6971292.0,Asia
23283,Hong Kong,HKG,2008,1.054,,7020639.0,Asia
23284,Hong Kong,HKG,2009,1.05,,7064418.0,Asia
23285,Hong Kong,HKG,2010,1.12,11.92,7101558.0,Asia
23286,Hong Kong,HKG,2011,1.136,,7142923.0,Asia
23287,Hong Kong,HKG,2012,1.207,,7201012.0,Asia
23288,Hong Kong,HKG,2013,1.265,,7264275.0,Asia
23289,Hong Kong,HKG,2014,1.201,,7319453.0,Asia
23290,Hong Kong,HKG,2015,1.227,12.17,7366349.0,Asia
23291,Hong Kong,HKG,2016,1.205,,7407953.0,Asia
23292,Hong Kong,HKG,2017,1.136,,7444832.0,Asia
23293,Hong Kong,HKG,2018,1.086,,7471131.0,Asia
23294,Hong Kong,HKG,2019,1.055,,7485770.0,Asia
23295,Hong Kong,HKG,2020,0.892,12.71,7490198.0,Asia
23490,Hungary,HUN,1950,2.615,6.98,9337826.0,Europe
23491,Hungary,HUN,1951,2.544,,9423131.0,Europe
23492,Hungary,HUN,1952,2.484,,9503880.0,Europe
23493,Hungary,HUN,1953,2.75,,9594432.0,Europe
23494,Hungary,HUN,1954,2.964,,9704544.0,Europe
23495,Hungary,HUN,1955,2.817,7.14,9823171.0,Europe
23496,Hungary,HUN,1956,2.607,,9853943.0,Europe
23497,Hungary,HUN,1957,2.296,,9837876.0,Europe
23498,Hungary,HUN,1958,2.176,,9880626.0,Europe
23499,Hungary,HUN,1959,2.079,,9936799.0,Europe
23500,Hungary,HUN,1960,2.021,7.33,9983335.0,Europe
23501,Hungary,HUN,1961,1.937,,10026470.0,Europe
23502,Hungary,HUN,1962,1.801,,10058014.0,Europe
23503,Hungary,HUN,1963,1.82,,10083794.0,Europe
23504,Hungary,HUN,1964,1.814,,10114324.0,Europe
23505,Hungary,HUN,1965,1.82,7.57,10141073.0,Europe
23506,Hungary,HUN,1966,1.89,,10170367.0,Europe
23507,Hungary,HUN,1967,2.013,,10206760.0,Europe
23508,Hungary,HUN,1968,2.067,,10244498.0,Europe
23509,Hungary,HUN,1969,2.041,,10281546.0,Europe
23510,Hungary,HUN,1970,1.98,8.1,10315086.0,Europe
23511,Hungary,HUN,1971,1.931,,10343919.0,Europe
23512,Hungary,HUN,1972,1.931,,10374251.0,Europe
23513,Hungary,HUN,1973,1.952,,10407395.0,Europe
23514,Hungary,HUN,1974,2.284,,10453865.0,Europe
23515,Hungary,HUN,1975,2.363,8.6,10515605.0,Europe
23516,Hungary,HUN,1976,2.251,,10573731.0,Europe
23517,Hungary,HUN,1977,2.164,,10623097.0,Europe
23518,Hungary,HUN,1978,2.077,,10660150.0,Europe
23519,Hungary,HUN,1979,2.018,,10688211.0,Europe
23520,Hungary,HUN,1980,1.92,9.08,10695321.0,Europe
23521,Hungary,HUN,1981,1.877,,10679280.0,Europe
23522,Hungary,HUN,1982,1.796,,10656055.0,Europe
23523,Hungary,HUN,1983,1.745,,10622939.0,Europe
23524,Hungary,HUN,1984,1.757,,10584283.0,Europe
23525,Hungary,HUN,1985,1.847,8.99,10547208.0,Europe
23526,Hungary,HUN,1986,1.846,,10511045.0,Europe
23527,Hungary,HUN,1987,1.829,,10475048.0,Europe
23528,Hungary,HUN,1988,1.816,,10440480.0,Europe
23529,Hungary,HUN,1989,1.819,,10403359.0,Europe
23530,Hungary,HUN,1990,1.857,9.19,10381231.0,Europe
23531,Hungary,HUN,1991,1.863,,10378132.0,Europe
23532,Hungary,HUN,1992,1.77,,10371431.0,Europe
23533,Hungary,HUN,1993,1.686,,10356813.0,Europe
23534,Hungary,HUN,1994,1.64,,10339884.0,Europe
23535,Hungary,HUN,1995,1.568,10.59,10322744.0,Europe
23536,Hungary,HUN,1996,1.458,,10302188.0,Europe
23537,Hungary,HUN,1997,1.377,,10278552.0,Europe
23538,Hungary,HUN,1998,1.326,,10251663.0,Europe
23539,Hungary,HUN,1999,1.29,,10219743.0,Europe
23540,Hungary,HUN,2000,1.32,11.52,10190548.0,Europe
23541,Hungary,HUN,2001,1.312,,10166641.0,Europe
23542,Hungary,HUN,2002,1.303,,10138414.0,Europe
23543,Hungary,HUN,2003,1.275,,10108909.0,Europe
23544,Hungary,HUN,2004,1.281,,10085736.0,Europe
23545,Hungary,HUN,2005,1.312,11.89,10065654.0,Europe
23546,Hungary,HUN,2006,1.341,,10049900.0,Europe
23547,Hungary,HUN,2007,1.322,,10034027.0,Europe
23548,Hungary,HUN,2008,1.346,,10016610.0,Europe
23549,Hungary,HUN,2009,1.321,,10001329.0,Europe
23550,Hungary,HUN,2010,1.257,12.03,9979076.0,Europe
23551,Hungary,HUN,2011,1.25,,9946626.0,Europe
23552,Hungary,HUN,2012,1.334,,9916568.0,Europe
23553,Hungary,HUN,2013,1.35,,9889294.0,Europe
23554,Hungary,HUN,2014,1.424,,9862785.0,Europe
23555,Hungary,HUN,2015,1.446,11.83,9839162.0,Europe
23556,Hungary,HUN,2016,1.514,,9810479.0,Europe
23557,Hungary,HUN,2017,1.524,,9785561.0,Europe
23558,Hungary,HUN,2018,1.522,,9774342.0,Europe
23559,Hungary,HUN,2019,1.531,,9770300.0,Europe
23560,Hungary,HUN,2020,1.576,11.98,9749421.0,Europe
23755,Iceland,ISL,1950,3.854,5.68,142629.0,Europe
23756,Iceland,ISL,1951,3.721,,145386.0,Europe
23757,Iceland,ISL,1952,3.788,,147731.0,Europe
23758,Iceland,ISL,1953,3.933,,150706.0,Europe
23759,Iceland,ISL,1954,3.913,,154223.0,Europe
23760,Iceland,ISL,1955,4.036,5.9,157705.0,Europe
23761,Iceland,ISL,1956,4.111,,161044.0,Europe
23762,Iceland,ISL,1957,4.173,,164722.0,Europe
23763,Iceland,ISL,1958,4.072,,168437.0,Europe
23764,Iceland,ISL,1959,4.213,,171964.0,Europe
23765,Iceland,ISL,1960,4.259,6.24,175524.0,Europe
23766,Iceland,ISL,1961,3.913,,178962.0,Europe
23767,Iceland,ISL,1962,3.979,,182312.0,Europe
23768,Iceland,ISL,1963,3.984,,185609.0,Europe
23769,Iceland,ISL,1964,3.87,,188990.0,Europe
23770,Iceland,ISL,1965,3.72,6.69,192294.0,Europe
23771,Iceland,ISL,1966,3.578,,195553.0,Europe
23772,Iceland,ISL,1967,3.282,,198756.0,Europe
23773,Iceland,ISL,1968,3.063,,201472.0,Europe
23774,Iceland,ISL,1969,2.984,,203340.0,Europe
23775,Iceland,ISL,1970,2.815,7.19,204439.0,Europe
23776,Iceland,ISL,1971,2.917,,206129.0,Europe
23777,Iceland,ISL,1972,3.085,,209162.0,Europe
23778,Iceland,ISL,1973,2.941,,212335.0,Europe
23779,Iceland,ISL,1974,2.661,,215232.0,Europe
23780,Iceland,ISL,1975,2.64,7.74,217982.0,Europe
23781,Iceland,ISL,1976,2.522,,220148.0,Europe
23782,Iceland,ISL,1977,2.32,,221800.0,Europe
23783,Iceland,ISL,1978,2.352,,223532.0,Europe
23784,Iceland,ISL,1979,2.487,,225715.0,Europe
23785,Iceland,ISL,1980,2.478,8.28,228100.0,Europe
23786,Iceland,ISL,1981,2.337,,230704.0,Europe
23787,Iceland,ISL,1982,2.272,,233804.0,Europe
23788,Iceland,ISL,1983,2.246,,236928.0,Europe
23789,Iceland,ISL,1984,2.083,,239461.0,Europe
23790,Iceland,ISL,1985,1.942,8.83,241364.0,Europe
23791,Iceland,ISL,1986,1.935,,243149.0,Europe
23792,Iceland,ISL,1987,2.069,,245820.0,Europe
23793,Iceland,ISL,1988,2.258,,249685.0,Europe
23794,Iceland,ISL,1989,2.208,,252816.0,Europe
23795,Iceland,ISL,1990,2.302,9.43,254791.0,Europe
23796,Iceland,ISL,1991,2.196,,257764.0,Europe
23797,Iceland,ISL,1992,2.214,,261051.0,Europe
23798,Iceland,ISL,1993,2.221,,263720.0,Europe
23799,Iceland,ISL,1994,2.144,,266020.0,Europe
23800,Iceland,ISL,1995,2.083,9.97,267474.0,Europe
23801,Iceland,ISL,1996,2.111,,268918.0,Europe
23802,Iceland,ISL,1997,2.04,,271147.0,Europe
23803,Iceland,ISL,1998,2.043,,274071.0,Europe
23804,Iceland,ISL,1999,1.997,,277397.0,Europe
23805,Iceland,ISL,2000,2.071,10.45,281254.0,Europe
23806,Iceland,ISL,2001,1.955,,285010.0,Europe
23807,Iceland,ISL,2002,1.936,,287561.0,Europe
23808,Iceland,ISL,2003,1.991,,289558.0,Europe
23809,Iceland,ISL,2004,2.037,,292127.0,Europe
23810,Iceland,ISL,2005,2.046,11.11,296803.0,Europe
23811,Iceland,ISL,2006,2.075,,303836.0,Europe
23812,Iceland,ISL,2007,2.089,,311622.0,Europe
23813,Iceland,ISL,2008,2.156,,317470.0,Europe
23814,Iceland,ISL,2009,2.227,,318564.0,Europe
23815,Iceland,ISL,2010,2.192,11.78,318102.0,Europe
23816,Iceland,ISL,2011,2.023,,319098.0,Europe
23817,Iceland,ISL,2012,2.034,,320802.0,Europe
23818,Iceland,ISL,2013,1.938,,323845.0,Europe
23819,Iceland,ISL,2014,1.928,,327471.0,Europe
23820,Iceland,ISL,2015,1.809,13.15,330918.0,Europe
23821,Iceland,ISL,2016,1.744,,335522.0,Europe
23822,Iceland,ISL,2017,1.711,,343480.0,Europe
23823,Iceland,ISL,2018,1.71,,352819.0,Europe
23824,Iceland,ISL,2019,1.744,,360652.0,Europe
23825,Iceland,ISL,2020,1.718,13.69,366571.0,Europe
24020,India,IND,1950,5.732,0.41,346278765.0,Asia
24021,India,IND,1951,5.772,,353870007.0,Asia
24022,India,IND,1952,5.821,,361874845.0,Asia
24023,India,IND,1953,5.865,,370104517.0,Asia
24024,India,IND,1954,5.906,,378687093.0,Asia
24025,India,IND,1955,5.911,0.46,387700839.0,Asia
24026,India,IND,1956,5.913,,396988852.0,Asia
24027,India,IND,1957,5.913,,406253849.0,Asia
24028,India,IND,1958,5.903,,415777393.0,Asia
24029,India,IND,1959,5.892,,425780636.0,Asia
24030,India,IND,1960,5.921,0.53,435990289.0,Asia
24031,India,IND,1961,5.937,,446564674.0,Asia
24032,India,IND,1962,5.953,,457283043.0,Asia
24033,India,IND,1963,5.969,,468138526.0,Asia
24034,India,IND,1964,5.979,,479229550.0,Asia
24035,India,IND,1965,5.941,0.67,490140093.0,Asia
24036,India,IND,1966,5.881,,500740202.0,Asia
24037,India,IND,1967,5.825,,511606346.0,Asia
24038,India,IND,1968,5.76,,522716839.0,Asia
24039,India,IND,1969,5.684,,533880495.0,Asia
24040,India,IND,1970,5.624,0.87,545864222.0,Asia
24041,India,IND,1971,5.565,,558096336.0,Asia
24042,India,IND,1972,5.482,,570482089.0,Asia
24043,India,IND,1973,5.402,,583465547.0,Asia
24044,India,IND,1974,5.325,,597041345.0,Asia
24045,India,IND,1975,5.195,1.14,611309484.0,Asia
24046,India,IND,1976,5.13,,625861838.0,Asia
24047,India,IND,1977,5.007,,640801057.0,Asia
24048,India,IND,1978,4.888,,655728181.0,Asia
24049,India,IND,1979,4.808,,671155694.0,Asia
24050,India,IND,1980,4.775,1.48,687353977.0,Asia
24051,India,IND,1981,4.698,,703696202.0,Asia
24052,India,IND,1982,4.62,,720313419.0,Asia
24053,India,IND,1983,4.565,,737372629.0,Asia
24054,India,IND,1984,4.516,,754875401.0,Asia
24055,India,IND,1985,4.432,1.91,772647748.0,Asia
24056,India,IND,1986,4.399,,790689937.0,Asia
24057,India,IND,1987,4.311,,808931212.0,Asia
24058,India,IND,1988,4.222,,827342945.0,Asia
24059,India,IND,1989,4.132,,846039483.0,Asia
24060,India,IND,1990,4.045,2.4,864972170.0,Asia
24061,India,IND,1991,3.959,,883927551.0,Asia
24062,India,IND,1992,3.877,,902957019.0,Asia
24063,India,IND,1993,3.799,,922118324.0,Asia
24064,India,IND,1994,3.723,,941163717.0,Asia
24065,India,IND,1995,3.651,2.84,960300991.0,Asia
24066,India,IND,1996,3.582,,979678413.0,Asia
24067,India,IND,1997,3.514,,999133716.0,Asia
24068,India,IND,1998,3.446,,1018665024.0,Asia
24069,India,IND,1999,3.383,,1038225772.0,Asia
24070,India,IND,2000,3.35,3.63,1057922676.0,Asia
24071,India,IND,2001,3.303,,1077898527.0,Asia
24072,India,IND,2002,3.217,,1097600334.0,Asia
24073,India,IND,2003,3.122,,1116802952.0,Asia
24074,India,IND,2004,3.046,,1135991467.0,Asia
24075,India,IND,2005,2.958,4.42,1154676277.0,Asia
24076,India,IND,2006,2.867,,1172878840.0,Asia
24077,India,IND,2007,2.775,,1190675980.0,Asia
24078,India,IND,2008,2.711,,1207930907.0,Asia
24079,India,IND,2009,2.674,,1225524711.0,Asia
24080,India,IND,2010,2.598,5.26,1243481513.0,Asia
24081,India,IND,2011,2.532,,1261224903.0,Asia
24082,India,IND,2012,2.47,,1278674446.0,Asia
24083,India,IND,2013,2.399,,1295829456.0,Asia
24084,India,IND,2014,2.293,,1312277131.0,Asia
24085,India,IND,2015,2.289,6.16,1328024445.0,Asia
24086,India,IND,2016,2.284,,1343944244.0,Asia
24087,India,IND,2017,2.193,,1359657354.0,Asia
24088,India,IND,2018,2.184,,1374659017.0,Asia
24089,India,IND,2019,2.12,,1389030252.0,Asia
24090,India,IND,2020,2.047,7.15,1402617645.0,Asia
24285,Indonesia,IDN,1950,5.109,0.67,68798981.0,Asia
24286,Indonesia,IDN,1951,5.159,,70286268.0,Asia
24287,Indonesia,IDN,1952,5.21,,71876387.0,Asia
24288,Indonesia,IDN,1953,5.256,,73569096.0,Asia
24289,Indonesia,IDN,1954,5.314,,75367323.0,Asia
24290,Indonesia,IDN,1955,5.362,0.79,77273447.0,Asia
24291,Indonesia,IDN,1956,5.393,,79282508.0,Asia
24292,Indonesia,IDN,1957,5.418,,81390784.0,Asia
24293,Indonesia,IDN,1958,5.448,,83592706.0,Asia
24294,Indonesia,IDN,1959,5.476,,85892821.0,Asia
24295,Indonesia,IDN,1960,5.505,1.07,88296023.0,Asia
24296,Indonesia,IDN,1961,5.522,,90791195.0,Asia
24297,Indonesia,IDN,1962,5.534,,93375809.0,Asia
24298,Indonesia,IDN,1963,5.551,,96051372.0,Asia
24299,Indonesia,IDN,1964,5.568,,98833698.0,Asia
24300,Indonesia,IDN,1965,5.593,1.56,101365083.0,Asia
24301,Indonesia,IDN,1966,5.593,,103792710.0,Asia
24302,Indonesia,IDN,1967,5.583,,106526344.0,Asia
24303,Indonesia,IDN,1968,5.568,,109449945.0,Asia
24304,Indonesia,IDN,1969,5.553,,112517592.0,Asia
24305,Indonesia,IDN,1970,5.488,2.23,115657438.0,Asia
24306,Indonesia,IDN,1971,5.397,,118833649.0,Asia
24307,Indonesia,IDN,1972,5.315,,122039794.0,Asia
24308,Indonesia,IDN,1973,5.246,,125288460.0,Asia
24309,Indonesia,IDN,1974,5.089,,128554995.0,Asia
24310,Indonesia,IDN,1975,5.032,2.67,131843799.0,Asia
24311,Indonesia,IDN,1976,4.921,,135173615.0,Asia
24312,Indonesia,IDN,1977,4.807,,138533490.0,Asia
24313,Indonesia,IDN,1978,4.732,,141953114.0,Asia
24314,Indonesia,IDN,1979,4.625,,145434786.0,Asia
24315,Indonesia,IDN,1980,4.495,3.14,148950491.0,Asia
24316,Indonesia,IDN,1981,4.356,,152484982.0,Asia
24317,Indonesia,IDN,1982,4.247,,156052104.0,Asia
24318,Indonesia,IDN,1983,4.109,,159651335.0,Asia
24319,Indonesia,IDN,1984,3.956,,163251072.0,Asia
24320,Indonesia,IDN,1985,3.725,3.34,166776143.0,Asia
24321,Indonesia,IDN,1986,3.53,,170175010.0,Asia
24322,Indonesia,IDN,1987,3.42,,173511105.0,Asia
24323,Indonesia,IDN,1988,3.353,,176855016.0,Asia
24324,Indonesia,IDN,1989,3.247,,180201584.0,Asia
24325,Indonesia,IDN,1990,3.114,3.79,183501051.0,Asia
24326,Indonesia,IDN,1991,3.058,,186778184.0,Asia
24327,Indonesia,IDN,1992,2.95,,190043693.0,Asia
24328,Indonesia,IDN,1993,2.9,,193305126.0,Asia
24329,Indonesia,IDN,1994,2.851,,196591779.0,Asia
24330,Indonesia,IDN,1995,2.809,4.34,199888001.0,Asia
24331,Indonesia,IDN,1996,2.782,,203204307.0,Asia
24332,Indonesia,IDN,1997,2.742,,206536049.0,Asia
24333,Indonesia,IDN,1998,2.66,,209826738.0,Asia
24334,Indonesia,IDN,1999,2.568,,213004610.0,Asia
24335,Indonesia,IDN,2000,2.503,5.03,216077748.0,Asia
24336,Indonesia,IDN,2001,2.466,,219097854.0,Asia
24337,Indonesia,IDN,2002,2.436,,222088455.0,Asia
24338,Indonesia,IDN,2003,2.41,,225047958.0,Asia
24339,Indonesia,IDN,2004,2.415,,227926604.0,Asia
24340,Indonesia,IDN,2005,2.452,6.32,230871600.0,Asia
24341,Indonesia,IDN,2006,2.457,,233951608.0,Asia
24342,Indonesia,IDN,2007,2.476,,237062283.0,Asia
24343,Indonesia,IDN,2008,2.44,,240157845.0,Asia
24344,Indonesia,IDN,2009,2.442,,243219975.0,Asia
24345,Indonesia,IDN,2010,2.462,7.68,246305285.0,Asia
24346,Indonesia,IDN,2011,2.515,,249469983.0,Asia
24347,Indonesia,IDN,2012,2.514,,252698471.0,Asia
24348,Indonesia,IDN,2013,2.441,,255852410.0,Asia
24349,Indonesia,IDN,2014,2.393,,258877350.0,Asia
24350,Indonesia,IDN,2015,2.346,8.25,261799196.0,Asia
24351,Indonesia,IDN,2016,2.311,,264627382.0,Asia
24352,Indonesia,IDN,2017,2.253,,267346608.0,Asia
24353,Indonesia,IDN,2018,2.219,,269951801.0,Asia
24354,Indonesia,IDN,2019,2.205,,272489333.0,Asia
24355,Indonesia,IDN,2020,2.189,8.92,274814825.0,Asia
24550,Iran,IRN,1950,6.97,0.29,16510500.0,Asia
24551,Iran,IRN,1951,6.977,,16921229.0,Asia
24552,Iran,IRN,1952,7.005,,17344387.0,Asia
24553,Iran,IRN,1953,7.026,,17778059.0,Asia
24554,Iran,IRN,1954,7.048,,18226156.0,Asia
24555,Iran,IRN,1955,7.151,0.36,18700756.0,Asia
24556,Iran,IRN,1956,7.249,,19204339.0,Asia
24557,Iran,IRN,1957,7.354,,19726796.0,Asia
24558,Iran,IRN,1958,7.458,,20266448.0,Asia
24559,Iran,IRN,1959,7.571,,20846726.0,Asia
24560,Iran,IRN,1960,7.519,0.56,21470388.0,Asia
24561,Iran,IRN,1961,7.459,,22125678.0,Asia
24562,Iran,IRN,1962,7.401,,22807854.0,Asia
24563,Iran,IRN,1963,7.317,,23518959.0,Asia
24564,Iran,IRN,1964,7.237,,24262815.0,Asia
24565,Iran,IRN,1965,7.222,0.9,25036937.0,Asia
24566,Iran,IRN,1966,7.214,,25829222.0,Asia
24567,Iran,IRN,1967,7.19,,26628375.0,Asia
24568,Iran,IRN,1968,7.119,,27437345.0,Asia
24569,Iran,IRN,1969,7.007,,28273431.0,Asia
24570,Iran,IRN,1970,6.798,1.38,29145048.0,Asia
24571,Iran,IRN,1971,6.549,,30029031.0,Asia
24572,Iran,IRN,1972,6.257,,30921123.0,Asia
24573,Iran,IRN,1973,6.061,,31839781.0,Asia
24574,Iran,IRN,1974,5.968,,32796408.0,Asia
24575,Iran,IRN,1975,5.947,2.04,33802933.0,Asia
24576,Iran,IRN,1976,6.066,,34837244.0,Asia
24577,Iran,IRN,1977,6.179,,35933132.0,Asia
24578,Iran,IRN,1978,6.344,,37126481.0,Asia
24579,Iran,IRN,1979,6.549,,38424915.0,Asia
24580,Iran,IRN,1980,6.63,2.87,39842276.0,Asia
24581,Iran,IRN,1981,6.618,,41989269.0,Asia
24582,Iran,IRN,1982,6.586,,44272088.0,Asia
24583,Iran,IRN,1983,6.528,,46029491.0,Asia
24584,Iran,IRN,1984,6.433,,47793951.0,Asia
24585,Iran,IRN,1985,6.242,3.67,49582240.0,Asia
24586,Iran,IRN,1986,6.011,,51445995.0,Asia
24587,Iran,IRN,1987,5.719,,53323438.0,Asia
24588,Iran,IRN,1988,5.434,,55072645.0,Asia
24589,Iran,IRN,1989,5.172,,56704871.0,Asia
24590,Iran,IRN,1990,4.934,4.55,58380046.0,Asia
24591,Iran,IRN,1991,4.568,,59986887.0,Asia
24592,Iran,IRN,1992,4.099,,61184930.0,Asia
24593,Iran,IRN,1993,3.674,,61403494.0,Asia
24594,Iran,IRN,1994,3.244,,61520555.0,Asia
24595,Iran,IRN,1995,2.852,5.9,62205523.0,Asia
24596,Iran,IRN,1996,2.542,,62881242.0,Asia
24597,Iran,IRN,1997,2.323,,63639588.0,Asia
24598,Iran,IRN,1998,2.19,,64519819.0,Asia
24599,Iran,IRN,1999,2.089,,65445344.0,Asia
24600,Iran,IRN,2000,1.999,7.15,66418621.0,Asia
24601,Iran,IRN,2001,1.918,,67451952.0,Asia
24602,Iran,IRN,2002,1.836,,68011265.0,Asia
24603,Iran,IRN,2003,1.801,,68769299.0,Asia
24604,Iran,IRN,2004,1.78,,70256267.0,Asia
24605,Iran,IRN,2005,1.756,7.94,71828417.0,Asia
24606,Iran,IRN,2006,1.755,,73392696.0,Asia
24607,Iran,IRN,2007,1.748,,74602596.0,Asia
24608,Iran,IRN,2008,1.743,,75514155.0,Asia
24609,Iran,IRN,2009,1.74,,76457779.0,Asia
24610,Iran,IRN,2010,1.749,9.04,77420793.0,Asia
24611,Iran,IRN,2011,1.792,,78383547.0,Asia
24612,Iran,IRN,2012,1.851,,79370525.0,Asia
24613,Iran,IRN,2013,1.913,,80414625.0,Asia
24614,Iran,IRN,2014,1.975,,81501999.0,Asia
24615,Iran,IRN,2015,2.017,9.35,82619310.0,Asia
24616,Iran,IRN,2016,2.054,,83812175.0,Asia
24617,Iran,IRN,2017,2.023,,85026715.0,Asia
24618,Iran,IRN,2018,1.919,,86117959.0,Asia
24619,Iran,IRN,2019,1.766,,87051599.0,Asia
24620,Iran,IRN,2020,1.7,9.87,87723397.0,Asia
24815,Iraq,IRQ,1950,6.2,0.09,5653309.0,Asia
24816,Iraq,IRQ,1951,6.4,,5774085.0,Asia
24817,Iraq,IRQ,1952,6.837,,5912957.0,Asia
24818,Iraq,IRQ,1953,6.844,,6064201.0,Asia
24819,Iraq,IRQ,1954,6.758,,6219424.0,Asia
24820,Iraq,IRQ,1955,6.0,0.14,6366224.0,Asia
24821,Iraq,IRQ,1956,6.0,,6507454.0,Asia
24822,Iraq,IRQ,1957,4.8,,6633324.0,Asia
24823,Iraq,IRQ,1958,4.8,,6741625.0,Asia
24824,Iraq,IRQ,1959,5.3,,6870338.0,Asia
24825,Iraq,IRQ,1960,5.3,0.22,7022010.0,Asia
24826,Iraq,IRQ,1961,5.8,,7194521.0,Asia
24827,Iraq,IRQ,1962,6.991,,7413825.0,Asia
24828,Iraq,IRQ,1963,7.005,,7667882.0,Asia
24829,Iraq,IRQ,1964,7.01,,7929517.0,Asia
24830,Iraq,IRQ,1965,7.02,0.42,8202095.0,Asia
24831,Iraq,IRQ,1966,7.022,,8485056.0,Asia
24832,Iraq,IRQ,1967,7.029,,8778830.0,Asia
24833,Iraq,IRQ,1968,7.056,,9084959.0,Asia
24834,Iraq,IRQ,1969,7.083,,9403309.0,Asia
24835,Iraq,IRQ,1970,7.071,0.8,9735562.0,Asia
24836,Iraq,IRQ,1971,7.055,,10077775.0,Asia
24837,Iraq,IRQ,1972,7.024,,10430118.0,Asia
24838,Iraq,IRQ,1973,6.986,,10795816.0,Asia
24839,Iraq,IRQ,1974,6.952,,11167722.0,Asia
24840,Iraq,IRQ,1975,6.913,1.18,11543583.0,Asia
24841,Iraq,IRQ,1976,6.856,,11927599.0,Asia
24842,Iraq,IRQ,1977,6.795,,12331009.0,Asia
24843,Iraq,IRQ,1978,6.726,,12753297.0,Asia
24844,Iraq,IRQ,1979,6.662,,13170324.0,Asia
24845,Iraq,IRQ,1980,6.593,1.73,13591949.0,Asia
24846,Iraq,IRQ,1981,6.526,,14006321.0,Asia
24847,Iraq,IRQ,1982,6.46,,14406034.0,Asia
24848,Iraq,IRQ,1983,6.387,,14840507.0,Asia
24849,Iraq,IRQ,1984,6.321,,15310677.0,Asia
24850,Iraq,IRQ,1985,6.246,2.6,15683386.0,Asia
24851,Iraq,IRQ,1986,6.182,,16074099.0,Asia
24852,Iraq,IRQ,1987,6.114,,16521010.0,Asia
24853,Iraq,IRQ,1988,6.052,,16908764.0,Asia
24854,Iraq,IRQ,1989,5.988,,17364492.0,Asia
24855,Iraq,IRQ,1990,5.929,3.64,17581160.0,Asia
24856,Iraq,IRQ,1991,5.833,,17767202.0,Asia
24857,Iraq,IRQ,1992,5.718,,18300802.0,Asia
24858,Iraq,IRQ,1993,5.609,,19201146.0,Asia
24859,Iraq,IRQ,1994,5.488,,20139770.0,Asia
24860,Iraq,IRQ,1995,5.36,4.23,20825809.0,Asia
24861,Iraq,IRQ,1996,5.249,,21501270.0,Asia
24862,Iraq,IRQ,1997,5.194,,22176557.0,Asia
24863,Iraq,IRQ,1998,5.112,,22884342.0,Asia
24864,Iraq,IRQ,1999,5.035,,23636478.0,Asia
24865,Iraq,IRQ,2000,4.92,4.96,24424011.0,Asia
24866,Iraq,IRQ,2001,4.799,,25197800.0,Asia
24867,Iraq,IRQ,2002,4.668,,26006512.0,Asia
24868,Iraq,IRQ,2003,4.581,,26802610.0,Asia
24869,Iraq,IRQ,2004,4.527,,27577831.0,Asia
24870,Iraq,IRQ,2005,4.446,5.41,28407405.0,Asia
24871,Iraq,IRQ,2006,4.459,,28616456.0,Asia
24872,Iraq,IRQ,2007,4.404,,28391556.0,Asia
24873,Iraq,IRQ,2008,4.373,,28970998.0,Asia
24874,Iraq,IRQ,2009,4.378,,30058157.0,Asia
24875,Iraq,IRQ,2010,4.457,6.46,31045312.0,Asia
24876,Iraq,IRQ,2011,4.588,,32161373.0,Asia
24877,Iraq,IRQ,2012,4.544,,33654796.0,Asia
24878,Iraq,IRQ,2013,4.441,,35281935.0,Asia
24879,Iraq,IRQ,2014,4.31,,36550007.0,Asia
24880,Iraq,IRQ,2015,4.08,6.98,37560485.0,Asia
24881,Iraq,IRQ,2016,3.843,,38469579.0,Asia
24882,Iraq,IRQ,2017,3.64,,39337310.0,Asia
24883,Iraq,IRQ,2018,3.547,,40265573.0,Asia
24884,Iraq,IRQ,2019,3.48,,41192120.0,Asia
24885,Iraq,IRQ,2020,3.419,7.74,42116556.0,Asia
25080,Ireland,IRL,1950,3.497,6.62,2912607.0,Europe
25081,Ireland,IRL,1951,3.548,,2936815.0,Europe
25082,Ireland,IRL,1952,3.56,,2941414.0,Europe
25083,Ireland,IRL,1953,3.535,,2929038.0,Europe
25084,Ireland,IRL,1954,3.467,,2915131.0,Europe
25085,Ireland,IRL,1955,3.366,6.88,2899481.0,Europe
25086,Ireland,IRL,1956,3.382,,2883697.0,Europe
25087,Ireland,IRL,1957,3.479,,2869044.0,Europe
25088,Ireland,IRL,1958,3.465,,2853957.0,Europe
25089,Ireland,IRL,1959,3.602,,2839170.0,Europe
25090,Ireland,IRL,1960,3.755,7.15,2827644.0,Europe
25091,Ireland,IRL,1961,3.784,,2824647.0,Europe
25092,Ireland,IRL,1962,3.93,,2831442.0,Europe
25093,Ireland,IRL,1963,4.027,,2842986.0,Europe
25094,Ireland,IRL,1964,4.079,,2857127.0,Europe
25095,Ireland,IRL,1965,4.04,7.57,2873106.0,Europe
25096,Ireland,IRL,1966,3.942,,2888829.0,Europe
25097,Ireland,IRL,1967,3.843,,2905367.0,Europe
25098,Ireland,IRL,1968,3.77,,2922735.0,Europe
25099,Ireland,IRL,1969,3.824,,2940707.0,Europe
25100,Ireland,IRL,1970,3.85,8.16,2961357.0,Europe
25101,Ireland,IRL,1971,3.934,,2993074.0,Europe
25102,Ireland,IRL,1972,3.849,,3037098.0,Europe
25103,Ireland,IRL,1973,3.713,,3084394.0,Europe
25104,Ireland,IRL,1974,3.588,,3132129.0,Europe
25105,Ireland,IRL,1975,3.372,8.91,3180067.0,Europe
25106,Ireland,IRL,1976,3.287,,3228357.0,Europe
25107,Ireland,IRL,1977,3.242,,3277709.0,Europe
25108,Ireland,IRL,1978,3.211,,3329148.0,Europe
25109,Ireland,IRL,1979,3.214,,3375759.0,Europe
25110,Ireland,IRL,1980,3.205,9.79,3415199.0,Europe
25111,Ireland,IRL,1981,3.059,,3448782.0,Europe
25112,Ireland,IRL,1982,2.947,,3475477.0,Europe
25113,Ireland,IRL,1983,2.749,,3497558.0,Europe
25114,Ireland,IRL,1984,2.586,,3515912.0,Europe
25115,Ireland,IRL,1985,2.492,10.46,3531226.0,Europe
25116,Ireland,IRL,1986,2.441,,3541823.0,Europe
25117,Ireland,IRL,1987,2.315,,3540333.0,Europe
25118,Ireland,IRL,1988,2.173,,3525037.0,Europe
25119,Ireland,IRL,1989,2.081,,3511027.0,Europe
25120,Ireland,IRL,1990,2.11,10.76,3513969.0,Europe
25121,Ireland,IRL,1991,2.077,,3534214.0,Europe
25122,Ireland,IRL,1992,1.991,,3558372.0,Europe
25123,Ireland,IRL,1993,1.904,,3576075.0,Europe
25124,Ireland,IRL,1994,1.848,,3590114.0,Europe
25125,Ireland,IRL,1995,1.843,11.0,3610640.0,Europe
25126,Ireland,IRL,1996,1.883,,3638460.0,Europe
25127,Ireland,IRL,1997,1.932,,3672240.0,Europe
25128,Ireland,IRL,1998,1.941,,3711027.0,Europe
25129,Ireland,IRL,1999,1.903,,3752895.0,Europe
25130,Ireland,IRL,2000,1.893,11.23,3802536.0,Europe
25131,Ireland,IRL,2001,1.94,,3862927.0,Europe
25132,Ireland,IRL,2002,1.971,,3928386.0,Europe
25133,Ireland,IRL,2003,1.96,,3992878.0,Europe
25134,Ireland,IRL,2004,1.93,,4066012.0,Europe
25135,Ireland,IRL,2005,1.865,12.03,4155232.0,Europe
25136,Ireland,IRL,2006,1.915,,4268715.0,Europe
25137,Ireland,IRL,2007,2.011,,4393467.0,Europe
25138,Ireland,IRL,2008,2.065,,4485943.0,Europe
25139,Ireland,IRL,2009,2.063,,4533698.0,Europe
25140,Ireland,IRL,2010,2.056,12.65,4559044.0,Europe
25141,Ireland,IRL,2011,2.033,,4579557.0,Europe
25142,Ireland,IRL,2012,1.99,,4600088.0,Europe
25143,Ireland,IRL,2013,1.934,,4624629.0,Europe
25144,Ireland,IRL,2014,1.9,,4658186.0,Europe
25145,Ireland,IRL,2015,1.861,13.77,4702444.0,Europe
25146,Ireland,IRL,2016,1.816,,4753463.0,Europe
25147,Ireland,IRL,2017,1.772,,4810214.0,Europe
25148,Ireland,IRL,2018,1.761,,4872503.0,Europe
25149,Ireland,IRL,2019,1.718,,4933445.0,Europe
25150,Ireland,IRL,2020,1.653,13.95,4982560.0,Europe
25345,Isle of Man,IMN,1950,2.407,,55079.0,Europe
25346,Isle of Man,IMN,1951,2.357,,55046.0,Europe
25347,Isle of Man,IMN,1952,2.279,,54615.0,Europe
25348,Isle of Man,IMN,1953,2.173,,54043.0,Europe
25349,Isle of Man,IMN,1954,2.062,,53423.0,Europe
25350,Isle of Man,IMN,1955,1.949,,52748.0,Europe
25351,Isle of Man,IMN,1956,2.071,,52039.0,Europe
25352,Isle of Man,IMN,1957,2.171,,51287.0,Europe
25353,Isle of Man,IMN,1958,2.364,,50501.0,Europe
25354,Isle of Man,IMN,1959,2.42,,49687.0,Europe
25355,Isle of Man,IMN,1960,2.682,,48845.0,Europe
25356,Isle of Man,IMN,1961,2.688,,48420.0,Europe
25357,Isle of Man,IMN,1962,2.634,,48657.0,Europe
25358,Isle of Man,IMN,1963,2.624,,49126.0,Europe
25359,Isle of Man,IMN,1964,2.627,,49605.0,Europe
25360,Isle of Man,IMN,1965,2.539,,50072.0,Europe
25361,Isle of Man,IMN,1966,2.462,,50718.0,Europe
25362,Isle of Man,IMN,1967,2.447,,51716.0,Europe
25363,Isle of Man,IMN,1968,2.447,,52864.0,Europe
25364,Isle of Man,IMN,1969,2.512,,54044.0,Europe
25365,Isle of Man,IMN,1970,2.566,,55280.0,Europe
25366,Isle of Man,IMN,1971,2.512,,56400.0,Europe
25367,Isle of Man,IMN,1972,2.454,,57344.0,Europe
25368,Isle of Man,IMN,1973,2.364,,58233.0,Europe
25369,Isle of Man,IMN,1974,2.263,,59121.0,Europe
25370,Isle of Man,IMN,1975,2.16,,59937.0,Europe
25371,Isle of Man,IMN,1976,2.083,,60733.0,Europe
25372,Isle of Man,IMN,1977,2.023,,61545.0,Europe
25373,Isle of Man,IMN,1978,1.988,,62371.0,Europe
25374,Isle of Man,IMN,1979,1.96,,63210.0,Europe
25375,Isle of Man,IMN,1980,1.954,,64053.0,Europe
25376,Isle of Man,IMN,1981,1.941,,64569.0,Europe
25377,Isle of Man,IMN,1982,1.915,,64658.0,Europe
25378,Isle of Man,IMN,1983,1.888,,64612.0,Europe
25379,Isle of Man,IMN,1984,1.865,,64506.0,Europe
25380,Isle of Man,IMN,1985,1.88,,64371.0,Europe
25381,Isle of Man,IMN,1986,1.892,,64676.0,Europe
25382,Isle of Man,IMN,1987,1.909,,65568.0,Europe
25383,Isle of Man,IMN,1988,1.921,,66660.0,Europe
25384,Isle of Man,IMN,1989,1.926,,67759.0,Europe
25385,Isle of Man,IMN,1990,1.959,,68901.0,Europe
25386,Isle of Man,IMN,1991,1.978,,69786.0,Europe
25387,Isle of Man,IMN,1992,1.974,,70331.0,Europe
25388,Isle of Man,IMN,1993,1.946,,70753.0,Europe
25389,Isle of Man,IMN,1994,1.915,,71139.0,Europe
25390,Isle of Man,IMN,1995,1.923,,71476.0,Europe
25391,Isle of Man,IMN,1996,1.931,,72014.0,Europe
25392,Isle of Man,IMN,1997,1.926,,72878.0,Europe
25393,Isle of Man,IMN,1998,1.901,,73830.0,Europe
25394,Isle of Man,IMN,1999,1.858,,74756.0,Europe
25395,Isle of Man,IMN,2000,1.866,,75624.0,Europe
25396,Isle of Man,IMN,2001,1.87,,76462.0,Europe
25397,Isle of Man,IMN,2002,1.863,,77243.0,Europe
25398,Isle of Man,IMN,2003,1.84,,78016.0,Europe
25399,Isle of Man,IMN,2004,1.826,,78757.0,Europe
25400,Isle of Man,IMN,2005,1.863,,79501.0,Europe
25401,Isle of Man,IMN,2006,1.905,,80266.0,Europe
25402,Isle of Man,IMN,2007,1.927,,81113.0,Europe
25403,Isle of Man,IMN,2008,1.941,,81999.0,Europe
25404,Isle of Man,IMN,2009,1.937,,82906.0,Europe
25405,Isle of Man,IMN,2010,1.928,,83833.0,Europe
25406,Isle of Man,IMN,2011,1.903,,84342.0,Europe
25407,Isle of Man,IMN,2012,1.864,,84303.0,Europe
25408,Isle of Man,IMN,2013,1.824,,84102.0,Europe
25409,Isle of Man,IMN,2014,1.79,,83863.0,Europe
25410,Isle of Man,IMN,2015,1.748,,83567.0,Europe
25411,Isle of Man,IMN,2016,1.713,,83432.0,Europe
25412,Isle of Man,IMN,2017,1.674,,83582.0,Europe
25413,Isle of Man,IMN,2018,1.636,,83768.0,Europe
25414,Isle of Man,IMN,2019,1.606,,83930.0,Europe
25415,Isle of Man,IMN,2020,1.585,,84032.0,Europe
25421,Israel,ISR,1950,4.571,,1289196.0,Asia
25422,Israel,ISR,1951,4.666,,1351774.0,Asia
25423,Israel,ISR,1952,4.741,,1414178.0,Asia
25424,Israel,ISR,1953,4.722,,1476281.0,Asia
25425,Israel,ISR,1954,4.341,,1537993.0,Asia
25426,Israel,ISR,1955,4.387,,1599443.0,Asia
25427,Israel,ISR,1956,4.436,,1660596.0,Asia
25428,Israel,ISR,1957,4.382,,1720489.0,Asia
25429,Israel,ISR,1958,4.326,,1778955.0,Asia
25430,Israel,ISR,1959,4.364,,1836305.0,Asia
25431,Israel,ISR,1960,4.366,,1891895.0,Asia
25432,Israel,ISR,1961,4.148,,1956850.0,Asia
25433,Israel,ISR,1962,4.086,,2040910.0,Asia
25434,Israel,ISR,1963,4.087,,2135004.0,Asia
25435,Israel,ISR,1964,4.163,,2231806.0,Asia
25436,Israel,ISR,1965,4.125,,2331402.0,Asia
25437,Israel,ISR,1966,3.96,,2433778.0,Asia
25438,Israel,ISR,1967,3.824,,2538603.0,Asia
25439,Israel,ISR,1968,3.711,,2645424.0,Asia
25440,Israel,ISR,1969,3.676,,2754106.0,Asia
25441,Israel,ISR,1970,3.786,,2864719.0,Asia
25442,Israel,ISR,1971,3.849,,2977255.0,Asia
25443,Israel,ISR,1972,3.798,,3079364.0,Asia
25444,Israel,ISR,1973,3.606,,3162996.0,Asia
25445,Israel,ISR,1974,3.641,,3239946.0,Asia
25446,Israel,ISR,1975,3.614,,3318048.0,Asia
25447,Israel,ISR,1976,3.622,,3398215.0,Asia
25448,Israel,ISR,1977,3.47,,3479564.0,Asia
25449,Israel,ISR,1978,3.245,,3560355.0,Asia
25450,Israel,ISR,1979,3.203,,3640828.0,Asia
25451,Israel,ISR,1980,3.153,,3721619.0,Asia
25452,Israel,ISR,1981,3.073,,3802185.0,Asia
25453,Israel,ISR,1982,3.131,,3883585.0,Asia
25454,Israel,ISR,1983,3.143,,3959591.0,Asia
25455,Israel,ISR,1984,3.077,,4033688.0,Asia
25456,Israel,ISR,1985,3.039,,4105306.0,Asia
25457,Israel,ISR,1986,2.991,,4168914.0,Asia
25458,Israel,ISR,1987,2.923,,4236819.0,Asia
25459,Israel,ISR,1988,2.896,,4307287.0,Asia
25460,Israel,ISR,1989,2.84,,4381463.0,Asia
25461,Israel,ISR,1990,2.84,,4544949.0,Asia
25462,Israel,ISR,1991,2.832,,4779837.0,Asia
25463,Israel,ISR,1992,2.87,,4957184.0,Asia
25464,Israel,ISR,1993,2.866,,5085987.0,Asia
25465,Israel,ISR,1994,2.837,,5216641.0,Asia
25466,Israel,ISR,1995,2.823,,5354680.0,Asia
25467,Israel,ISR,1996,2.862,,5499504.0,Asia
25468,Israel,ISR,1997,2.876,,5646431.0,Asia
25469,Israel,ISR,1998,2.922,,5790094.0,Asia
25470,Israel,ISR,1999,2.888,,5946022.0,Asia
25471,Israel,ISR,2000,2.921,,6111143.0,Asia
25472,Israel,ISR,2001,2.868,,6259933.0,Asia
25473,Israel,ISR,2002,2.877,,6387661.0,Asia
25474,Israel,ISR,2003,2.919,,6502766.0,Asia
25475,Israel,ISR,2004,2.848,,6615035.0,Asia
25476,Israel,ISR,2005,2.793,,6728156.0,Asia
25477,Israel,ISR,2006,2.828,,6843981.0,Asia
25478,Israel,ISR,2007,2.852,,6962406.0,Asia
25479,Israel,ISR,2008,2.903,,7082571.0,Asia
25480,Israel,ISR,2009,2.944,,7206047.0,Asia
25481,Israel,ISR,2010,3.028,,7336682.0,Asia
25482,Israel,ISR,2011,3.01,,7470971.0,Asia
25483,Israel,ISR,2012,3.05,,7607737.0,Asia
25484,Israel,ISR,2013,3.036,,7749319.0,Asia
25485,Israel,ISR,2014,3.081,,7897132.0,Asia
25486,Israel,ISR,2015,3.093,12.16,8052858.0,Asia
25487,Israel,ISR,2016,3.113,,8209957.0,Asia
25488,Israel,ISR,2017,3.123,,8361744.0,Asia
25489,Israel,ISR,2018,3.103,,8510026.0,Asia
25490,Israel,ISR,2019,3.034,,8657420.0,Asia
25491,Israel,ISR,2020,2.937,12.14,8800323.0,Asia
25686,Italy,ITA,1950,2.523,4.05,46391630.0,Europe
25687,Italy,ITA,1951,2.376,,46751842.0,Europe
25688,Italy,ITA,1952,2.323,,47018129.0,Europe
25689,Italy,ITA,1953,2.285,,47410844.0,Europe
25690,Italy,ITA,1954,2.349,,47832178.0,Europe
25691,Italy,ITA,1955,2.343,4.34,48130772.0,Europe
25692,Italy,ITA,1956,2.351,,48401891.0,Europe
25693,Italy,ITA,1957,2.348,,48656966.0,Europe
25694,Italy,ITA,1958,2.326,,48927047.0,Europe
25695,Italy,ITA,1959,2.387,,49219400.0,Europe
25696,Italy,ITA,1960,2.384,4.7,49514502.0,Europe
25697,Italy,ITA,1961,2.42,,49815198.0,Europe
25698,Italy,ITA,1962,2.451,,50170537.0,Europe
25699,Italy,ITA,1963,2.52,,50570926.0,Europe
25700,Italy,ITA,1964,2.662,,51019525.0,Europe
25701,Italy,ITA,1965,2.617,5.06,51480674.0,Europe
25702,Italy,ITA,1966,2.588,,51919027.0,Europe
25703,Italy,ITA,1967,2.509,,52338283.0,Europe
25704,Italy,ITA,1968,2.49,,52712106.0,Europe
25705,Italy,ITA,1969,2.47,,53060092.0,Europe
25706,Italy,ITA,1970,2.396,5.5,53390178.0,Europe
25707,Italy,ITA,1971,2.398,,53707748.0,Europe
25708,Italy,ITA,1972,2.351,,54067504.0,Europe
25709,Italy,ITA,1973,2.315,,54450519.0,Europe
25710,Italy,ITA,1974,2.292,,54821066.0,Europe
25711,Italy,ITA,1975,2.177,6.07,55166000.0,Europe
25712,Italy,ITA,1976,2.056,,55459368.0,Europe
25713,Italy,ITA,1977,1.939,,55714492.0,Europe
25714,Italy,ITA,1978,1.841,,55938928.0,Europe
25715,Italy,ITA,1979,1.733,,56132323.0,Europe
25716,Italy,ITA,1980,1.647,6.75,56412044.0,Europe
25717,Italy,ITA,1981,1.582,,56646707.0,Europe
25718,Italy,ITA,1982,1.561,,56719130.0,Europe
25719,Italy,ITA,1983,1.506,,56766060.0,Europe
25720,Italy,ITA,1984,1.458,,56810307.0,Europe
25721,Italy,ITA,1985,1.416,7.33,56855442.0,Europe
25722,Italy,ITA,1986,1.351,,56875927.0,Europe
25723,Italy,ITA,1987,1.33,,56891873.0,Europe
25724,Italy,ITA,1988,1.355,,56928699.0,Europe
25725,Italy,ITA,1989,1.328,,56976698.0,Europe
25726,Italy,ITA,1990,1.331,8.1,57031408.0,Europe
25727,Italy,ITA,1991,1.303,,57075339.0,Europe
25728,Italy,ITA,1992,1.296,,57124951.0,Europe
25729,Italy,ITA,1993,1.249,,57170710.0,Europe
25730,Italy,ITA,1994,1.208,,57420092.0,Europe
25731,Italy,ITA,1995,1.188,8.88,57403300.0,Europe
25732,Italy,ITA,1996,1.197,,57162044.0,Europe
25733,Italy,ITA,1997,1.21,,57189220.0,Europe
25734,Italy,ITA,1998,1.21,,57215139.0,Europe
25735,Italy,ITA,1999,1.228,,57240747.0,Europe
25736,Italy,ITA,2000,1.249,9.64,57272155.0,Europe
25737,Italy,ITA,2001,1.247,,57305705.0,Europe
25738,Italy,ITA,2002,1.264,,57420578.0,Europe
25739,Italy,ITA,2003,1.285,,57739646.0,Europe
25740,Italy,ITA,2004,1.337,,58176688.0,Europe
25741,Italy,ITA,2005,1.332,10.13,58519638.0,Europe
25742,Italy,ITA,2006,1.364,,58754384.0,Europe
25743,Italy,ITA,2007,1.393,,59108674.0,Europe
25744,Italy,ITA,2008,1.435,,59561638.0,Europe
25745,Italy,ITA,2009,1.439,,59903965.0,Europe
25746,Italy,ITA,2010,1.443,10.75,60164160.0,Europe
25747,Italy,ITA,2011,1.427,,60367832.0,Europe
25748,Italy,ITA,2012,1.416,,60531480.0,Europe
25749,Italy,ITA,2013,1.38,,60653828.0,Europe
25750,Italy,ITA,2014,1.364,,60664127.0,Europe
25751,Italy,ITA,2015,1.344,11.2,60575274.0,Europe
25752,Italy,ITA,2016,1.336,,60478047.0,Europe
25753,Italy,ITA,2017,1.317,,60390266.0,Europe
25754,Italy,ITA,2018,1.286,,60277446.0,Europe
25755,Italy,ITA,2019,1.259,,60130080.0,Europe
25756,Italy,ITA,2020,1.242,11.65,59912714.0,Europe
25951,Jamaica,JAM,1950,3.923,3.7,1407175.0,North America
25952,Jamaica,JAM,1951,4.013,,1447422.0,North America
25953,Jamaica,JAM,1952,4.054,,1481294.0,North America
25954,Jamaica,JAM,1953,4.184,,1509698.0,North America
25955,Jamaica,JAM,1954,4.333,,1533409.0,North America
25956,Jamaica,JAM,1955,4.524,3.79,1553664.0,North America
25957,Jamaica,JAM,1956,4.741,,1571927.0,North America
25958,Jamaica,JAM,1957,4.963,,1589632.0,North America
25959,Jamaica,JAM,1958,5.192,,1608231.0,North America
25960,Jamaica,JAM,1959,5.323,,1628191.0,North America
25961,Jamaica,JAM,1960,5.538,4.03,1649962.0,North America
25962,Jamaica,JAM,1961,5.597,,1673219.0,North America
25963,Jamaica,JAM,1962,5.635,,1696886.0,North America
25964,Jamaica,JAM,1963,5.731,,1721051.0,North America
25965,Jamaica,JAM,1964,5.79,,1745519.0,North America
25966,Jamaica,JAM,1965,5.719,4.55,1769157.0,North America
25967,Jamaica,JAM,1966,5.692,,1791435.0,North America
25968,Jamaica,JAM,1967,5.668,,1812816.0,North America
25969,Jamaica,JAM,1968,5.576,,1833713.0,North America
25970,Jamaica,JAM,1969,5.468,,1855074.0,North America
25971,Jamaica,JAM,1970,5.349,4.98,1878138.0,North America
25972,Jamaica,JAM,1971,5.212,,1903690.0,North America
25973,Jamaica,JAM,1972,5.06,,1931503.0,North America
25974,Jamaica,JAM,1973,4.995,,1961182.0,North America
25975,Jamaica,JAM,1974,4.665,,1990845.0,North America
25976,Jamaica,JAM,1975,4.436,5.62,2018930.0,North America
25977,Jamaica,JAM,1976,4.213,,2045537.0,North America
25978,Jamaica,JAM,1977,4.004,,2070606.0,North America
25979,Jamaica,JAM,1978,3.838,,2094792.0,North America
25980,Jamaica,JAM,1979,3.719,,2119440.0,North America
25981,Jamaica,JAM,1980,3.588,6.38,2145615.0,North America
25982,Jamaica,JAM,1981,3.51,,2173769.0,North America
25983,Jamaica,JAM,1982,3.458,,2203839.0,North America
25984,Jamaica,JAM,1983,3.411,,2234775.0,North America
25985,Jamaica,JAM,1984,3.324,,2264508.0,North America
25986,Jamaica,JAM,1985,3.212,6.97,2290618.0,North America
25987,Jamaica,JAM,1986,3.106,,2312079.0,North America
25988,Jamaica,JAM,1987,3.024,,2329763.0,North America
25989,Jamaica,JAM,1988,2.982,,2345742.0,North America
25990,Jamaica,JAM,1989,2.93,,2361865.0,North America
25991,Jamaica,JAM,1990,2.955,7.62,2379829.0,North America
25992,Jamaica,JAM,1991,2.997,,2400824.0,North America
25993,Jamaica,JAM,1992,3.026,,2424641.0,North America
25994,Jamaica,JAM,1993,2.987,,2449859.0,North America
25995,Jamaica,JAM,1994,2.93,,2475182.0,North America
25996,Jamaica,JAM,1995,2.851,8.83,2500101.0,North America
25997,Jamaica,JAM,1996,2.77,,2524412.0,North America
25998,Jamaica,JAM,1997,2.677,,2547798.0,North America
25999,Jamaica,JAM,1998,2.574,,2569681.0,North America
26000,Jamaica,JAM,1999,2.465,,2589747.0,North America
26001,Jamaica,JAM,2000,2.345,9.92,2607780.0,North America
26002,Jamaica,JAM,2001,2.296,,2624359.0,North America
26003,Jamaica,JAM,2002,2.271,,2640532.0,North America
26004,Jamaica,JAM,2003,2.244,,2656569.0,North America
26005,Jamaica,JAM,2004,2.198,,2672182.0,North America
26006,Jamaica,JAM,2005,2.148,10.39,2687020.0,North America
26007,Jamaica,JAM,2006,2.089,,2700922.0,North America
26008,Jamaica,JAM,2007,2.023,,2713761.0,North America
26009,Jamaica,JAM,2008,1.953,,2725585.0,North America
26010,Jamaica,JAM,2009,1.879,,2736953.0,North America
26011,Jamaica,JAM,2010,1.799,10.6,2748526.0,North America
26012,Jamaica,JAM,2011,1.717,,2760444.0,North America
26013,Jamaica,JAM,2012,1.648,,2772387.0,North America
26014,Jamaica,JAM,2013,1.591,,2783639.0,North America
26015,Jamaica,JAM,2014,1.544,,2793708.0,North America
26016,Jamaica,JAM,2015,1.508,9.93,2802491.0,North America
26017,Jamaica,JAM,2016,1.464,,2809867.0,North America
26018,Jamaica,JAM,2017,1.428,,2815724.0,North America
26019,Jamaica,JAM,2018,1.4,,2820051.0,North America
26020,Jamaica,JAM,2019,1.39,,2823227.0,North America
26021,Jamaica,JAM,2020,1.383,10.15,2830686.0,North America
26208,Japan,JPN,1950,3.615,6.23,86443232.0,Asia
26209,Japan,JPN,1951,3.225,,87849881.0,Asia
26210,Japan,JPN,1952,2.947,,89135090.0,Asia
26211,Japan,JPN,1953,2.673,,90324131.0,Asia
26212,Japan,JPN,1954,2.468,,91407630.0,Asia
26213,Japan,JPN,1955,2.349,6.75,92425430.0,Asia
26214,Japan,JPN,1956,2.206,,93341952.0,Asia
26215,Japan,JPN,1957,2.036,,94108932.0,Asia
26216,Japan,JPN,1958,2.097,,94846910.0,Asia
26217,Japan,JPN,1959,2.035,,95622923.0,Asia
26218,Japan,JPN,1960,1.981,7.21,96399711.0,Asia
26219,Japan,JPN,1961,1.928,,97217546.0,Asia
26220,Japan,JPN,1962,1.928,,98076351.0,Asia
26221,Japan,JPN,1963,1.951,,98958177.0,Asia
26222,Japan,JPN,1964,1.998,,99890130.0,Asia
26223,Japan,JPN,1965,2.089,7.4,100915965.0,Asia
26224,Japan,JPN,1966,1.632,,101887781.0,Asia
26225,Japan,JPN,1967,2.158,,102965486.0,Asia
26226,Japan,JPN,1968,2.065,,104237425.0,Asia
26227,Japan,JPN,1969,2.026,,105475120.0,Asia
26228,Japan,JPN,1970,2.035,7.92,106712320.0,Asia
26229,Japan,JPN,1971,2.089,,107951979.0,Asia
26230,Japan,JPN,1972,2.114,,109238916.0,Asia
26231,Japan,JPN,1973,2.145,,110614694.0,Asia
26232,Japan,JPN,1974,2.065,,112009632.0,Asia
26233,Japan,JPN,1975,1.921,8.51,113321151.0,Asia
26234,Japan,JPN,1976,1.841,,114502752.0,Asia
26235,Japan,JPN,1977,1.789,,115574226.0,Asia
26236,Japan,JPN,1978,1.786,,116576883.0,Asia
26237,Japan,JPN,1979,1.769,,117521506.0,Asia
26238,Japan,JPN,1980,1.739,9.26,118358713.0,Asia
26239,Japan,JPN,1981,1.718,,118994001.0,Asia
26240,Japan,JPN,1982,1.738,,119485721.0,Asia
26241,Japan,JPN,1983,1.77,,119948895.0,Asia
26242,Japan,JPN,1984,1.78,,120384352.0,Asia
26243,Japan,JPN,1985,1.736,9.92,120832108.0,Asia
26244,Japan,JPN,1986,1.698,,121366674.0,Asia
26245,Japan,JPN,1987,1.666,,121943539.0,Asia
26246,Japan,JPN,1988,1.625,,122476904.0,Asia
26247,Japan,JPN,1989,1.547,,122947358.0,Asia
26248,Japan,JPN,1990,1.509,10.56,123399717.0,Asia
26249,Japan,JPN,1991,1.504,,123889808.0,Asia
26250,Japan,JPN,1992,1.478,,124383659.0,Asia
26251,Japan,JPN,1993,1.44,,124839901.0,Asia
26252,Japan,JPN,1994,1.468,,125286818.0,Asia
26253,Japan,JPN,1995,1.407,11.2,125672604.0,Asia
26254,Japan,JPN,1996,1.403,,125975260.0,Asia
26255,Japan,JPN,1997,1.376,,126265874.0,Asia
26256,Japan,JPN,1998,1.371,,126549132.0,Asia
26257,Japan,JPN,1999,1.34,,126801516.0,Asia
26258,Japan,JPN,2000,1.346,11.78,127027758.0,Asia
26259,Japan,JPN,2001,1.325,,127260090.0,Asia
26260,Japan,JPN,2002,1.308,,127484547.0,Asia
26261,Japan,JPN,2003,1.285,,127671194.0,Asia
26262,Japan,JPN,2004,1.277,,127815728.0,Asia
26263,Japan,JPN,2005,1.245,12.19,127913277.0,Asia
26264,Japan,JPN,2006,1.285,,127997206.0,Asia
26265,Japan,JPN,2007,1.305,,128087633.0,Asia
26266,Japan,JPN,2008,1.33,,128155949.0,Asia
26267,Japan,JPN,2009,1.333,,128192428.0,Asia
26268,Japan,JPN,2010,1.357,12.57,128185219.0,Asia
26269,Japan,JPN,2011,1.363,,128096387.0,Asia
26270,Japan,JPN,2012,1.376,,127928244.0,Asia
26271,Japan,JPN,2013,1.389,,127723595.0,Asia
26272,Japan,JPN,2014,1.388,,127486555.0,Asia
26273,Japan,JPN,2015,1.415,12.78,127275819.0,Asia
26274,Japan,JPN,2016,1.408,,127159900.0,Asia
26275,Japan,JPN,2017,1.39,,127064637.0,Asia
26276,Japan,JPN,2018,1.373,,126913388.0,Asia
26277,Japan,JPN,2019,1.323,,126699371.0,Asia
26278,Japan,JPN,2020,1.304,13.08,126304487.0,Asia
26473,Jersey,JEY,1950,2.177,,57081.0,Europe
26474,Jersey,JEY,1951,2.091,,57989.0,Europe
26475,Jersey,JEY,1952,2.047,,58694.0,Europe
26476,Jersey,JEY,1953,2.002,,59342.0,Europe
26477,Jersey,JEY,1954,1.984,,59967.0,Europe
26478,Jersey,JEY,1955,1.946,,60580.0,Europe
26479,Jersey,JEY,1956,1.981,,61161.0,Europe
26480,Jersey,JEY,1957,2.05,,61742.0,Europe
26481,Jersey,JEY,1958,2.159,,62348.0,Europe
26482,Jersey,JEY,1959,2.263,,62976.0,Europe
26483,Jersey,JEY,1960,2.412,,63624.0,Europe
26484,Jersey,JEY,1961,2.498,,64269.0,Europe
26485,Jersey,JEY,1962,2.626,,64929.0,Europe
26486,Jersey,JEY,1963,2.743,,65592.0,Europe
26487,Jersey,JEY,1964,2.786,,66242.0,Europe
26488,Jersey,JEY,1965,2.73,,66882.0,Europe
26489,Jersey,JEY,1966,2.57,,67509.0,Europe
26490,Jersey,JEY,1967,2.386,,68110.0,Europe
26491,Jersey,JEY,1968,2.259,,68663.0,Europe
26492,Jersey,JEY,1969,2.105,,69156.0,Europe
26493,Jersey,JEY,1970,1.933,,69629.0,Europe
26494,Jersey,JEY,1971,1.899,,70367.0,Europe
26495,Jersey,JEY,1972,1.636,,71456.0,Europe
26496,Jersey,JEY,1973,1.552,,72533.0,Europe
26497,Jersey,JEY,1974,1.472,,73547.0,Europe
26498,Jersey,JEY,1975,1.416,,74484.0,Europe
26499,Jersey,JEY,1976,1.338,,75172.0,Europe
26500,Jersey,JEY,1977,1.409,,75561.0,Europe
26501,Jersey,JEY,1978,1.389,,75853.0,Europe
26502,Jersey,JEY,1979,1.396,,76183.0,Europe
26503,Jersey,JEY,1980,1.353,,76506.0,Europe
26504,Jersey,JEY,1981,1.322,,77018.0,Europe
26505,Jersey,JEY,1982,1.325,,77795.0,Europe
26506,Jersey,JEY,1983,1.327,,78641.0,Europe
26507,Jersey,JEY,1984,1.356,,79482.0,Europe
26508,Jersey,JEY,1985,1.299,,80348.0,Europe
26509,Jersey,JEY,1986,1.321,,81142.0,Europe
26510,Jersey,JEY,1987,1.386,,81866.0,Europe
26511,Jersey,JEY,1988,1.445,,82565.0,Europe
26512,Jersey,JEY,1989,1.454,,83283.0,Europe
26513,Jersey,JEY,1990,1.452,,84167.0,Europe
26514,Jersey,JEY,1991,1.405,,84863.0,Europe
26515,Jersey,JEY,1992,1.469,,85191.0,Europe
26516,Jersey,JEY,1993,1.414,,85459.0,Europe
26517,Jersey,JEY,1994,1.496,,85656.0,Europe
26518,Jersey,JEY,1995,1.519,,85840.0,Europe
26519,Jersey,JEY,1996,1.535,,86137.0,Europe
26520,Jersey,JEY,1997,1.538,,86636.0,Europe
26521,Jersey,JEY,1998,1.531,,87091.0,Europe
26522,Jersey,JEY,1999,1.518,,87503.0,Europe
26523,Jersey,JEY,2000,1.508,,87800.0,Europe
26524,Jersey,JEY,2001,1.491,,88353.0,Europe
26525,Jersey,JEY,2002,1.477,,89266.0,Europe
26526,Jersey,JEY,2003,1.538,,90242.0,Europe
26527,Jersey,JEY,2004,1.515,,91223.0,Europe
26528,Jersey,JEY,2005,1.434,,92217.0,Europe
26529,Jersey,JEY,2006,1.44,,93200.0,Europe
26530,Jersey,JEY,2007,1.53,,94175.0,Europe
26531,Jersey,JEY,2008,1.563,,95143.0,Europe
26532,Jersey,JEY,2009,1.576,,96108.0,Europe
26533,Jersey,JEY,2010,1.593,,97069.0,Europe
26534,Jersey,JEY,2011,1.598,,97988.0,Europe
26535,Jersey,JEY,2012,1.595,,98885.0,Europe
26536,Jersey,JEY,2013,1.569,,99714.0,Europe
26537,Jersey,JEY,2014,1.552,,100533.0,Europe
26538,Jersey,JEY,2015,1.51,,101167.0,Europe
26539,Jersey,JEY,2016,1.468,,101652.0,Europe
26540,Jersey,JEY,2017,1.419,,102084.0,Europe
26541,Jersey,JEY,2018,1.385,,102486.0,Europe
26542,Jersey,JEY,2019,1.36,,102817.0,Europe
26543,Jersey,JEY,2020,1.337,,103084.0,Europe
26549,Jordan,JOR,1950,7.444,0.67,438759.0,Asia
26550,Jordan,JOR,1951,7.44,,471115.0,Asia
26551,Jordan,JOR,1952,7.422,,506396.0,Asia
26552,Jordan,JOR,1953,7.41,,544060.0,Asia
26553,Jordan,JOR,1954,7.399,,583808.0,Asia
26554,Jordan,JOR,1955,7.42,0.87,625521.0,Asia
26555,Jordan,JOR,1956,7.441,,669062.0,Asia
26556,Jordan,JOR,1957,7.46,,714319.0,Asia
26557,Jordan,JOR,1958,7.479,,760778.0,Asia
26558,Jordan,JOR,1959,7.512,,807562.0,Asia
26559,Jordan,JOR,1960,7.599,1.28,853426.0,Asia
26560,Jordan,JOR,1961,7.699,,897551.0,Asia
26561,Jordan,JOR,1962,7.785,,940516.0,Asia
26562,Jordan,JOR,1963,7.854,,984673.0,Asia
26563,Jordan,JOR,1964,7.913,,1035600.0,Asia
26564,Jordan,JOR,1965,7.932,1.72,1099400.0,Asia
26565,Jordan,JOR,1966,7.992,,1178330.0,Asia
26566,Jordan,JOR,1967,8.059,,1271133.0,Asia
26567,Jordan,JOR,1968,8.135,,1372412.0,Asia
26568,Jordan,JOR,1969,8.192,,1473057.0,Asia
26569,Jordan,JOR,1970,8.181,2.19,1565120.0,Asia
26570,Jordan,JOR,1971,8.15,,1645103.0,Asia
26571,Jordan,JOR,1972,8.117,,1714507.0,Asia
26572,Jordan,JOR,1973,8.062,,1778053.0,Asia
26573,Jordan,JOR,1974,7.997,,1839142.0,Asia
26574,Jordan,JOR,1975,7.925,2.78,1899015.0,Asia
26575,Jordan,JOR,1976,7.832,,1958131.0,Asia
26576,Jordan,JOR,1977,7.723,,2018959.0,Asia
26577,Jordan,JOR,1978,7.594,,2083553.0,Asia
26578,Jordan,JOR,1979,7.448,,2153850.0,Asia
26579,Jordan,JOR,1980,7.287,3.63,2234142.0,Asia
26580,Jordan,JOR,1981,7.121,,2325475.0,Asia
26581,Jordan,JOR,1982,6.959,,2426886.0,Asia
26582,Jordan,JOR,1983,6.812,,2537257.0,Asia
26583,Jordan,JOR,1984,6.671,,2654644.0,Asia
26584,Jordan,JOR,1985,6.534,5.01,2778765.0,Asia
26585,Jordan,JOR,1986,6.387,,2909846.0,Asia
26586,Jordan,JOR,1987,6.196,,3047580.0,Asia
26587,Jordan,JOR,1988,6.011,,3192988.0,Asia
26588,Jordan,JOR,1989,5.798,,3349582.0,Asia
26589,Jordan,JOR,1990,5.544,6.09,3621870.0,Asia
26590,Jordan,JOR,1991,5.33,,3915102.0,Asia
26591,Jordan,JOR,1992,5.137,,4127648.0,Asia
26592,Jordan,JOR,1993,4.972,,4347964.0,Asia
26593,Jordan,JOR,1994,4.819,,4561358.0,Asia
26594,Jordan,JOR,1995,4.676,7.02,4752048.0,Asia
26595,Jordan,JOR,1996,4.508,,4912465.0,Asia
26596,Jordan,JOR,1997,4.318,,5046238.0,Asia
26597,Jordan,JOR,1998,4.112,,5164238.0,Asia
26598,Jordan,JOR,1999,3.971,,5276398.0,Asia
26599,Jordan,JOR,2000,3.864,8.01,5386890.0,Asia
26600,Jordan,JOR,2001,3.803,,5498858.0,Asia
26601,Jordan,JOR,2002,3.805,,5616024.0,Asia
26602,Jordan,JOR,2003,3.816,,5741786.0,Asia
26603,Jordan,JOR,2004,3.729,,5882015.0,Asia
26604,Jordan,JOR,2005,3.653,8.93,6029554.0,Asia
26605,Jordan,JOR,2006,3.711,,6427322.0,Asia
26606,Jordan,JOR,2007,3.797,,6827191.0,Asia
26607,Jordan,JOR,2008,3.876,,6989821.0,Asia
26608,Jordan,JOR,2009,3.841,,7141705.0,Asia
26609,Jordan,JOR,2010,3.78,9.63,7296994.0,Asia
26610,Jordan,JOR,2011,3.69,,7480382.0,Asia
26611,Jordan,JOR,2012,3.568,,7587082.0,Asia
26612,Jordan,JOR,2013,3.449,,7991751.0,Asia
26613,Jordan,JOR,2014,3.302,,8791661.0,Asia
26614,Jordan,JOR,2015,3.141,10.31,9544673.0,Asia
26615,Jordan,JOR,2016,3.072,,10006321.0,Asia
26616,Jordan,JOR,2017,2.994,,10234177.0,Asia
26617,Jordan,JOR,2018,2.923,,10462255.0,Asia
26618,Jordan,JOR,2019,2.855,,10671837.0,Asia
26619,Jordan,JOR,2020,2.791,10.73,10865183.0,Asia
26814,Kazakhstan,KAZ,1950,4.56,,6787099.0,Asia
26815,Kazakhstan,KAZ,1951,4.539,,7020859.0,Asia
26816,Kazakhstan,KAZ,1952,4.511,,7258747.0,Asia
26817,Kazakhstan,KAZ,1953,4.496,,7498427.0,Asia
26818,Kazakhstan,KAZ,1954,4.482,,7741985.0,Asia
26819,Kazakhstan,KAZ,1955,4.506,,7993590.0,Asia
26820,Kazakhstan,KAZ,1956,4.571,,8256643.0,Asia
26821,Kazakhstan,KAZ,1957,4.638,,8533856.0,Asia
26822,Kazakhstan,KAZ,1958,4.678,,8822584.0,Asia
26823,Kazakhstan,KAZ,1959,4.569,,9122120.0,Asia
26824,Kazakhstan,KAZ,1960,4.495,,9429929.0,Asia
26825,Kazakhstan,KAZ,1961,4.424,,9742037.0,Asia
26826,Kazakhstan,KAZ,1962,4.357,,10058890.0,Asia
26827,Kazakhstan,KAZ,1963,4.264,,10377426.0,Asia
26828,Kazakhstan,KAZ,1964,4.071,,10690256.0,Asia
26829,Kazakhstan,KAZ,1965,3.881,,10993144.0,Asia
26830,Kazakhstan,KAZ,1966,3.819,,11288944.0,Asia
26831,Kazakhstan,KAZ,1967,3.769,,11584387.0,Asia
26832,Kazakhstan,KAZ,1968,3.629,,11879133.0,Asia
26833,Kazakhstan,KAZ,1969,3.509,,12156183.0,Asia
26834,Kazakhstan,KAZ,1970,3.505,,12419012.0,Asia
26835,Kazakhstan,KAZ,1971,3.534,,12684768.0,Asia
26836,Kazakhstan,KAZ,1972,3.553,,12951751.0,Asia
26837,Kazakhstan,KAZ,1973,3.508,,13208070.0,Asia
26838,Kazakhstan,KAZ,1974,3.453,,13454520.0,Asia
26839,Kazakhstan,KAZ,1975,3.398,,13700800.0,Asia
26840,Kazakhstan,KAZ,1976,3.332,,13998687.0,Asia
26841,Kazakhstan,KAZ,1977,3.257,,14353217.0,Asia
26842,Kazakhstan,KAZ,1978,3.156,,14711462.0,Asia
26843,Kazakhstan,KAZ,1979,3.137,,14978645.0,Asia
26844,Kazakhstan,KAZ,1980,3.092,,15152896.0,Asia
26845,Kazakhstan,KAZ,1981,3.052,,15323040.0,Asia
26846,Kazakhstan,KAZ,1982,3.02,,15492548.0,Asia
26847,Kazakhstan,KAZ,1983,3.068,,15665504.0,Asia
26848,Kazakhstan,KAZ,1984,3.146,,15844564.0,Asia
26849,Kazakhstan,KAZ,1985,3.208,,16031036.0,Asia
26850,Kazakhstan,KAZ,1986,3.189,,16262647.0,Asia
26851,Kazakhstan,KAZ,1987,3.122,,16527676.0,Asia
26852,Kazakhstan,KAZ,1988,3.001,,16781120.0,Asia
26853,Kazakhstan,KAZ,1989,2.866,,16996969.0,Asia
26854,Kazakhstan,KAZ,1990,2.745,,17154015.0,Asia
26855,Kazakhstan,KAZ,1991,2.677,,17278551.0,Asia
26856,Kazakhstan,KAZ,1992,2.584,,17332566.0,Asia
26857,Kazakhstan,KAZ,1993,2.483,,17274430.0,Asia
26858,Kazakhstan,KAZ,1994,2.378,,17043729.0,Asia
26859,Kazakhstan,KAZ,1995,2.253,,16730491.0,Asia
26860,Kazakhstan,KAZ,1996,2.084,,16415996.0,Asia
26861,Kazakhstan,KAZ,1997,1.97,,16043201.0,Asia
26862,Kazakhstan,KAZ,1998,1.938,,15647738.0,Asia
26863,Kazakhstan,KAZ,1999,1.902,,15455830.0,Asia
26864,Kazakhstan,KAZ,2000,1.898,,15501060.0,Asia
26865,Kazakhstan,KAZ,2001,1.906,,15575502.0,Asia
26866,Kazakhstan,KAZ,2002,1.956,,15656630.0,Asia
26867,Kazakhstan,KAZ,2003,2.075,,15747335.0,Asia
26868,Kazakhstan,KAZ,2004,2.201,,15850121.0,Asia
26869,Kazakhstan,KAZ,2005,2.274,,15968071.0,Asia
26870,Kazakhstan,KAZ,2006,2.38,,16103670.0,Asia
26871,Kazakhstan,KAZ,2007,2.49,,16257169.0,Asia
26872,Kazakhstan,KAZ,2008,2.616,,16426480.0,Asia
26873,Kazakhstan,KAZ,2009,2.58,,16619799.0,Asia
26874,Kazakhstan,KAZ,2010,2.61,,16836755.0,Asia
26875,Kazakhstan,KAZ,2011,2.605,,17065944.0,Asia
26876,Kazakhstan,KAZ,2012,2.64,,17306063.0,Asia
26877,Kazakhstan,KAZ,2013,2.67,,17556454.0,Asia
26878,Kazakhstan,KAZ,2014,2.76,,17816240.0,Asia
26879,Kazakhstan,KAZ,2015,2.755,11.79,18084126.0,Asia
26880,Kazakhstan,KAZ,2016,2.795,,18363551.0,Asia
26881,Kazakhstan,KAZ,2017,2.745,,18651876.0,Asia
26882,Kazakhstan,KAZ,2018,2.845,,18932674.0,Asia
26883,Kazakhstan,KAZ,2019,2.89,,19209498.0,Asia
26884,Kazakhstan,KAZ,2020,3.13,11.91,19482065.0,Asia
27079,Kenya,KEN,1950,7.389,0.65,5769145.0,Africa
27080,Kenya,KEN,1951,7.4,,5893537.0,Africa
27081,Kenya,KEN,1952,7.41,,6033240.0,Africa
27082,Kenya,KEN,1953,7.426,,6183844.0,Africa
27083,Kenya,KEN,1954,7.434,,6348086.0,Africa
27084,Kenya,KEN,1955,7.46,0.73,6529261.0,Africa
27085,Kenya,KEN,1956,7.513,,6727630.0,Africa
27086,Kenya,KEN,1957,7.571,,6944826.0,Africa
27087,Kenya,KEN,1958,7.604,,7174750.0,Africa
27088,Kenya,KEN,1959,7.643,,7422694.0,Africa
27089,Kenya,KEN,1960,7.651,0.88,7695258.0,Africa
27090,Kenya,KEN,1961,7.715,,7987719.0,Africa
27091,Kenya,KEN,1962,7.769,,8299257.0,Africa
27092,Kenya,KEN,1963,7.817,,8627918.0,Africa
27093,Kenya,KEN,1964,7.869,,8973480.0,Africa
27094,Kenya,KEN,1965,7.923,1.02,9338038.0,Africa
27095,Kenya,KEN,1966,7.955,,9717777.0,Africa
27096,Kenya,KEN,1967,7.953,,10111002.0,Africa
27097,Kenya,KEN,1968,7.948,,10518779.0,Africa
27098,Kenya,KEN,1969,7.947,,10939644.0,Africa
27099,Kenya,KEN,1970,7.943,1.46,11368748.0,Africa
27100,Kenya,KEN,1971,7.922,,11788858.0,Africa
27101,Kenya,KEN,1972,7.894,,12206016.0,Africa
27102,Kenya,KEN,1973,7.86,,12634785.0,Africa
27103,Kenya,KEN,1974,7.822,,13070026.0,Africa
27104,Kenya,KEN,1975,7.795,1.85,13511628.0,Africa
27105,Kenya,KEN,1976,7.767,,13957564.0,Africa
27106,Kenya,KEN,1977,7.729,,14428770.0,Africa
27107,Kenya,KEN,1978,7.666,,14934073.0,Africa
27108,Kenya,KEN,1979,7.598,,15460624.0,Africa
27109,Kenya,KEN,1980,7.531,2.56,16018415.0,Africa
27110,Kenya,KEN,1981,7.454,,16601467.0,Africa
27111,Kenya,KEN,1982,7.345,,17206125.0,Africa
27112,Kenya,KEN,1983,7.218,,17846319.0,Africa
27113,Kenya,KEN,1984,7.083,,18514863.0,Africa
27114,Kenya,KEN,1985,6.96,3.32,19201726.0,Africa
27115,Kenya,KEN,1986,6.84,,19901590.0,Africa
27116,Kenya,KEN,1987,6.686,,20616047.0,Africa
27117,Kenya,KEN,1988,6.515,,21356181.0,Africa
27118,Kenya,KEN,1989,6.332,,22118394.0,Africa
27119,Kenya,KEN,1990,6.135,4.1,22892599.0,Africa
27120,Kenya,KEN,1991,5.94,,23646463.0,Africa
27121,Kenya,KEN,1992,5.74,,24382423.0,Africa
27122,Kenya,KEN,1993,5.569,,25117140.0,Africa
27123,Kenya,KEN,1994,5.438,,25857088.0,Africa
27124,Kenya,KEN,1995,5.372,4.64,26601698.0,Africa
27125,Kenya,KEN,1996,5.307,,27344153.0,Africa
27126,Kenya,KEN,1997,5.268,,28101707.0,Africa
27127,Kenya,KEN,1998,5.244,,28888012.0,Africa
27128,Kenya,KEN,1999,5.177,,29733363.0,Africa
27129,Kenya,KEN,2000,5.136,5.1,30642843.0,Africa
27130,Kenya,KEN,2001,5.094,,31619130.0,Africa
27131,Kenya,KEN,2002,5.027,,32629759.0,Africa
27132,Kenya,KEN,2003,4.937,,33652182.0,Africa
27133,Kenya,KEN,2004,4.861,,34713403.0,Africa
27134,Kenya,KEN,2005,4.801,5.76,35796433.0,Africa
27135,Kenya,KEN,2006,4.754,,36903955.0,Africa
27136,Kenya,KEN,2007,4.718,,38036301.0,Africa
27137,Kenya,KEN,2008,4.66,,39206299.0,Africa
27138,Kenya,KEN,2009,4.567,,40408838.0,Africa
27139,Kenya,KEN,2010,4.446,5.95,41598524.0,Africa
27140,Kenya,KEN,2011,4.284,,42758431.0,Africa
27141,Kenya,KEN,2012,4.116,,43888260.0,Africa
27142,Kenya,KEN,2013,3.955,,44986744.0,Africa
27143,Kenya,KEN,2014,3.843,,46051395.0,Africa
27144,Kenya,KEN,2015,3.766,5.86,47088485.0,Africa
27145,Kenya,KEN,2016,3.689,,48139632.0,Africa
27146,Kenya,KEN,2017,3.609,,49197713.0,Africa
27147,Kenya,KEN,2018,3.536,,50207065.0,Africa
27148,Kenya,KEN,2019,3.433,,51202787.0,Africa
27149,Kenya,KEN,2020,3.364,6.36,52217277.0,Africa
27349,Kiribati,KIR,1950,6.13,,37825.0,Oceania
27350,Kiribati,KIR,1951,6.172,,38605.0,Oceania
27351,Kiribati,KIR,1952,6.212,,39398.0,Oceania
27352,Kiribati,KIR,1953,6.262,,40245.0,Oceania
27353,Kiribati,KIR,1954,6.303,,41104.0,Oceania
27354,Kiribati,KIR,1955,6.324,,42014.0,Oceania
27355,Kiribati,KIR,1956,6.343,,42971.0,Oceania
27356,Kiribati,KIR,1957,6.364,,43944.0,Oceania
27357,Kiribati,KIR,1958,6.376,,44958.0,Oceania
27358,Kiribati,KIR,1959,6.4,,46016.0,Oceania
27359,Kiribati,KIR,1960,6.441,,47132.0,Oceania
27360,Kiribati,KIR,1961,6.477,,48306.0,Oceania
27361,Kiribati,KIR,1962,6.415,,49523.0,Oceania
27362,Kiribati,KIR,1963,6.35,,50765.0,Oceania
27363,Kiribati,KIR,1964,6.289,,52068.0,Oceania
27364,Kiribati,KIR,1965,6.262,,53413.0,Oceania
27365,Kiribati,KIR,1966,6.225,,54403.0,Oceania
27366,Kiribati,KIR,1967,6.112,,54979.0,Oceania
27367,Kiribati,KIR,1968,5.984,,55507.0,Oceania
27368,Kiribati,KIR,1969,5.848,,56333.0,Oceania
27369,Kiribati,KIR,1970,5.706,,57490.0,Oceania
27370,Kiribati,KIR,1971,5.554,,58635.0,Oceania
27371,Kiribati,KIR,1972,5.374,,59754.0,Oceania
27372,Kiribati,KIR,1973,5.199,,60790.0,Oceania
27373,Kiribati,KIR,1974,5.094,,61192.0,Oceania
27374,Kiribati,KIR,1975,5.019,,60965.0,Oceania
27375,Kiribati,KIR,1976,4.964,,60644.0,Oceania
27376,Kiribati,KIR,1977,4.957,,60248.0,Oceania
27377,Kiribati,KIR,1978,4.969,,59832.0,Oceania
27378,Kiribati,KIR,1979,4.965,,60145.0,Oceania
27379,Kiribati,KIR,1980,4.964,,61135.0,Oceania
27380,Kiribati,KIR,1981,4.961,,62089.0,Oceania
27381,Kiribati,KIR,1982,4.952,,63102.0,Oceania
27382,Kiribati,KIR,1983,4.914,,64134.0,Oceania
27383,Kiribati,KIR,1984,4.91,,65200.0,Oceania
27384,Kiribati,KIR,1985,4.911,,66465.0,Oceania
27385,Kiribati,KIR,1986,4.871,,68028.0,Oceania
27386,Kiribati,KIR,1987,4.806,,69697.0,Oceania
27387,Kiribati,KIR,1988,4.733,,71401.0,Oceania
27388,Kiribati,KIR,1989,4.693,,73116.0,Oceania
27389,Kiribati,KIR,1990,4.668,,74830.0,Oceania
27390,Kiribati,KIR,1991,4.642,,76340.0,Oceania
27391,Kiribati,KIR,1992,4.568,,77618.0,Oceania
27392,Kiribati,KIR,1993,4.487,,78814.0,Oceania
27393,Kiribati,KIR,1994,4.442,,79995.0,Oceania
27394,Kiribati,KIR,1995,4.419,,81210.0,Oceania
27395,Kiribati,KIR,1996,4.425,,82589.0,Oceania
27396,Kiribati,KIR,1997,4.368,,84119.0,Oceania
27397,Kiribati,KIR,1998,4.29,,85636.0,Oceania
27398,Kiribati,KIR,1999,4.185,,87096.0,Oceania
27399,Kiribati,KIR,2000,4.071,,88578.0,Oceania
27400,Kiribati,KIR,2001,3.957,,90308.0,Oceania
27401,Kiribati,KIR,2002,3.814,,92233.0,Oceania
27402,Kiribati,KIR,2003,3.702,,94145.0,Oceania
27403,Kiribati,KIR,2004,3.734,,96048.0,Oceania
27404,Kiribati,KIR,2005,3.76,,98007.0,Oceania
27405,Kiribati,KIR,2006,3.815,,99980.0,Oceania
27406,Kiribati,KIR,2007,3.865,,102039.0,Oceania
27407,Kiribati,KIR,2008,3.899,,104186.0,Oceania
27408,Kiribati,KIR,2009,3.905,,106426.0,Oceania
27409,Kiribati,KIR,2010,3.898,,108675.0,Oceania
27410,Kiribati,KIR,2011,3.878,,110622.0,Oceania
27411,Kiribati,KIR,2012,3.768,,112248.0,Oceania
27412,Kiribati,KIR,2013,3.643,,113804.0,Oceania
27413,Kiribati,KIR,2014,3.521,,115296.0,Oceania
27414,Kiribati,KIR,2015,3.438,,116787.0,Oceania
27415,Kiribati,KIR,2016,3.375,,118435.0,Oceania
27416,Kiribati,KIR,2017,3.339,,120237.0,Oceania
27417,Kiribati,KIR,2018,3.318,,122054.0,Oceania
27418,Kiribati,KIR,2019,3.29,,123881.0,Oceania
27419,Kiribati,KIR,2020,3.254,,126064.0,Oceania
27574,Kosovo,OWID_KOS,1950,6.953,,778425.0,Europe
27575,Kosovo,OWID_KOS,1951,6.946,,794275.0,Europe
27576,Kosovo,OWID_KOS,1952,6.941,,810981.0,Europe
27577,Kosovo,OWID_KOS,1953,6.91,,828765.0,Europe
27578,Kosovo,OWID_KOS,1954,6.833,,847833.0,Europe
27579,Kosovo,OWID_KOS,1955,6.741,,868004.0,Europe
27580,Kosovo,OWID_KOS,1956,6.631,,888682.0,Europe
27581,Kosovo,OWID_KOS,1957,6.517,,910410.0,Europe
27582,Kosovo,OWID_KOS,1958,6.404,,933598.0,Europe
27583,Kosovo,OWID_KOS,1959,6.374,,958380.0,Europe
27584,Kosovo,OWID_KOS,1960,6.359,,984812.0,Europe
27585,Kosovo,OWID_KOS,1961,6.314,,1011380.0,Europe
27586,Kosovo,OWID_KOS,1962,6.244,,1036905.0,Europe
27587,Kosovo,OWID_KOS,1963,6.176,,1062691.0,Europe
27588,Kosovo,OWID_KOS,1964,6.112,,1090233.0,Europe
27589,Kosovo,OWID_KOS,1965,6.035,,1120133.0,Europe
27590,Kosovo,OWID_KOS,1966,5.947,,1152539.0,Europe
27591,Kosovo,OWID_KOS,1967,5.877,,1187623.0,Europe
27592,Kosovo,OWID_KOS,1968,5.812,,1214159.0,Europe
27593,Kosovo,OWID_KOS,1969,5.731,,1231419.0,Europe
27594,Kosovo,OWID_KOS,1970,5.624,,1249516.0,Europe
27595,Kosovo,OWID_KOS,1971,5.556,,1272986.0,Europe
27596,Kosovo,OWID_KOS,1972,5.488,,1301535.0,Europe
27597,Kosovo,OWID_KOS,1973,5.418,,1331137.0,Europe
27598,Kosovo,OWID_KOS,1974,5.373,,1363075.0,Europe
27599,Kosovo,OWID_KOS,1975,5.283,,1397644.0,Europe
27600,Kosovo,OWID_KOS,1976,5.185,,1434833.0,Europe
27601,Kosovo,OWID_KOS,1977,5.012,,1474423.0,Europe
27602,Kosovo,OWID_KOS,1978,4.831,,1516202.0,Europe
27603,Kosovo,OWID_KOS,1979,4.697,,1559737.0,Europe
27604,Kosovo,OWID_KOS,1980,4.658,,1604781.0,Europe
27605,Kosovo,OWID_KOS,1981,4.501,,1646512.0,Europe
27606,Kosovo,OWID_KOS,1982,4.493,,1683119.0,Europe
27607,Kosovo,OWID_KOS,1983,4.462,,1719196.0,Europe
27608,Kosovo,OWID_KOS,1984,4.406,,1756764.0,Europe
27609,Kosovo,OWID_KOS,1985,4.197,,1795975.0,Europe
27610,Kosovo,OWID_KOS,1986,4.115,,1836934.0,Europe
27611,Kosovo,OWID_KOS,1987,4.098,,1880559.0,Europe
27612,Kosovo,OWID_KOS,1988,3.967,,1917834.0,Europe
27613,Kosovo,OWID_KOS,1989,3.672,,1946296.0,Europe
27614,Kosovo,OWID_KOS,1990,3.666,,1973734.0,Europe
27615,Kosovo,OWID_KOS,1991,3.373,,2005318.0,Europe
27616,Kosovo,OWID_KOS,1992,2.765,,2039671.0,Europe
27617,Kosovo,OWID_KOS,1993,2.65,,2072631.0,Europe
27618,Kosovo,OWID_KOS,1994,2.524,,2105204.0,Europe
27619,Kosovo,OWID_KOS,1995,2.524,,2137464.0,Europe
27620,Kosovo,OWID_KOS,1996,2.536,,2168709.0,Europe
27621,Kosovo,OWID_KOS,1997,2.312,,2197238.0,Europe
27622,Kosovo,OWID_KOS,1998,2.35,,2078930.0,Europe
27623,Kosovo,OWID_KOS,1999,2.634,,1871470.0,Europe
27624,Kosovo,OWID_KOS,2000,2.698,,1802435.0,Europe
27625,Kosovo,OWID_KOS,2001,2.765,,1819968.0,Europe
27626,Kosovo,OWID_KOS,2002,2.791,,1829415.0,Europe
27627,Kosovo,OWID_KOS,2003,2.67,,1826391.0,Europe
27628,Kosovo,OWID_KOS,2004,2.65,,1822729.0,Europe
27629,Kosovo,OWID_KOS,2005,2.623,,1818304.0,Europe
27630,Kosovo,OWID_KOS,2006,2.494,,1813030.0,Europe
27631,Kosovo,OWID_KOS,2007,2.393,,1807050.0,Europe
27632,Kosovo,OWID_KOS,2008,2.359,,1800813.0,Europe
27633,Kosovo,OWID_KOS,2009,2.317,,1794637.0,Europe
27634,Kosovo,OWID_KOS,2010,2.223,,1788708.0,Europe
27635,Kosovo,OWID_KOS,2011,2.038,,1791911.0,Europe
27636,Kosovo,OWID_KOS,2012,1.969,,1806483.0,Europe
27637,Kosovo,OWID_KOS,2013,1.953,,1817114.0,Europe
27638,Kosovo,OWID_KOS,2014,1.87,,1808931.0,Europe
27639,Kosovo,OWID_KOS,2015,1.763,,1778978.0,Europe
27640,Kosovo,OWID_KOS,2016,1.641,,1761711.0,Europe
27641,Kosovo,OWID_KOS,2017,1.618,,1768084.0,Europe
27642,Kosovo,OWID_KOS,2018,1.581,,1767699.0,Europe
27643,Kosovo,OWID_KOS,2019,1.575,,1754998.0,Europe
27644,Kosovo,OWID_KOS,2020,1.567,,1751372.0,Europe
27650,Kuwait,KWT,1950,7.115,0.69,153929.0,Asia
27651,Kuwait,KWT,1951,7.121,,158422.0,Asia
27652,Kuwait,KWT,1952,7.127,,163135.0,Asia
27653,Kuwait,KWT,1953,7.136,,168052.0,Asia
27654,Kuwait,KWT,1954,7.135,,173216.0,Asia
27655,Kuwait,KWT,1955,7.14,0.98,186078.0,Asia
27656,Kuwait,KWT,1956,7.154,,207182.0,Asia
27657,Kuwait,KWT,1957,7.167,,227008.0,Asia
27658,Kuwait,KWT,1958,7.188,,250169.0,Asia
27659,Kuwait,KWT,1959,7.203,,279488.0,Asia
27660,Kuwait,KWT,1960,7.223,1.56,311026.0,Asia
27661,Kuwait,KWT,1961,7.248,,345911.0,Asia
27662,Kuwait,KWT,1962,7.254,,384960.0,Asia
27663,Kuwait,KWT,1963,7.275,,427665.0,Asia
27664,Kuwait,KWT,1964,7.286,,473076.0,Asia
27665,Kuwait,KWT,1965,7.314,2.17,521144.0,Asia
27666,Kuwait,KWT,1966,7.34,,572549.0,Asia
27667,Kuwait,KWT,1967,7.326,,628055.0,Asia
27668,Kuwait,KWT,1968,7.278,,687676.0,Asia
27669,Kuwait,KWT,1969,7.181,,749428.0,Asia
27670,Kuwait,KWT,1970,7.025,2.83,809074.0,Asia
27671,Kuwait,KWT,1971,6.839,,865036.0,Asia
27672,Kuwait,KWT,1972,6.637,,920316.0,Asia
27673,Kuwait,KWT,1973,6.43,,977609.0,Asia
27674,Kuwait,KWT,1974,6.233,,1038304.0,Asia
27675,Kuwait,KWT,1975,6.059,3.19,1104826.0,Asia
27676,Kuwait,KWT,1976,5.896,,1178667.0,Asia
27677,Kuwait,KWT,1977,5.712,,1257984.0,Asia
27678,Kuwait,KWT,1978,5.521,,1340278.0,Asia
27679,Kuwait,KWT,1979,5.333,,1423476.0,Asia
27680,Kuwait,KWT,1980,5.184,4.54,1504742.0,Asia
27681,Kuwait,KWT,1981,5.021,,1583378.0,Asia
27682,Kuwait,KWT,1982,4.848,,1662442.0,Asia
27683,Kuwait,KWT,1983,4.658,,1744255.0,Asia
27684,Kuwait,KWT,1984,4.452,,1820657.0,Asia
27685,Kuwait,KWT,1985,4.218,5.75,1894206.0,Asia
27686,Kuwait,KWT,1986,4.003,,1972472.0,Asia
27687,Kuwait,KWT,1987,3.827,,2052961.0,Asia
27688,Kuwait,KWT,1988,3.702,,2134665.0,Asia
27689,Kuwait,KWT,1989,3.593,,2217418.0,Asia
27690,Kuwait,KWT,1990,3.487,6.01,1684784.0,Asia
27691,Kuwait,KWT,1991,3.398,,1351363.0,Asia
27692,Kuwait,KWT,1992,3.353,,1634908.0,Asia
27693,Kuwait,KWT,1993,3.313,,1672112.0,Asia
27694,Kuwait,KWT,1994,3.272,,1664323.0,Asia
27695,Kuwait,KWT,1995,3.248,6.08,1681473.0,Asia
27696,Kuwait,KWT,1996,3.223,,1730197.0,Asia
27697,Kuwait,KWT,1997,3.135,,1787639.0,Asia
27698,Kuwait,KWT,1998,3.039,,1844266.0,Asia
27699,Kuwait,KWT,1999,2.952,,1899984.0,Asia
27700,Kuwait,KWT,2000,2.887,6.36,1954668.0,Asia
27701,Kuwait,KWT,2001,2.839,,2008081.0,Asia
27702,Kuwait,KWT,2002,2.795,,2059936.0,Asia
27703,Kuwait,KWT,2003,2.771,,2109842.0,Asia
27704,Kuwait,KWT,2004,2.762,,2157272.0,Asia
27705,Kuwait,KWT,2005,2.731,6.72,2236749.0,Asia
27706,Kuwait,KWT,2006,2.589,,2364699.0,Asia
27707,Kuwait,KWT,2007,2.412,,2507842.0,Asia
27708,Kuwait,KWT,2008,2.266,,2651390.0,Asia
27709,Kuwait,KWT,2009,2.155,,2795444.0,Asia
27710,Kuwait,KWT,2010,2.044,6.96,2943329.0,Asia
27711,Kuwait,KWT,2011,1.956,,3132776.0,Asia
27712,Kuwait,KWT,2012,1.99,,3336980.0,Asia
27713,Kuwait,KWT,2013,1.968,,3507709.0,Asia
27714,Kuwait,KWT,2014,2.06,,3665719.0,Asia
27715,Kuwait,KWT,2015,2.03,7.09,3834416.0,Asia
27716,Kuwait,KWT,2016,2.061,,4003921.0,Asia
27717,Kuwait,KWT,2017,2.16,,4154633.0,Asia
27718,Kuwait,KWT,2018,2.118,,4323333.0,Asia
27719,Kuwait,KWT,2019,2.087,,4442153.0,Asia
27720,Kuwait,KWT,2020,2.099,7.19,4400103.0,Asia
27915,Kyrgyzstan,KGZ,1950,4.626,,1751096.0,Asia
27916,Kyrgyzstan,KGZ,1951,4.629,,1787466.0,Asia
27917,Kyrgyzstan,KGZ,1952,4.676,,1824541.0,Asia
27918,Kyrgyzstan,KGZ,1953,4.727,,1862487.0,Asia
27919,Kyrgyzstan,KGZ,1954,4.78,,1902098.0,Asia
27920,Kyrgyzstan,KGZ,1955,4.841,,1944364.0,Asia
27921,Kyrgyzstan,KGZ,1956,4.896,,1989576.0,Asia
27922,Kyrgyzstan,KGZ,1957,4.993,,2038276.0,Asia
27923,Kyrgyzstan,KGZ,1958,5.141,,2090799.0,Asia
27924,Kyrgyzstan,KGZ,1959,5.229,,2149259.0,Asia
27925,Kyrgyzstan,KGZ,1960,5.309,,2215471.0,Asia
27926,Kyrgyzstan,KGZ,1961,5.364,,2288622.0,Asia
27927,Kyrgyzstan,KGZ,1962,5.421,,2367245.0,Asia
27928,Kyrgyzstan,KGZ,1963,5.479,,2449201.0,Asia
27929,Kyrgyzstan,KGZ,1964,5.433,,2532112.0,Asia
27930,Kyrgyzstan,KGZ,1965,5.375,,2615014.0,Asia
27931,Kyrgyzstan,KGZ,1966,5.321,,2697580.0,Asia
27932,Kyrgyzstan,KGZ,1967,5.255,,2780121.0,Asia
27933,Kyrgyzstan,KGZ,1968,5.182,,2862841.0,Asia
27934,Kyrgyzstan,KGZ,1969,5.183,,2944797.0,Asia
27935,Kyrgyzstan,KGZ,1970,5.203,,3025087.0,Asia
27936,Kyrgyzstan,KGZ,1971,5.181,,3101403.0,Asia
27937,Kyrgyzstan,KGZ,1972,5.137,,3173904.0,Asia
27938,Kyrgyzstan,KGZ,1973,5.024,,3244825.0,Asia
27939,Kyrgyzstan,KGZ,1974,4.891,,3313980.0,Asia
27940,Kyrgyzstan,KGZ,1975,4.764,,3381319.0,Asia
27941,Kyrgyzstan,KGZ,1976,4.676,,3446955.0,Asia
27942,Kyrgyzstan,KGZ,1977,4.593,,3514077.0,Asia
27943,Kyrgyzstan,KGZ,1978,4.526,,3584476.0,Asia
27944,Kyrgyzstan,KGZ,1979,4.377,,3656142.0,Asia
27945,Kyrgyzstan,KGZ,1980,4.225,,3729325.0,Asia
27946,Kyrgyzstan,KGZ,1981,4.188,,3804404.0,Asia
27947,Kyrgyzstan,KGZ,1982,4.198,,3882773.0,Asia
27948,Kyrgyzstan,KGZ,1983,4.165,,3965724.0,Asia
27949,Kyrgyzstan,KGZ,1984,4.198,,4039297.0,Asia
27950,Kyrgyzstan,KGZ,1985,4.203,,4102339.0,Asia
27951,Kyrgyzstan,KGZ,1986,4.221,,4168538.0,Asia
27952,Kyrgyzstan,KGZ,1987,4.163,,4238418.0,Asia
27953,Kyrgyzstan,KGZ,1988,4.031,,4307975.0,Asia
27954,Kyrgyzstan,KGZ,1989,3.907,,4381956.0,Asia
27955,Kyrgyzstan,KGZ,1990,3.798,,4459486.0,Asia
27956,Kyrgyzstan,KGZ,1991,3.737,,4532078.0,Asia
27957,Kyrgyzstan,KGZ,1992,3.637,,4600263.0,Asia
27958,Kyrgyzstan,KGZ,1993,3.41,,4626757.0,Asia
27959,Kyrgyzstan,KGZ,1994,3.283,,4649147.0,Asia
27960,Kyrgyzstan,KGZ,1995,3.291,,4713592.0,Asia
27961,Kyrgyzstan,KGZ,1996,3.092,,4782835.0,Asia
27962,Kyrgyzstan,KGZ,1997,2.88,,4847950.0,Asia
27963,Kyrgyzstan,KGZ,1998,2.795,,4907747.0,Asia
27964,Kyrgyzstan,KGZ,1999,2.714,,4968540.0,Asia
27965,Kyrgyzstan,KGZ,2000,2.576,,5025098.0,Asia
27966,Kyrgyzstan,KGZ,2001,2.546,,5071909.0,Asia
27967,Kyrgyzstan,KGZ,2002,2.566,,5116204.0,Asia
27968,Kyrgyzstan,KGZ,2003,2.595,,5159387.0,Asia
27969,Kyrgyzstan,KGZ,2004,2.631,,5202994.0,Asia
27970,Kyrgyzstan,KGZ,2005,2.645,,5246288.0,Asia
27971,Kyrgyzstan,KGZ,2006,2.744,,5282401.0,Asia
27972,Kyrgyzstan,KGZ,2007,2.781,,5313329.0,Asia
27973,Kyrgyzstan,KGZ,2008,2.838,,5342481.0,Asia
27974,Kyrgyzstan,KGZ,2009,2.955,,5397958.0,Asia
27975,Kyrgyzstan,KGZ,2010,3.096,,5491717.0,Asia
27976,Kyrgyzstan,KGZ,2011,3.14,,5594489.0,Asia
27977,Kyrgyzstan,KGZ,2012,3.183,,5696470.0,Asia
27978,Kyrgyzstan,KGZ,2013,3.15,,5797248.0,Asia
27979,Kyrgyzstan,KGZ,2014,3.21,,5898279.0,Asia
27980,Kyrgyzstan,KGZ,2015,3.208,11.11,6001819.0,Asia
27981,Kyrgyzstan,KGZ,2016,3.104,,6108412.0,Asia
27982,Kyrgyzstan,KGZ,2017,3.044,,6220098.0,Asia
27983,Kyrgyzstan,KGZ,2018,3.28,,6341684.0,Asia
27984,Kyrgyzstan,KGZ,2019,3.33,,6493984.0,Asia
27985,Kyrgyzstan,KGZ,2020,3.05,11.22,6664099.0,Asia
28180,Laos,LAO,1950,6.248,,1684511.0,Asia
28181,Laos,LAO,1951,6.233,,1725206.0,Asia
28182,Laos,LAO,1952,6.243,,1766148.0,Asia
28183,Laos,LAO,1953,6.254,,1807770.0,Asia
28184,Laos,LAO,1954,6.245,,1850088.0,Asia
28185,Laos,LAO,1955,6.258,,1893179.0,Asia
28186,Laos,LAO,1956,6.27,,1937188.0,Asia
28187,Laos,LAO,1957,6.268,,1982096.0,Asia
28188,Laos,LAO,1958,6.278,,2027987.0,Asia
28189,Laos,LAO,1959,6.289,,2074447.0,Asia
28190,Laos,LAO,1960,6.292,,2121469.0,Asia
28191,Laos,LAO,1961,6.31,,2169750.0,Asia
28192,Laos,LAO,1962,6.313,,2219874.0,Asia
28193,Laos,LAO,1963,6.318,,2271016.0,Asia
28194,Laos,LAO,1964,6.313,,2322788.0,Asia
28195,Laos,LAO,1965,6.316,,2376149.0,Asia
28196,Laos,LAO,1966,6.307,,2431043.0,Asia
28197,Laos,LAO,1967,6.306,,2487662.0,Asia
28198,Laos,LAO,1968,6.298,,2546327.0,Asia
28199,Laos,LAO,1969,6.301,,2606922.0,Asia
28200,Laos,LAO,1970,6.31,,2669654.0,Asia
28201,Laos,LAO,1971,6.295,,2734588.0,Asia
28202,Laos,LAO,1972,6.284,,2801616.0,Asia
28203,Laos,LAO,1973,6.281,,2870541.0,Asia
28204,Laos,LAO,1974,6.289,,2939711.0,Asia
28205,Laos,LAO,1975,6.287,,3005482.0,Asia
28206,Laos,LAO,1976,6.289,,3064824.0,Asia
28207,Laos,LAO,1977,6.293,,3118888.0,Asia
28208,Laos,LAO,1978,6.298,,3171707.0,Asia
28209,Laos,LAO,1979,6.314,,3228147.0,Asia
28210,Laos,LAO,1980,6.332,,3292526.0,Asia
28211,Laos,LAO,1981,6.35,,3366594.0,Asia
28212,Laos,LAO,1982,6.369,,3449973.0,Asia
28213,Laos,LAO,1983,6.376,,3540952.0,Asia
28214,Laos,LAO,1984,6.37,,3637797.0,Asia
28215,Laos,LAO,1985,6.328,,3739942.0,Asia
28216,Laos,LAO,1986,6.255,,3846680.0,Asia
28217,Laos,LAO,1987,6.205,,3957572.0,Asia
28218,Laos,LAO,1988,6.158,,4072563.0,Asia
28219,Laos,LAO,1989,6.102,,4190933.0,Asia
28220,Laos,LAO,1990,6.057,,4311910.0,Asia
28221,Laos,LAO,1991,5.986,,4435070.0,Asia
28222,Laos,LAO,1992,5.9,,4559603.0,Asia
28223,Laos,LAO,1993,5.798,,4685022.0,Asia
28224,Laos,LAO,1994,5.598,,4809166.0,Asia
28225,Laos,LAO,1995,5.355,,4929360.0,Asia
28226,Laos,LAO,1996,5.148,,5045638.0,Asia
28227,Laos,LAO,1997,4.961,,5151958.0,Asia
28228,Laos,LAO,1998,4.792,,5248226.0,Asia
28229,Laos,LAO,1999,4.639,,5340738.0,Asia
28230,Laos,LAO,2000,4.429,,5431174.0,Asia
28231,Laos,LAO,2001,4.29,,5521433.0,Asia
28232,Laos,LAO,2002,4.132,,5610839.0,Asia
28233,Laos,LAO,2003,4.024,,5697899.0,Asia
28234,Laos,LAO,2004,3.898,,5781583.0,Asia
28235,Laos,LAO,2005,3.685,,5869478.0,Asia
28236,Laos,LAO,2006,3.559,,5963146.0,Asia
28237,Laos,LAO,2007,3.438,,6056193.0,Asia
28238,Laos,LAO,2008,3.331,,6148930.0,Asia
28239,Laos,LAO,2009,3.229,,6241592.0,Asia
28240,Laos,LAO,2010,3.137,,6334146.0,Asia
28241,Laos,LAO,2011,3.049,,6426537.0,Asia
28242,Laos,LAO,2012,2.953,,6518933.0,Asia
28243,Laos,LAO,2013,2.872,,6611342.0,Asia
28244,Laos,LAO,2014,2.802,,6703118.0,Asia
28245,Laos,LAO,2015,2.796,5.22,6801606.0,Asia
28246,Laos,LAO,2016,2.744,,6908756.0,Asia
28247,Laos,LAO,2017,2.691,,7018100.0,Asia
28248,Laos,LAO,2018,2.633,,7127997.0,Asia
28249,Laos,LAO,2019,2.589,,7237589.0,Asia
28250,Laos,LAO,2020,2.535,6.01,7346484.0,Asia
28519,Latvia,LVA,1950,2.075,,1918675.0,Europe
28520,Latvia,LVA,1951,2.01,,1933868.0,Europe
28521,Latvia,LVA,1952,1.942,,1949493.0,Europe
28522,Latvia,LVA,1953,1.846,,1965150.0,Europe
28523,Latvia,LVA,1954,1.92,,1981992.0,Europe
28524,Latvia,LVA,1955,1.881,,2000413.0,Europe
28525,Latvia,LVA,1956,1.837,,2019461.0,Europe
28526,Latvia,LVA,1957,1.868,,2040075.0,Europe
28527,Latvia,LVA,1958,1.917,,2063251.0,Europe
28528,Latvia,LVA,1959,1.922,,2096937.0,Europe
28529,Latvia,LVA,1960,1.941,,2131119.0,Europe
28530,Latvia,LVA,1961,1.964,,2157131.0,Europe
28531,Latvia,LVA,1962,1.915,,2182242.0,Europe
28532,Latvia,LVA,1963,1.851,,2205754.0,Europe
28533,Latvia,LVA,1964,1.813,,2229703.0,Europe
28534,Latvia,LVA,1965,1.729,,2252726.0,Europe
28535,Latvia,LVA,1966,1.786,,2274308.0,Europe
28536,Latvia,LVA,1967,1.819,,2296035.0,Europe
28537,Latvia,LVA,1968,1.86,,2317243.0,Europe
28538,Latvia,LVA,1969,1.88,,2337612.0,Europe
28539,Latvia,LVA,1970,1.964,,2357511.0,Europe
28540,Latvia,LVA,1971,2.023,,2377024.0,Europe
28541,Latvia,LVA,1972,2.009,,2395820.0,Europe
28542,Latvia,LVA,1973,1.946,,2415721.0,Europe
28543,Latvia,LVA,1974,1.978,,2436949.0,Europe
28544,Latvia,LVA,1975,1.948,,2455734.0,Europe
28545,Latvia,LVA,1976,1.912,,2470490.0,Europe
28546,Latvia,LVA,1977,1.87,,2484565.0,Europe
28547,Latvia,LVA,1978,1.848,,2497314.0,Europe
28548,Latvia,LVA,1979,1.85,,2505470.0,Europe
28549,Latvia,LVA,1980,1.876,,2511701.0,Europe
28550,Latvia,LVA,1981,1.874,,2519923.0,Europe
28551,Latvia,LVA,1982,1.953,,2531961.0,Europe
28552,Latvia,LVA,1983,2.097,,2546934.0,Europe
28553,Latvia,LVA,1984,2.112,,2562721.0,Europe
28554,Latvia,LVA,1985,2.061,,2579184.0,Europe
28555,Latvia,LVA,1986,2.173,,2599736.0,Europe
28556,Latvia,LVA,1987,2.179,,2625912.0,Europe
28557,Latvia,LVA,1988,2.14,,2652204.0,Europe
28558,Latvia,LVA,1989,2.029,,2664789.0,Europe
28559,Latvia,LVA,1990,1.987,,2660082.0,Europe
28560,Latvia,LVA,1991,1.844,,2648888.0,Europe
28561,Latvia,LVA,1992,1.72,,2614781.0,Europe
28562,Latvia,LVA,1993,1.503,,2563756.0,Europe
28563,Latvia,LVA,1994,1.384,,2521185.0,Europe
28564,Latvia,LVA,1995,1.252,,2485908.0,Europe
28565,Latvia,LVA,1996,1.161,,2457860.0,Europe
28566,Latvia,LVA,1997,1.117,,2433188.0,Europe
28567,Latvia,LVA,1998,1.104,,2410168.0,Europe
28568,Latvia,LVA,1999,1.171,,2390772.0,Europe
28569,Latvia,LVA,2000,1.244,,2368275.0,Europe
28570,Latvia,LVA,2001,1.223,,2338248.0,Europe
28571,Latvia,LVA,2002,1.258,,2311303.0,Europe
28572,Latvia,LVA,2003,1.322,,2288934.0,Europe
28573,Latvia,LVA,2004,1.297,,2264130.0,Europe
28574,Latvia,LVA,2005,1.389,,2239738.0,Europe
28575,Latvia,LVA,2006,1.464,,2218989.0,Europe
28576,Latvia,LVA,2007,1.542,,2200711.0,Europe
28577,Latvia,LVA,2008,1.585,,2177658.0,Europe
28578,Latvia,LVA,2009,1.472,,2141988.0,Europe
28579,Latvia,LVA,2010,1.367,,2097787.0,Europe
28580,Latvia,LVA,2011,1.343,,2059892.0,Europe
28581,Latvia,LVA,2012,1.444,,2034577.0,Europe
28582,Latvia,LVA,2013,1.527,,2012960.0,Europe
28583,Latvia,LVA,2014,1.646,,1994096.0,Europe
28584,Latvia,LVA,2015,1.706,11.87,1977815.0,Europe
28585,Latvia,LVA,2016,1.742,,1959817.0,Europe
28586,Latvia,LVA,2017,1.698,,1942550.0,Europe
28587,Latvia,LVA,2018,1.612,,1927526.0,Europe
28588,Latvia,LVA,2019,1.609,,1914220.0,Europe
28589,Latvia,LVA,2020,1.546,12.0,1901069.0,Europe
28858,Lebanon,LBN,1950,5.805,,1349304.0,Asia
28859,Lebanon,LBN,1951,5.805,,1387523.0,Asia
28860,Lebanon,LBN,1952,5.799,,1427043.0,Asia
28861,Lebanon,LBN,1953,5.805,,1467975.0,Asia
28862,Lebanon,LBN,1954,5.806,,1510368.0,Asia
28863,Lebanon,LBN,1955,5.811,,1554022.0,Asia
28864,Lebanon,LBN,1956,5.812,,1599096.0,Asia
28865,Lebanon,LBN,1957,5.809,,1645878.0,Asia
28866,Lebanon,LBN,1958,5.817,,1693504.0,Asia
28867,Lebanon,LBN,1959,5.841,,1742737.0,Asia
28868,Lebanon,LBN,1960,5.877,,1794359.0,Asia
28869,Lebanon,LBN,1961,5.891,,1850047.0,Asia
28870,Lebanon,LBN,1962,5.902,,1909537.0,Asia
28871,Lebanon,LBN,1963,5.905,,1970281.0,Asia
28872,Lebanon,LBN,1964,5.851,,2030493.0,Asia
28873,Lebanon,LBN,1965,5.768,,2088787.0,Asia
28874,Lebanon,LBN,1966,5.677,,2148206.0,Asia
28875,Lebanon,LBN,1967,5.569,,2206687.0,Asia
28876,Lebanon,LBN,1968,5.448,,2266324.0,Asia
28877,Lebanon,LBN,1969,5.316,,2328117.0,Asia
28878,Lebanon,LBN,1970,5.188,,2386070.0,Asia
28879,Lebanon,LBN,1971,5.05,,2446279.0,Asia
28880,Lebanon,LBN,1972,4.912,,2509677.0,Asia
28881,Lebanon,LBN,1973,4.79,,2572890.0,Asia
28882,Lebanon,LBN,1974,4.654,,2635143.0,Asia
28883,Lebanon,LBN,1975,4.521,,2693143.0,Asia
28884,Lebanon,LBN,1976,4.394,,2726428.0,Asia
28885,Lebanon,LBN,1977,4.279,,2762111.0,Asia
28886,Lebanon,LBN,1978,4.176,,2822635.0,Asia
28887,Lebanon,LBN,1979,4.077,,2882584.0,Asia
28888,Lebanon,LBN,1980,4.011,,2944724.0,Asia
28889,Lebanon,LBN,1981,3.953,,3008938.0,Asia
28890,Lebanon,LBN,1982,3.855,,3054871.0,Asia
28891,Lebanon,LBN,1983,3.734,,3094955.0,Asia
28892,Lebanon,LBN,1984,3.658,,3152695.0,Asia
28893,Lebanon,LBN,1985,3.533,,3217325.0,Asia
28894,Lebanon,LBN,1986,3.466,,3300333.0,Asia
28895,Lebanon,LBN,1987,3.42,,3385511.0,Asia
28896,Lebanon,LBN,1988,3.392,,3454594.0,Asia
28897,Lebanon,LBN,1989,3.363,,3525236.0,Asia
28898,Lebanon,LBN,1990,3.268,,3595125.0,Asia
28899,Lebanon,LBN,1991,3.162,,3668859.0,Asia
28900,Lebanon,LBN,1992,3.052,,3747321.0,Asia
28901,Lebanon,LBN,1993,2.937,,3820609.0,Asia
28902,Lebanon,LBN,1994,2.823,,3889755.0,Asia
28903,Lebanon,LBN,1995,2.725,,3960693.0,Asia
28904,Lebanon,LBN,1996,2.698,,4034739.0,Asia
28905,Lebanon,LBN,1997,2.667,,4108361.0,Asia
28906,Lebanon,LBN,1998,2.648,,4181235.0,Asia
28907,Lebanon,LBN,1999,2.631,,4255224.0,Asia
28908,Lebanon,LBN,2000,2.6,,4329297.0,Asia
28909,Lebanon,LBN,2001,2.576,,4401866.0,Asia
28910,Lebanon,LBN,2002,2.523,,4463453.0,Asia
28911,Lebanon,LBN,2003,2.457,,4525463.0,Asia
28912,Lebanon,LBN,2004,2.378,,4599237.0,Asia
28913,Lebanon,LBN,2005,2.291,,4671056.0,Asia
28914,Lebanon,LBN,2006,2.244,,4751095.0,Asia
28915,Lebanon,LBN,2007,2.201,,4844067.0,Asia
28916,Lebanon,LBN,2008,2.172,,4925314.0,Asia
28917,Lebanon,LBN,2009,2.191,,4992245.0,Asia
28918,Lebanon,LBN,2010,2.256,,5041242.0,Asia
28919,Lebanon,LBN,2011,2.32,,5095962.0,Asia
28920,Lebanon,LBN,2012,2.345,,5235690.0,Asia
28921,Lebanon,LBN,2013,2.361,,5743385.0,Asia
28922,Lebanon,LBN,2014,2.375,,6346950.0,Asia
28923,Lebanon,LBN,2015,2.382,,6472422.0,Asia
28924,Lebanon,LBN,2016,2.39,,6323015.0,Asia
28925,Lebanon,LBN,2017,2.372,,6160085.0,Asia
28926,Lebanon,LBN,2018,2.347,,5984064.0,Asia
28927,Lebanon,LBN,2019,2.327,,5794550.0,Asia
28928,Lebanon,LBN,2020,2.308,,5702353.0,Asia
29119,Lesotho,LSO,1950,5.701,2.81,579511.0,Africa
29120,Lesotho,LSO,1951,5.721,,590223.0,Africa
29121,Lesotho,LSO,1952,5.733,,601898.0,Africa
29122,Lesotho,LSO,1953,5.745,,614426.0,Africa
29123,Lesotho,LSO,1954,5.785,,627846.0,Africa
29124,Lesotho,LSO,1955,5.786,3.15,642141.0,Africa
29125,Lesotho,LSO,1956,5.791,,657264.0,Africa
29126,Lesotho,LSO,1957,5.791,,674623.0,Africa
29127,Lesotho,LSO,1958,5.791,,694285.0,Africa
29128,Lesotho,LSO,1959,5.787,,714907.0,Africa
29129,Lesotho,LSO,1960,5.784,3.42,736472.0,Africa
29130,Lesotho,LSO,1961,5.785,,758791.0,Africa
29131,Lesotho,LSO,1962,5.787,,781776.0,Africa
29132,Lesotho,LSO,1963,5.776,,805328.0,Africa
29133,Lesotho,LSO,1964,5.765,,829386.0,Africa
29134,Lesotho,LSO,1965,5.772,3.78,854040.0,Africa
29135,Lesotho,LSO,1966,5.756,,881838.0,Africa
29136,Lesotho,LSO,1967,5.745,,913943.0,Africa
29137,Lesotho,LSO,1968,5.725,,948059.0,Africa
29138,Lesotho,LSO,1969,5.704,,983158.0,Africa
29139,Lesotho,LSO,1970,5.698,4.15,1019231.0,Africa
29140,Lesotho,LSO,1971,5.696,,1056200.0,Africa
29141,Lesotho,LSO,1972,5.694,,1094018.0,Africa
29142,Lesotho,LSO,1973,5.688,,1132651.0,Africa
29143,Lesotho,LSO,1974,5.753,,1172365.0,Africa
29144,Lesotho,LSO,1975,5.825,4.66,1213603.0,Africa
29145,Lesotho,LSO,1976,5.871,,1253163.0,Africa
29146,Lesotho,LSO,1977,5.848,,1289923.0,Africa
29147,Lesotho,LSO,1978,5.823,,1327195.0,Africa
29148,Lesotho,LSO,1979,5.789,,1366125.0,Africa
29149,Lesotho,LSO,1980,5.746,5.09,1406479.0,Africa
29150,Lesotho,LSO,1981,5.694,,1448026.0,Africa
29151,Lesotho,LSO,1982,5.632,,1490680.0,Africa
29152,Lesotho,LSO,1983,5.56,,1534358.0,Africa
29153,Lesotho,LSO,1984,5.478,,1578947.0,Africa
29154,Lesotho,LSO,1985,5.401,5.49,1624329.0,Africa
29155,Lesotho,LSO,1986,5.317,,1666089.0,Africa
29156,Lesotho,LSO,1987,5.222,,1703345.0,Africa
29157,Lesotho,LSO,1988,5.104,,1739796.0,Africa
29158,Lesotho,LSO,1989,4.964,,1775386.0,Africa
29159,Lesotho,LSO,1990,4.813,5.98,1809647.0,Africa
29160,Lesotho,LSO,1991,4.681,,1842330.0,Africa
29161,Lesotho,LSO,1992,4.541,,1873226.0,Africa
29162,Lesotho,LSO,1993,4.365,,1901753.0,Africa
29163,Lesotho,LSO,1994,4.21,,1927659.0,Africa
29164,Lesotho,LSO,1995,4.125,6.57,1951400.0,Africa
29165,Lesotho,LSO,1996,4.058,,1972379.0,Africa
29166,Lesotho,LSO,1997,3.982,,1988090.0,Africa
29167,Lesotho,LSO,1998,3.815,,1998000.0,Africa
29168,Lesotho,LSO,1999,3.67,,2003174.0,Africa
29169,Lesotho,LSO,2000,3.605,7.18,2003862.0,Africa
29170,Lesotho,LSO,2001,3.63,,2000816.0,Africa
29171,Lesotho,LSO,2002,3.682,,1994629.0,Africa
29172,Lesotho,LSO,2003,3.619,,1985004.0,Africa
29173,Lesotho,LSO,2004,3.508,,1971085.0,Africa
29174,Lesotho,LSO,2005,3.428,7.97,1953032.0,Africa
29175,Lesotho,LSO,2006,3.414,,1945025.0,Africa
29176,Lesotho,LSO,2007,3.442,,1953221.0,Africa
29177,Lesotho,LSO,2008,3.392,,1966490.0,Africa
29178,Lesotho,LSO,2009,3.309,,1980846.0,Africa
29179,Lesotho,LSO,2010,3.25,6.85,1996200.0,Africa
29180,Lesotho,LSO,2011,3.343,,2013964.0,Africa
29181,Lesotho,LSO,2012,3.296,,2034316.0,Africa
29182,Lesotho,LSO,2013,3.283,,2056448.0,Africa
29183,Lesotho,LSO,2014,3.239,,2080036.0,Africa
29184,Lesotho,LSO,2015,3.217,7.13,2104564.0,Africa
29185,Lesotho,LSO,2016,3.18,,2130371.0,Africa
29186,Lesotho,LSO,2017,3.105,,2157068.0,Africa
29187,Lesotho,LSO,2018,3.016,,2183564.0,Africa
29188,Lesotho,LSO,2019,2.924,,2209365.0,Africa
29189,Lesotho,LSO,2020,2.846,7.56,2235679.0,Africa
29606,Liberia,LBR,1950,6.001,0.28,918863.0,Africa
29607,Liberia,LBR,1951,6.043,,936370.0,Africa
29608,Liberia,LBR,1952,6.087,,954940.0,Africa
29609,Liberia,LBR,1953,6.124,,974347.0,Africa
29610,Liberia,LBR,1954,6.161,,994725.0,Africa
29611,Liberia,LBR,1955,6.191,0.3,1016347.0,Africa
29612,Liberia,LBR,1956,6.238,,1039107.0,Africa
29613,Liberia,LBR,1957,6.28,,1062898.0,Africa
29614,Liberia,LBR,1958,6.306,,1087211.0,Africa
29615,Liberia,LBR,1959,6.353,,1112512.0,Africa
29616,Liberia,LBR,1960,6.391,0.34,1139478.0,Africa
29617,Liberia,LBR,1961,6.446,,1167677.0,Africa
29618,Liberia,LBR,1962,6.504,,1196998.0,Africa
29619,Liberia,LBR,1963,6.556,,1227376.0,Africa
29620,Liberia,LBR,1964,6.585,,1258696.0,Africa
29621,Liberia,LBR,1965,6.617,0.46,1291117.0,Africa
29622,Liberia,LBR,1966,6.628,,1324342.0,Africa
29623,Liberia,LBR,1967,6.65,,1358384.0,Africa
29624,Liberia,LBR,1968,6.657,,1393482.0,Africa
29625,Liberia,LBR,1969,6.644,,1429574.0,Africa
29626,Liberia,LBR,1970,6.578,0.59,1466629.0,Africa
29627,Liberia,LBR,1971,6.542,,1504025.0,Africa
29628,Liberia,LBR,1972,6.599,,1542617.0,Africa
29629,Liberia,LBR,1973,6.651,,1583551.0,Africa
29630,Liberia,LBR,1974,6.691,,1626319.0,Africa
29631,Liberia,LBR,1975,6.744,0.84,1670873.0,Africa
29632,Liberia,LBR,1976,6.793,,1717031.0,Africa
29633,Liberia,LBR,1977,6.841,,1765980.0,Africa
29634,Liberia,LBR,1978,6.884,,1818207.0,Africa
29635,Liberia,LBR,1979,6.919,,1872659.0,Africa
29636,Liberia,LBR,1980,6.872,1.13,1929210.0,Africa
29637,Liberia,LBR,1981,6.834,,1986808.0,Africa
29638,Liberia,LBR,1982,6.788,,2045033.0,Africa
29639,Liberia,LBR,1983,6.76,,2107066.0,Africa
29640,Liberia,LBR,1984,6.728,,2173269.0,Africa
29641,Liberia,LBR,1985,6.693,1.45,2240506.0,Africa
29642,Liberia,LBR,1986,6.638,,2308469.0,Africa
29643,Liberia,LBR,1987,6.572,,2377182.0,Africa
29644,Liberia,LBR,1988,6.507,,2446894.0,Africa
29645,Liberia,LBR,1989,6.434,,2517803.0,Africa
29646,Liberia,LBR,1990,6.37,1.73,2223612.0,Africa
29647,Liberia,LBR,1991,6.323,,1956479.0,Africa
29648,Liberia,LBR,1992,6.277,,2072424.0,Africa
29649,Liberia,LBR,1993,6.246,,2155082.0,Africa
29650,Liberia,LBR,1994,6.21,,2149886.0,Africa
29651,Liberia,LBR,1995,6.173,1.81,2169123.0,Africa
29652,Liberia,LBR,1996,6.129,,2232235.0,Africa
29653,Liberia,LBR,1997,6.079,,2412950.0,Africa
29654,Liberia,LBR,1998,6.017,,2670081.0,Africa
29655,Liberia,LBR,1999,5.953,,2821636.0,Africa
29656,Liberia,LBR,2000,5.875,2.14,2928076.0,Africa
29657,Liberia,LBR,2001,5.774,,3015303.0,Africa
29658,Liberia,LBR,2002,5.653,,3094739.0,Africa
29659,Liberia,LBR,2003,5.547,,3119476.0,Africa
29660,Liberia,LBR,2004,5.506,,3156848.0,Africa
29661,Liberia,LBR,2005,5.519,2.58,3300982.0,Africa
29662,Liberia,LBR,2006,5.53,,3490739.0,Africa
29663,Liberia,LBR,2007,5.462,,3669008.0,Africa
29664,Liberia,LBR,2008,5.328,,3820959.0,Africa
29665,Liberia,LBR,2009,5.174,,3942987.0,Africa
29666,Liberia,LBR,2010,5.058,3.16,4058844.0,Africa
29667,Liberia,LBR,2011,4.97,,4221132.0,Africa
29668,Liberia,LBR,2012,4.881,,4373007.0,Africa
29669,Liberia,LBR,2013,4.749,,4470187.0,Africa
29670,Liberia,LBR,2014,4.622,,4564257.0,Africa
29671,Liberia,LBR,2015,4.523,4.07,4659399.0,Africa
29672,Liberia,LBR,2016,4.461,,4755560.0,Africa
29673,Liberia,LBR,2017,4.396,,4848875.0,Africa
29674,Liberia,LBR,2018,4.336,,4944685.0,Africa
29675,Liberia,LBR,2019,4.257,,5043670.0,Africa
29676,Liberia,LBR,2020,4.174,5.08,5149439.0,Africa
29871,Libya,LBY,1950,7.009,0.03,1131426.0,Africa
29872,Libya,LBY,1951,7.03,,1145342.0,Africa
29873,Libya,LBY,1952,7.052,,1162431.0,Africa
29874,Libya,LBY,1953,7.126,,1183252.0,Africa
29875,Libya,LBY,1954,7.184,,1208130.0,Africa
29876,Libya,LBY,1955,7.241,0.05,1241342.0,Africa
29877,Libya,LBY,1956,7.289,,1282910.0,Africa
29878,Libya,LBY,1957,7.347,,1328802.0,Africa
29879,Libya,LBY,1958,7.404,,1379163.0,Africa
29880,Libya,LBY,1959,7.455,,1433916.0,Africa
29881,Libya,LBY,1960,7.509,0.09,1492852.0,Africa
29882,Libya,LBY,1961,7.556,,1555656.0,Africa
29883,Libya,LBY,1962,7.61,,1621904.0,Africa
29884,Libya,LBY,1963,7.685,,1690418.0,Africa
29885,Libya,LBY,1964,7.752,,1753646.0,Africa
29886,Libya,LBY,1965,7.823,0.21,1803974.0,Africa
29887,Libya,LBY,1966,7.891,,1849017.0,Africa
29888,Libya,LBY,1967,7.932,,1898162.0,Africa
29889,Libya,LBY,1968,7.974,,1952755.0,Africa
29890,Libya,LBY,1969,8.011,,2014244.0,Africa
29891,Libya,LBY,1970,8.048,0.42,2082553.0,Africa
29892,Libya,LBY,1971,8.096,,2153491.0,Africa
29893,Libya,LBY,1972,8.073,,2226054.0,Africa
29894,Libya,LBY,1973,8.047,,2314150.0,Africa
29895,Libya,LBY,1974,8.02,,2432170.0,Africa
29896,Libya,LBY,1975,7.977,0.9,2571507.0,Africa
29897,Libya,LBY,1976,7.932,,2721196.0,Africa
29898,Libya,LBY,1977,7.872,,2881494.0,Africa
29899,Libya,LBY,1978,7.789,,3052484.0,Africa
29900,Libya,LBY,1979,7.68,,3233799.0,Africa
29901,Libya,LBY,1980,7.543,2.29,3424331.0,Africa
29902,Libya,LBY,1981,7.371,,3621441.0,Africa
29903,Libya,LBY,1982,7.162,,3724722.0,Africa
29904,Libya,LBY,1983,6.91,,3718916.0,Africa
29905,Libya,LBY,1984,6.622,,3773594.0,Africa
29906,Libya,LBY,1985,6.328,3.75,3898702.0,Africa
29907,Libya,LBY,1986,6.022,,4017358.0,Africa
29908,Libya,LBY,1987,5.718,,4129694.0,Africa
29909,Libya,LBY,1988,5.41,,4237705.0,Africa
29910,Libya,LBY,1989,5.091,,4342874.0,Africa
29911,Libya,LBY,1990,4.776,4.79,4445195.0,Africa
29912,Libya,LBY,1991,4.461,,4544355.0,Africa
29913,Libya,LBY,1992,4.162,,4640308.0,Africa
29914,Libya,LBY,1993,3.883,,4733004.0,Africa
29915,Libya,LBY,1994,3.649,,4822003.0,Africa
29916,Libya,LBY,1995,3.442,5.8,4906800.0,Africa
29917,Libya,LBY,1996,3.256,,4987359.0,Africa
29918,Libya,LBY,1997,3.132,,5064597.0,Africa
29919,Libya,LBY,1998,3.043,,5140658.0,Africa
29920,Libya,LBY,1999,2.972,,5217988.0,Africa
29921,Libya,LBY,2000,2.906,7.23,5304966.0,Africa
29922,Libya,LBY,2001,2.866,,5403582.0,Africa
29923,Libya,LBY,2002,2.831,,5508364.0,Africa
29924,Libya,LBY,2003,2.797,,5619351.0,Africa
29925,Libya,LBY,2004,2.773,,5736648.0,Africa
29926,Libya,LBY,2005,2.765,8.45,5858740.0,Africa
29927,Libya,LBY,2006,2.699,,5980165.0,Africa
29928,Libya,LBY,2007,2.648,,6104333.0,Africa
29929,Libya,LBY,2008,2.599,,6235390.0,Africa
29930,Libya,LBY,2009,2.556,,6366647.0,Africa
29931,Libya,LBY,2010,2.603,9.42,6497778.0,Africa
29932,Libya,LBY,2011,2.646,,6343162.0,Africa
29933,Libya,LBY,2012,2.68,,6179281.0,Africa
29934,Libya,LBY,2013,2.716,,6304591.0,Africa
29935,Libya,LBY,2014,2.754,,6427214.0,Africa
29936,Libya,LBY,2015,2.711,10.3,6531779.0,Africa
29937,Libya,LBY,2016,2.673,,6632080.0,Africa
29938,Libya,LBY,2017,2.626,,6738721.0,Africa
29939,Libya,LBY,2018,2.581,,6849014.0,Africa
29940,Libya,LBY,2019,2.539,,6950993.0,Africa
29941,Libya,LBY,2020,2.507,11.03,7045359.0,Africa
30136,Liechtenstein,LIE,1950,2.712,,13747.0,Europe
30137,Liechtenstein,LIE,1951,2.77,,13978.0,Europe
30138,Liechtenstein,LIE,1952,2.738,,14201.0,Europe
30139,Liechtenstein,LIE,1953,2.716,,14446.0,Europe
30140,Liechtenstein,LIE,1954,2.698,,14695.0,Europe
30141,Liechtenstein,LIE,1955,2.698,,14953.0,Europe
30142,Liechtenstein,LIE,1956,2.725,,15230.0,Europe
30143,Liechtenstein,LIE,1957,2.761,,15518.0,Europe
30144,Liechtenstein,LIE,1958,2.795,,15827.0,Europe
30145,Liechtenstein,LIE,1959,2.786,,16150.0,Europe
30146,Liechtenstein,LIE,1960,2.779,,16473.0,Europe
30147,Liechtenstein,LIE,1961,2.778,,16835.0,Europe
30148,Liechtenstein,LIE,1962,2.798,,17245.0,Europe
30149,Liechtenstein,LIE,1963,2.851,,17675.0,Europe
30150,Liechtenstein,LIE,1964,2.919,,18127.0,Europe
30151,Liechtenstein,LIE,1965,2.963,,18586.0,Europe
30152,Liechtenstein,LIE,1966,2.779,,19055.0,Europe
30153,Liechtenstein,LIE,1967,2.477,,19534.0,Europe
30154,Liechtenstein,LIE,1968,2.217,,20063.0,Europe
30155,Liechtenstein,LIE,1969,2.135,,20607.0,Europe
30156,Liechtenstein,LIE,1970,2.093,,21127.0,Europe
30157,Liechtenstein,LIE,1971,2.033,,21570.0,Europe
30158,Liechtenstein,LIE,1972,1.983,,21983.0,Europe
30159,Liechtenstein,LIE,1973,1.936,,22382.0,Europe
30160,Liechtenstein,LIE,1974,1.904,,22786.0,Europe
30161,Liechtenstein,LIE,1975,1.897,,23180.0,Europe
30162,Liechtenstein,LIE,1976,1.909,,23577.0,Europe
30163,Liechtenstein,LIE,1977,1.92,,23953.0,Europe
30164,Liechtenstein,LIE,1978,1.9,,24324.0,Europe
30165,Liechtenstein,LIE,1979,1.673,,24707.0,Europe
30166,Liechtenstein,LIE,1980,1.696,,25068.0,Europe
30167,Liechtenstein,LIE,1981,1.688,,25443.0,Europe
30168,Liechtenstein,LIE,1982,1.606,,25832.0,Europe
30169,Liechtenstein,LIE,1983,1.529,,26215.0,Europe
30170,Liechtenstein,LIE,1984,1.508,,26609.0,Europe
30171,Liechtenstein,LIE,1985,1.495,,26982.0,Europe
30172,Liechtenstein,LIE,1986,1.479,,27359.0,Europe
30173,Liechtenstein,LIE,1987,1.496,,27743.0,Europe
30174,Liechtenstein,LIE,1988,1.496,,28120.0,Europe
30175,Liechtenstein,LIE,1989,1.501,,28509.0,Europe
30176,Liechtenstein,LIE,1990,1.501,,28873.0,Europe
30177,Liechtenstein,LIE,1991,1.5,,29259.0,Europe
30178,Liechtenstein,LIE,1992,1.477,,29709.0,Europe
30179,Liechtenstein,LIE,1993,1.454,,30151.0,Europe
30180,Liechtenstein,LIE,1994,1.442,,30576.0,Europe
30181,Liechtenstein,LIE,1995,1.435,,31008.0,Europe
30182,Liechtenstein,LIE,1996,1.516,,31451.0,Europe
30183,Liechtenstein,LIE,1997,1.569,,31874.0,Europe
30184,Liechtenstein,LIE,1998,1.586,,32292.0,Europe
30185,Liechtenstein,LIE,1999,1.604,,32713.0,Europe
30186,Liechtenstein,LIE,2000,1.573,,33091.0,Europe
30187,Liechtenstein,LIE,2001,1.524,,33419.0,Europe
30188,Liechtenstein,LIE,2002,1.468,,33724.0,Europe
30189,Liechtenstein,LIE,2003,1.373,,34036.0,Europe
30190,Liechtenstein,LIE,2004,1.439,,34362.0,Europe
30191,Liechtenstein,LIE,2005,1.487,,34681.0,Europe
30192,Liechtenstein,LIE,2006,1.428,,34950.0,Europe
30193,Liechtenstein,LIE,2007,1.421,,35199.0,Europe
30194,Liechtenstein,LIE,2008,1.442,,35424.0,Europe
30195,Liechtenstein,LIE,2009,1.68,,35693.0,Europe
30196,Liechtenstein,LIE,2010,1.435,,35977.0,Europe
30197,Liechtenstein,LIE,2011,1.662,,36246.0,Europe
30198,Liechtenstein,LIE,2012,1.514,,36571.0,Europe
30199,Liechtenstein,LIE,2013,1.462,,36878.0,Europe
30200,Liechtenstein,LIE,2014,1.57,,37155.0,Europe
30201,Liechtenstein,LIE,2015,1.425,,37374.0,Europe
30202,Liechtenstein,LIE,2016,1.59,,37589.0,Europe
30203,Liechtenstein,LIE,2017,1.458,,37825.0,Europe
30204,Liechtenstein,LIE,2018,1.564,,38103.0,Europe
30205,Liechtenstein,LIE,2019,1.483,,38422.0,Europe
30206,Liechtenstein,LIE,2020,1.461,,38753.0,Europe
30397,Lithuania,LTU,1950,2.713,,2432951.0,Europe
30398,Lithuania,LTU,1951,2.704,,2458777.0,Europe
30399,Lithuania,LTU,1952,2.662,,2486359.0,Europe
30400,Lithuania,LTU,1953,2.614,,2515072.0,Europe
30401,Lithuania,LTU,1954,2.575,,2544654.0,Europe
30402,Lithuania,LTU,1955,2.567,,2575257.0,Europe
30403,Lithuania,LTU,1956,2.584,,2607289.0,Europe
30404,Lithuania,LTU,1957,2.628,,2641711.0,Europe
30405,Lithuania,LTU,1958,2.651,,2678892.0,Europe
30406,Lithuania,LTU,1959,2.63,,2722629.0,Europe
30407,Lithuania,LTU,1960,2.622,,2769052.0,Europe
30408,Lithuania,LTU,1961,2.613,,2812551.0,Europe
30409,Lithuania,LTU,1962,2.471,,2853247.0,Europe
30410,Lithuania,LTU,1963,2.35,,2891037.0,Europe
30411,Lithuania,LTU,1964,2.304,,2928809.0,Europe
30412,Lithuania,LTU,1965,2.234,,2965212.0,Europe
30413,Lithuania,LTU,1966,2.265,,3000307.0,Europe
30414,Lithuania,LTU,1967,2.268,,3035338.0,Europe
30415,Lithuania,LTU,1968,2.309,,3070211.0,Europe
30416,Lithuania,LTU,1969,2.328,,3103367.0,Europe
30417,Lithuania,LTU,1970,2.396,,3135819.0,Europe
30418,Lithuania,LTU,1971,2.414,,3170669.0,Europe
30419,Lithuania,LTU,1972,2.346,,3204857.0,Europe
30420,Lithuania,LTU,1973,2.224,,3236175.0,Europe
30421,Lithuania,LTU,1974,2.206,,3266314.0,Europe
30422,Lithuania,LTU,1975,2.175,,3295686.0,Europe
30423,Lithuania,LTU,1976,2.167,,3324518.0,Europe
30424,Lithuania,LTU,1977,2.13,,3353200.0,Europe
30425,Lithuania,LTU,1978,2.081,,3380031.0,Europe
30426,Lithuania,LTU,1979,2.045,,3404702.0,Europe
30427,Lithuania,LTU,1980,1.999,,3428364.0,Europe
30428,Lithuania,LTU,1981,1.989,,3452271.0,Europe
30429,Lithuania,LTU,1982,1.984,,3477532.0,Europe
30430,Lithuania,LTU,1983,2.116,,3505382.0,Europe
30431,Lithuania,LTU,1984,2.09,,3534062.0,Europe
30432,Lithuania,LTU,1985,2.097,,3562346.0,Europe
30433,Lithuania,LTU,1986,2.131,,3593726.0,Europe
30434,Lithuania,LTU,1987,2.11,,3627319.0,Europe
30435,Lithuania,LTU,1988,2.014,,3672594.0,Europe
30436,Lithuania,LTU,1989,1.986,,3696048.0,Europe
30437,Lithuania,LTU,1990,2.031,,3694967.0,Europe
30438,Lithuania,LTU,1991,2.013,,3701357.0,Europe
30439,Lithuania,LTU,1992,1.97,,3697504.0,Europe
30440,Lithuania,LTU,1993,1.741,,3680148.0,Europe
30441,Lithuania,LTU,1994,1.577,,3654839.0,Europe
30442,Lithuania,LTU,1995,1.552,,3626997.0,Europe
30443,Lithuania,LTU,1996,1.495,,3599662.0,Europe
30444,Lithuania,LTU,1997,1.468,,3573364.0,Europe
30445,Lithuania,LTU,1998,1.458,,3547722.0,Europe
30446,Lithuania,LTU,1999,1.456,,3522856.0,Europe
30447,Lithuania,LTU,2000,1.383,,3500358.0,Europe
30448,Lithuania,LTU,2001,1.281,,3472957.0,Europe
30449,Lithuania,LTU,2002,1.231,,3444001.0,Europe
30450,Lithuania,LTU,2003,1.26,,3415225.0,Europe
30451,Lithuania,LTU,2004,1.271,,3376654.0,Europe
30452,Lithuania,LTU,2005,1.291,,3322225.0,Europe
30453,Lithuania,LTU,2006,1.322,,3269761.0,Europe
30454,Lithuania,LTU,2007,1.359,,3231322.0,Europe
30455,Lithuania,LTU,2008,1.444,,3198432.0,Europe
30456,Lithuania,LTU,2009,1.499,,3163204.0,Europe
30457,Lithuania,LTU,2010,1.499,,3097660.0,Europe
30458,Lithuania,LTU,2011,1.548,,3028588.0,Europe
30459,Lithuania,LTU,2012,1.591,,2988281.0,Europe
30460,Lithuania,LTU,2013,1.583,,2958306.0,Europe
30461,Lithuania,LTU,2014,1.628,,2933118.0,Europe
30462,Lithuania,LTU,2015,1.705,12.63,2905726.0,Europe
30463,Lithuania,LTU,2016,1.692,,2869051.0,Europe
30464,Lithuania,LTU,2017,1.633,,2829273.0,Europe
30465,Lithuania,LTU,2018,1.635,,2802430.0,Europe
30466,Lithuania,LTU,2019,1.61,,2795011.0,Europe
30467,Lithuania,LTU,2020,1.487,12.66,2795711.0,Europe
31184,Luxembourg,LUX,1950,1.96,3.53,296536.0,Europe
31185,Luxembourg,LUX,1951,1.989,,298106.0,Europe
31186,Luxembourg,LUX,1952,2.129,,299863.0,Europe
31187,Luxembourg,LUX,1953,2.129,,301643.0,Europe
31188,Luxembourg,LUX,1954,2.181,,303437.0,Europe
31189,Luxembourg,LUX,1955,2.165,4.19,305274.0,Europe
31190,Luxembourg,LUX,1956,2.103,,306907.0,Europe
31191,Luxembourg,LUX,1957,2.156,,308398.0,Europe
31192,Luxembourg,LUX,1958,2.168,,309993.0,Europe
31193,Luxembourg,LUX,1959,2.208,,312004.0,Europe
31194,Luxembourg,LUX,1960,2.28,4.74,313842.0,Europe
31195,Luxembourg,LUX,1961,2.331,,316299.0,Europe
31196,Luxembourg,LUX,1962,2.337,,319617.0,Europe
31197,Luxembourg,LUX,1963,2.32,,322811.0,Europe
31198,Luxembourg,LUX,1964,2.362,,326181.0,Europe
31199,Luxembourg,LUX,1965,2.397,5.64,329660.0,Europe
31200,Luxembourg,LUX,1966,2.345,,333033.0,Europe
31201,Luxembourg,LUX,1967,2.236,,335480.0,Europe
31202,Luxembourg,LUX,1968,2.12,,336959.0,Europe
31203,Luxembourg,LUX,1969,2.02,,338222.0,Europe
31204,Luxembourg,LUX,1970,1.973,6.63,339296.0,Europe
31205,Luxembourg,LUX,1971,1.947,,341908.0,Europe
31206,Luxembourg,LUX,1972,1.747,,346031.0,Europe
31207,Luxembourg,LUX,1973,1.584,,349160.0,Europe
31208,Luxembourg,LUX,1974,1.585,,351382.0,Europe
31209,Luxembourg,LUX,1975,1.561,7.6,353632.0,Europe
31210,Luxembourg,LUX,1976,1.5,,355830.0,Europe
31211,Luxembourg,LUX,1977,1.509,,358200.0,Europe
31212,Luxembourg,LUX,1978,1.49,,361013.0,Europe
31213,Luxembourg,LUX,1979,1.479,,362853.0,Europe
31214,Luxembourg,LUX,1980,1.496,8.02,363664.0,Europe
31215,Luxembourg,LUX,1981,1.548,,364439.0,Europe
31216,Luxembourg,LUX,1982,1.49,,365014.0,Europe
31217,Luxembourg,LUX,1983,1.439,,365447.0,Europe
31218,Luxembourg,LUX,1984,1.424,,365859.0,Europe
31219,Luxembourg,LUX,1985,1.386,8.34,366611.0,Europe
31220,Luxembourg,LUX,1986,1.429,,368353.0,Europe
31221,Luxembourg,LUX,1987,1.408,,370738.0,Europe
31222,Luxembourg,LUX,1988,1.51,,373745.0,Europe
31223,Luxembourg,LUX,1989,1.528,,377329.0,Europe
31224,Luxembourg,LUX,1990,1.602,8.85,381666.0,Europe
31225,Luxembourg,LUX,1991,1.613,,386773.0,Europe
31226,Luxembourg,LUX,1992,1.651,,391922.0,Europe
31227,Luxembourg,LUX,1993,1.706,,397153.0,Europe
31228,Luxembourg,LUX,1994,1.725,,402544.0,Europe
31229,Luxembourg,LUX,1995,1.705,9.25,408185.0,Europe
31230,Luxembourg,LUX,1996,1.768,,413725.0,Europe
31231,Luxembourg,LUX,1997,1.719,,418919.0,Europe
31232,Luxembourg,LUX,1998,1.687,,424106.0,Europe
31233,Luxembourg,LUX,1999,1.744,,429855.0,Europe
31234,Luxembourg,LUX,2000,1.761,9.67,436090.0,Europe
31235,Luxembourg,LUX,2001,1.662,,441701.0,Europe
31236,Luxembourg,LUX,2002,1.629,,446348.0,Europe
31237,Luxembourg,LUX,2003,1.62,,451802.0,Europe
31238,Luxembourg,LUX,2004,1.657,,458256.0,Europe
31239,Luxembourg,LUX,2005,1.631,10.31,465327.0,Europe
31240,Luxembourg,LUX,2006,1.646,,472821.0,Europe
31241,Luxembourg,LUX,2007,1.611,,480225.0,Europe
31242,Luxembourg,LUX,2008,1.606,,488947.0,Europe
31243,Luxembourg,LUX,2009,1.59,,498144.0,Europe
31244,Luxembourg,LUX,2010,1.622,11.02,507375.0,Europe
31245,Luxembourg,LUX,2011,1.53,,518535.0,Europe
31246,Luxembourg,LUX,2012,1.572,,530907.0,Europe
31247,Luxembourg,LUX,2013,1.55,,543317.0,Europe
31248,Luxembourg,LUX,2014,1.499,,556243.0,Europe
31249,Luxembourg,LUX,2015,1.464,11.25,569497.0,Europe
31250,Luxembourg,LUX,2016,1.415,,583469.0,Europe
31251,Luxembourg,LUX,2017,1.392,,596451.0,Europe
31252,Luxembourg,LUX,2018,1.38,,608055.0,Europe
31253,Luxembourg,LUX,2019,1.343,,620116.0,Europe
31254,Luxembourg,LUX,2020,1.361,11.55,630545.0,Europe
31449,Macao,MAC,1950,5.554,,196629.0,Asia
31450,Macao,MAC,1951,5.515,,200071.0,Asia
31451,Macao,MAC,1952,5.458,,200378.0,Asia
31452,Macao,MAC,1953,5.396,,199558.0,Asia
31453,Macao,MAC,1954,5.337,,197844.0,Asia
31454,Macao,MAC,1955,5.264,,195414.0,Asia
31455,Macao,MAC,1956,5.181,,192143.0,Asia
31456,Macao,MAC,1957,5.092,,188153.0,Asia
31457,Macao,MAC,1958,4.997,,183631.0,Asia
31458,Macao,MAC,1959,4.926,,178393.0,Asia
31459,Macao,MAC,1960,4.957,,173290.0,Asia
31460,Macao,MAC,1961,4.674,,173296.0,Asia
31461,Macao,MAC,1962,4.393,,177776.0,Asia
31462,Macao,MAC,1963,4.227,,182102.0,Asia
31463,Macao,MAC,1964,3.943,,225624.0,Asia
31464,Macao,MAC,1965,3.619,,265584.0,Asia
31465,Macao,MAC,1966,3.317,,262901.0,Asia
31466,Macao,MAC,1967,3.014,,260382.0,Asia
31467,Macao,MAC,1968,2.608,,257898.0,Asia
31468,Macao,MAC,1969,2.307,,255266.0,Asia
31469,Macao,MAC,1970,2.083,,257360.0,Asia
31470,Macao,MAC,1971,1.994,,263426.0,Asia
31471,Macao,MAC,1972,1.94,,273144.0,Asia
31472,Macao,MAC,1973,1.843,,250290.0,Asia
31473,Macao,MAC,1974,1.731,,221348.0,Asia
31474,Macao,MAC,1975,1.554,,223902.0,Asia
31475,Macao,MAC,1976,1.43,,227340.0,Asia
31476,Macao,MAC,1977,1.391,,231501.0,Asia
31477,Macao,MAC,1978,1.425,,236170.0,Asia
31478,Macao,MAC,1979,1.58,,241111.0,Asia
31479,Macao,MAC,1980,1.731,,246055.0,Asia
31480,Macao,MAC,1981,1.849,,252472.0,Asia
31481,Macao,MAC,1982,1.992,,260997.0,Asia
31482,Macao,MAC,1983,2.098,,270484.0,Asia
31483,Macao,MAC,1984,2.145,,280504.0,Asia
31484,Macao,MAC,1985,2.235,,291247.0,Asia
31485,Macao,MAC,1986,2.189,,302633.0,Asia
31486,Macao,MAC,1987,2.06,,314578.0,Asia
31487,Macao,MAC,1988,1.863,,326852.0,Asia
31488,Macao,MAC,1989,1.81,,339181.0,Asia
31489,Macao,MAC,1990,1.709,,351076.0,Asia
31490,Macao,MAC,1991,1.615,,362231.0,Asia
31491,Macao,MAC,1992,1.547,,372210.0,Asia
31492,Macao,MAC,1993,1.471,,381281.0,Asia
31493,Macao,MAC,1994,1.431,,390082.0,Asia
31494,Macao,MAC,1995,1.367,,398649.0,Asia
31495,Macao,MAC,1996,1.288,,406981.0,Asia
31496,Macao,MAC,1997,1.205,,415026.0,Asia
31497,Macao,MAC,1998,1.113,,422768.0,Asia
31498,Macao,MAC,1999,1.025,,430212.0,Asia
31499,Macao,MAC,2000,0.933,,437274.0,Asia
31500,Macao,MAC,2001,0.845,,445078.0,Asia
31501,Macao,MAC,2002,0.806,,455975.0,Asia
31502,Macao,MAC,2003,0.798,,469009.0,Asia
31503,Macao,MAC,2004,0.803,,482157.0,Asia
31504,Macao,MAC,2005,0.862,,495372.0,Asia
31505,Macao,MAC,2006,0.92,,508710.0,Asia
31506,Macao,MAC,2007,0.967,,522228.0,Asia
31507,Macao,MAC,2008,0.983,,535887.0,Asia
31508,Macao,MAC,2009,0.997,,549446.0,Asia
31509,Macao,MAC,2010,1.05,,562755.0,Asia
31510,Macao,MAC,2011,1.129,,575596.0,Asia
31511,Macao,MAC,2012,1.193,,587403.0,Asia
31512,Macao,MAC,2013,1.15,,598703.0,Asia
31513,Macao,MAC,2014,1.224,,610250.0,Asia
31514,Macao,MAC,2015,1.142,10.61,622134.0,Asia
31515,Macao,MAC,2016,1.138,,634267.0,Asia
31516,Macao,MAC,2017,1.019,,646508.0,Asia
31517,Macao,MAC,2018,0.924,,658729.0,Asia
31518,Macao,MAC,2019,0.936,,670934.0,Asia
31519,Macao,MAC,2020,0.857,11.05,683026.0,Asia
31539,Madagascar,MDG,1950,7.431,,3956023.0,Africa
31540,Madagascar,MDG,1951,7.432,,4057158.0,Africa
31541,Madagascar,MDG,1952,7.43,,4160796.0,Africa
31542,Madagascar,MDG,1953,7.433,,4267485.0,Africa
31543,Madagascar,MDG,1954,7.422,,4377280.0,Africa
31544,Madagascar,MDG,1955,7.397,,4490075.0,Africa
31545,Madagascar,MDG,1956,7.392,,4606376.0,Africa
31546,Madagascar,MDG,1957,7.375,,4726586.0,Africa
31547,Madagascar,MDG,1958,7.373,,4850808.0,Africa
31548,Madagascar,MDG,1959,7.36,,4979045.0,Africa
31549,Madagascar,MDG,1960,7.343,,5110982.0,Africa
31550,Madagascar,MDG,1961,7.299,,5246115.0,Africa
31551,Madagascar,MDG,1962,7.256,,5384114.0,Africa
31552,Madagascar,MDG,1963,7.212,,5525145.0,Africa
31553,Madagascar,MDG,1964,7.188,,5669816.0,Africa
31554,Madagascar,MDG,1965,7.171,,5819062.0,Africa
31555,Madagascar,MDG,1966,7.156,,5974233.0,Africa
31556,Madagascar,MDG,1967,7.144,,6136441.0,Africa
31557,Madagascar,MDG,1968,7.131,,6306459.0,Africa
31558,Madagascar,MDG,1969,7.118,,6484677.0,Africa
31559,Madagascar,MDG,1970,7.096,,6671955.0,Africa
31560,Madagascar,MDG,1971,7.068,,6868827.0,Africa
31561,Madagascar,MDG,1972,7.042,,7074367.0,Africa
31562,Madagascar,MDG,1973,7.011,,7288005.0,Africa
31563,Madagascar,MDG,1974,6.993,,7509686.0,Africa
31564,Madagascar,MDG,1975,6.971,,7739283.0,Africa
31565,Madagascar,MDG,1976,6.954,,7976782.0,Africa
31566,Madagascar,MDG,1977,6.927,,8222180.0,Africa
31567,Madagascar,MDG,1978,6.904,,8475808.0,Africa
31568,Madagascar,MDG,1979,6.872,,8737542.0,Africa
31569,Madagascar,MDG,1980,6.838,,9005988.0,Africa
31570,Madagascar,MDG,1981,6.774,,9278967.0,Africa
31571,Madagascar,MDG,1982,6.699,,9557638.0,Africa
31572,Madagascar,MDG,1983,6.626,,9842996.0,Africa
31573,Madagascar,MDG,1984,6.547,,10134509.0,Africa
31574,Madagascar,MDG,1985,6.456,,10433096.0,Africa
31575,Madagascar,MDG,1986,6.343,,10736824.0,Africa
31576,Madagascar,MDG,1987,6.242,,11047249.0,Africa
31577,Madagascar,MDG,1988,6.178,,11369413.0,Africa
31578,Madagascar,MDG,1989,6.149,,11704948.0,Africa
31579,Madagascar,MDG,1990,6.14,,12055603.0,Africa
31580,Madagascar,MDG,1991,6.118,,12421371.0,Africa
31581,Madagascar,MDG,1992,6.082,,12800810.0,Africa
31582,Madagascar,MDG,1993,6.062,,13197304.0,Africa
31583,Madagascar,MDG,1994,6.042,,13613809.0,Africa
31584,Madagascar,MDG,1995,6.036,,14051223.0,Africa
31585,Madagascar,MDG,1996,6.031,,14510669.0,Africa
31586,Madagascar,MDG,1997,6.023,,14990764.0,Africa
31587,Madagascar,MDG,1998,5.992,,15489329.0,Africa
31588,Madagascar,MDG,1999,5.839,,16000457.0,Africa
31589,Madagascar,MDG,2000,5.665,,16516293.0,Africa
31590,Madagascar,MDG,2001,5.528,,17032888.0,Africa
31591,Madagascar,MDG,2002,5.412,,17549869.0,Africa
31592,Madagascar,MDG,2003,5.329,,18071806.0,Africa
31593,Madagascar,MDG,2004,5.264,,18606549.0,Africa
31594,Madagascar,MDG,2005,5.195,,19159663.0,Africa
31595,Madagascar,MDG,2006,5.133,,19730869.0,Africa
31596,Madagascar,MDG,2007,5.083,,20318540.0,Africa
31597,Madagascar,MDG,2008,5.043,,20923790.0,Africa
31598,Madagascar,MDG,2009,5.003,,21547225.0,Africa
31599,Madagascar,MDG,2010,4.896,,22183297.0,Africa
31600,Madagascar,MDG,2011,4.737,,22822256.0,Africa
31601,Madagascar,MDG,2012,4.613,,23462392.0,Africa
31602,Madagascar,MDG,2013,4.527,,24109241.0,Africa
31603,Madagascar,MDG,2014,4.421,,24764298.0,Africa
31604,Madagascar,MDG,2015,4.335,,25426654.0,Africa
31605,Madagascar,MDG,2016,4.285,,26099905.0,Africa
31606,Madagascar,MDG,2017,4.259,,26788326.0,Africa
31607,Madagascar,MDG,2018,4.246,,27494881.0,Africa
31608,Madagascar,MDG,2019,4.221,,28219511.0,Africa
31609,Madagascar,MDG,2020,4.17,,28953509.0,Africa
31800,Malawi,MWI,1950,6.824,0.64,2950254.0,Africa
31801,Malawi,MWI,1951,6.836,,3002842.0,Africa
31802,Malawi,MWI,1952,6.845,,3059345.0,Africa
31803,Malawi,MWI,1953,6.853,,3119188.0,Africa
31804,Malawi,MWI,1954,6.805,,3181493.0,Africa
31805,Malawi,MWI,1955,6.843,0.69,3246497.0,Africa
31806,Malawi,MWI,1956,6.886,,3315245.0,Africa
31807,Malawi,MWI,1957,6.923,,3387702.0,Africa
31808,Malawi,MWI,1958,6.965,,3463888.0,Africa
31809,Malawi,MWI,1959,7.01,,3544111.0,Africa
31810,Malawi,MWI,1960,7.042,0.72,3628085.0,Africa
31811,Malawi,MWI,1961,7.067,,3715495.0,Africa
31812,Malawi,MWI,1962,7.095,,3806260.0,Africa
31813,Malawi,MWI,1963,7.127,,3900464.0,Africa
31814,Malawi,MWI,1964,7.114,,3997271.0,Africa
31815,Malawi,MWI,1965,7.126,0.84,4096111.0,Africa
31816,Malawi,MWI,1966,7.174,,4197879.0,Africa
31817,Malawi,MWI,1967,7.213,,4302976.0,Africa
31818,Malawi,MWI,1968,7.262,,4411010.0,Africa
31819,Malawi,MWI,1969,7.274,,4521143.0,Africa
31820,Malawi,MWI,1970,7.295,1.06,4633897.0,Africa
31821,Malawi,MWI,1971,7.311,,4751395.0,Africa
31822,Malawi,MWI,1972,7.326,,4874435.0,Africa
31823,Malawi,MWI,1973,7.338,,5003881.0,Africa
31824,Malawi,MWI,1974,7.344,,5141297.0,Africa
31825,Malawi,MWI,1975,7.359,1.37,5287321.0,Africa
31826,Malawi,MWI,1976,7.387,,5443334.0,Africa
31827,Malawi,MWI,1977,7.408,,5614944.0,Africa
31828,Malawi,MWI,1978,7.434,,5810078.0,Africa
31829,Malawi,MWI,1979,7.465,,6028698.0,Africa
31830,Malawi,MWI,1980,7.518,1.88,6265486.0,Africa
31831,Malawi,MWI,1981,7.493,,6516405.0,Africa
31832,Malawi,MWI,1982,7.451,,6778837.0,Africa
31833,Malawi,MWI,1983,7.361,,7051656.0,Africa
31834,Malawi,MWI,1984,7.265,,7332768.0,Africa
31835,Malawi,MWI,1985,7.17,2.41,7620472.0,Africa
31836,Malawi,MWI,1986,7.069,,7906436.0,Africa
31837,Malawi,MWI,1987,6.97,,8293121.0,Africa
31838,Malawi,MWI,1988,6.876,,8753208.0,Africa
31839,Malawi,MWI,1989,6.803,,9176180.0,Africa
31840,Malawi,MWI,1990,6.74,2.54,9545814.0,Africa
31841,Malawi,MWI,1991,6.681,,9844177.0,Africa
31842,Malawi,MWI,1992,6.63,,10135031.0,Africa
31843,Malawi,MWI,1993,6.573,,10283993.0,Africa
31844,Malawi,MWI,1994,6.488,,10164857.0,Africa
31845,Malawi,MWI,1995,6.392,2.6,10150070.0,Africa
31846,Malawi,MWI,1996,6.285,,10352180.0,Africa
31847,Malawi,MWI,1997,6.231,,10561988.0,Africa
31848,Malawi,MWI,1998,6.205,,10792827.0,Africa
31849,Malawi,MWI,1999,6.124,,11047768.0,Africa
31850,Malawi,MWI,2000,6.002,2.99,11315896.0,Africa
31851,Malawi,MWI,2001,5.943,,11593011.0,Africa
31852,Malawi,MWI,2002,5.903,,11880377.0,Africa
31853,Malawi,MWI,2003,5.875,,12181526.0,Africa
31854,Malawi,MWI,2004,5.864,,12500688.0,Africa
31855,Malawi,MWI,2005,5.848,4.1,12839988.0,Africa
31856,Malawi,MWI,2006,5.802,,13198644.0,Africa
31857,Malawi,MWI,2007,5.724,,13576290.0,Africa
31858,Malawi,MWI,2008,5.609,,13976359.0,Africa
31859,Malawi,MWI,2009,5.453,,14395732.0,Africa
31860,Malawi,MWI,2010,5.263,4.65,14826420.0,Africa
31861,Malawi,MWI,2011,5.083,,15264976.0,Africa
31862,Malawi,MWI,2012,4.902,,15709541.0,Africa
31863,Malawi,MWI,2013,4.759,,16161772.0,Africa
31864,Malawi,MWI,2014,4.569,,16621485.0,Africa
31865,Malawi,MWI,2015,4.384,4.66,17085543.0,Africa
31866,Malawi,MWI,2016,4.216,,17557696.0,Africa
31867,Malawi,MWI,2017,4.113,,18039666.0,Africa
31868,Malawi,MWI,2018,4.021,,18528036.0,Africa
31869,Malawi,MWI,2019,3.952,,19025698.0,Africa
31870,Malawi,MWI,2020,3.877,5.36,19533837.0,Africa
32065,Malaysia,MYS,1950,6.429,0.89,6098237.0,Asia
32066,Malaysia,MYS,1951,6.428,,6257372.0,Asia
32067,Malaysia,MYS,1952,6.426,,6422805.0,Asia
32068,Malaysia,MYS,1953,6.437,,6593886.0,Asia
32069,Malaysia,MYS,1954,6.448,,6772320.0,Asia
32070,Malaysia,MYS,1955,6.452,1.17,6959913.0,Asia
32071,Malaysia,MYS,1956,6.461,,7156585.0,Asia
32072,Malaysia,MYS,1957,6.468,,7362763.0,Asia
32073,Malaysia,MYS,1958,6.456,,7562837.0,Asia
32074,Malaysia,MYS,1959,6.441,,7755725.0,Asia
32075,Malaysia,MYS,1960,6.412,1.63,7956159.0,Asia
32076,Malaysia,MYS,1961,6.367,,8164398.0,Asia
32077,Malaysia,MYS,1962,6.296,,8380129.0,Asia
32078,Malaysia,MYS,1963,6.191,,8602118.0,Asia
32079,Malaysia,MYS,1964,6.03,,8828366.0,Asia
32080,Malaysia,MYS,1965,5.836,2.29,9056368.0,Asia
32081,Malaysia,MYS,1966,5.635,,9284645.0,Asia
32082,Malaysia,MYS,1967,5.433,,9507063.0,Asia
32083,Malaysia,MYS,1968,5.291,,9725236.0,Asia
32084,Malaysia,MYS,1969,5.159,,9947554.0,Asia
32085,Malaysia,MYS,1970,5.035,3.25,10178750.0,Asia
32086,Malaysia,MYS,1971,4.924,,10423413.0,Asia
32087,Malaysia,MYS,1972,4.822,,10676788.0,Asia
32088,Malaysia,MYS,1973,4.727,,10935582.0,Asia
32089,Malaysia,MYS,1974,4.619,,11200855.0,Asia
32090,Malaysia,MYS,1975,4.501,4.15,11471862.0,Asia
32091,Malaysia,MYS,1976,4.398,,11750044.0,Asia
32092,Malaysia,MYS,1977,4.282,,12035671.0,Asia
32093,Malaysia,MYS,1978,4.179,,12328114.0,Asia
32094,Malaysia,MYS,1979,4.091,,12627813.0,Asia
32095,Malaysia,MYS,1980,4.035,5.27,12983313.0,Asia
32096,Malaysia,MYS,1981,4.002,,13399154.0,Asia
32097,Malaysia,MYS,1982,3.967,,13832752.0,Asia
32098,Malaysia,MYS,1983,3.928,,14285863.0,Asia
32099,Malaysia,MYS,1984,3.885,,14758975.0,Asia
32100,Malaysia,MYS,1985,3.804,6.3,15252211.0,Asia
32101,Malaysia,MYS,1986,3.699,,15760366.0,Asia
32102,Malaysia,MYS,1987,3.565,,16276698.0,Asia
32103,Malaysia,MYS,1988,3.502,,16796561.0,Asia
32104,Malaysia,MYS,1989,3.313,,17314954.0,Asia
32105,Malaysia,MYS,1990,3.304,7.48,17833124.0,Asia
32106,Malaysia,MYS,1991,3.339,,18342429.0,Asia
32107,Malaysia,MYS,1992,3.373,,18834520.0,Asia
32108,Malaysia,MYS,1993,3.364,,19322622.0,Asia
32109,Malaysia,MYS,1994,3.346,,19820400.0,Asia
32110,Malaysia,MYS,1995,3.317,8.23,20330550.0,Asia
32111,Malaysia,MYS,1996,3.297,,20850037.0,Asia
32112,Malaysia,MYS,1997,3.227,,21375176.0,Asia
32113,Malaysia,MYS,1998,3.12,,21906667.0,Asia
32114,Malaysia,MYS,1999,3.068,,22435483.0,Asia
32115,Malaysia,MYS,2000,2.942,9.15,22967760.0,Asia
32116,Malaysia,MYS,2001,2.807,,23526494.0,Asia
32117,Malaysia,MYS,2002,2.658,,24102434.0,Asia
32118,Malaysia,MYS,2003,2.601,,24679556.0,Asia
32119,Malaysia,MYS,2004,2.493,,25256718.0,Asia
32120,Malaysia,MYS,2005,2.391,9.94,25836027.0,Asia
32121,Malaysia,MYS,2006,2.308,,26417859.0,Asia
32122,Malaysia,MYS,2007,2.252,,26998333.0,Asia
32123,Malaysia,MYS,2008,2.262,,27569998.0,Asia
32124,Malaysia,MYS,2009,2.223,,28124726.0,Asia
32125,Malaysia,MYS,2010,2.144,10.74,28655721.0,Asia
32126,Malaysia,MYS,2011,2.153,,29161977.0,Asia
32127,Malaysia,MYS,2012,2.117,,29662784.0,Asia
32128,Malaysia,MYS,2013,2.07,,30174221.0,Asia
32129,Malaysia,MYS,2014,2.058,,30696080.0,Asia
32130,Malaysia,MYS,2015,2.008,11.44,31232744.0,Asia
32131,Malaysia,MYS,2016,1.942,,31789641.0,Asia
32132,Malaysia,MYS,2017,1.893,,32355608.0,Asia
32133,Malaysia,MYS,2018,1.838,,32910918.0,Asia
32134,Malaysia,MYS,2019,1.777,,33440538.0,Asia
32135,Malaysia,MYS,2020,1.68,11.99,33889515.0,Asia
32330,Maldives,MDV,1950,6.183,,74421.0,Asia
32331,Maldives,MDV,1951,6.178,,75680.0,Asia
32332,Maldives,MDV,1952,6.211,,77040.0,Asia
32333,Maldives,MDV,1953,6.23,,78458.0,Asia
32334,Maldives,MDV,1954,6.259,,79973.0,Asia
32335,Maldives,MDV,1955,6.329,,81567.0,Asia
32336,Maldives,MDV,1956,6.391,,83273.0,Asia
32337,Maldives,MDV,1957,6.447,,85092.0,Asia
32338,Maldives,MDV,1958,6.504,,87018.0,Asia
32339,Maldives,MDV,1959,6.558,,89025.0,Asia
32340,Maldives,MDV,1960,6.713,,91162.0,Asia
32341,Maldives,MDV,1961,6.792,,93421.0,Asia
32342,Maldives,MDV,1962,6.887,,95770.0,Asia
32343,Maldives,MDV,1963,6.941,,98189.0,Asia
32344,Maldives,MDV,1964,7.003,,100627.0,Asia
32345,Maldives,MDV,1965,7.07,,104076.0,Asia
32346,Maldives,MDV,1966,7.145,,108487.0,Asia
32347,Maldives,MDV,1967,7.227,,112499.0,Asia
32348,Maldives,MDV,1968,7.279,,116054.0,Asia
32349,Maldives,MDV,1969,7.327,,119537.0,Asia
32350,Maldives,MDV,1970,7.391,,123190.0,Asia
32351,Maldives,MDV,1971,7.384,,127007.0,Asia
32352,Maldives,MDV,1972,7.374,,130932.0,Asia
32353,Maldives,MDV,1973,7.399,,134931.0,Asia
32354,Maldives,MDV,1974,7.377,,138946.0,Asia
32355,Maldives,MDV,1975,7.321,,143126.0,Asia
32356,Maldives,MDV,1976,7.292,,147490.0,Asia
32357,Maldives,MDV,1977,7.266,,151897.0,Asia
32358,Maldives,MDV,1978,7.229,,156118.0,Asia
32359,Maldives,MDV,1979,7.233,,160327.0,Asia
32360,Maldives,MDV,1980,7.226,,164799.0,Asia
32361,Maldives,MDV,1981,7.191,,169505.0,Asia
32362,Maldives,MDV,1982,7.146,,174297.0,Asia
32363,Maldives,MDV,1983,7.092,,179097.0,Asia
32364,Maldives,MDV,1984,7.025,,184169.0,Asia
32365,Maldives,MDV,1985,6.939,,190138.0,Asia
32366,Maldives,MDV,1986,6.846,,196897.0,Asia
32367,Maldives,MDV,1987,6.731,,203909.0,Asia
32368,Maldives,MDV,1988,6.583,,210845.0,Asia
32369,Maldives,MDV,1989,6.386,,217711.0,Asia
32370,Maldives,MDV,1990,6.13,,224739.0,Asia
32371,Maldives,MDV,1991,5.796,,231769.0,Asia
32372,Maldives,MDV,1992,5.435,,238515.0,Asia
32373,Maldives,MDV,1993,5.063,,244844.0,Asia
32374,Maldives,MDV,1994,4.688,,250784.0,Asia
32375,Maldives,MDV,1995,4.292,,256611.0,Asia
32376,Maldives,MDV,1996,3.859,,262320.0,Asia
32377,Maldives,MDV,1997,3.477,,267661.0,Asia
32378,Maldives,MDV,1998,3.171,,272670.0,Asia
32379,Maldives,MDV,1999,2.899,,277373.0,Asia
32380,Maldives,MDV,2000,2.691,,281968.0,Asia
32381,Maldives,MDV,2001,2.532,,286742.0,Asia
32382,Maldives,MDV,2002,2.425,,291588.0,Asia
32383,Maldives,MDV,2003,2.342,,296452.0,Asia
32384,Maldives,MDV,2004,2.262,,301365.0,Asia
32385,Maldives,MDV,2005,2.199,,306384.0,Asia
32386,Maldives,MDV,2006,2.204,,313823.0,Asia
32387,Maldives,MDV,2007,2.293,,324444.0,Asia
32388,Maldives,MDV,2008,2.371,,336129.0,Asia
32389,Maldives,MDV,2009,2.39,,348232.0,Asia
32390,Maldives,MDV,2010,2.349,,360747.0,Asia
32391,Maldives,MDV,2011,2.307,,373638.0,Asia
32392,Maldives,MDV,2012,2.254,,386774.0,Asia
32393,Maldives,MDV,2013,2.174,,400026.0,Asia
32394,Maldives,MDV,2014,2.089,,413574.0,Asia
32395,Maldives,MDV,2015,2.004,7.41,428122.0,Asia
32396,Maldives,MDV,2016,1.903,,443271.0,Asia
32397,Maldives,MDV,2017,1.798,,458252.0,Asia
32398,Maldives,MDV,2018,1.71,,473064.0,Asia
32399,Maldives,MDV,2019,1.64,,487690.0,Asia
32400,Maldives,MDV,2020,1.613,7.9,502076.0,Asia
32558,Mali,MLI,1950,6.873,0.09,4696872.0,Africa
32559,Mali,MLI,1951,6.895,,4766653.0,Africa
32560,Mali,MLI,1952,6.906,,4836321.0,Africa
32561,Mali,MLI,1953,6.921,,4904765.0,Africa
32562,Mali,MLI,1954,6.936,,4972864.0,Africa
32563,Mali,MLI,1955,6.95,0.1,5041885.0,Africa
32564,Mali,MLI,1956,6.968,,5111935.0,Africa
32565,Mali,MLI,1957,6.985,,5183087.0,Africa
32566,Mali,MLI,1958,6.998,,5253414.0,Africa
32567,Mali,MLI,1959,7.007,,5325601.0,Africa
32568,Mali,MLI,1960,7.019,0.11,5402500.0,Africa
32569,Mali,MLI,1961,7.031,,5482237.0,Africa
32570,Mali,MLI,1962,7.038,,5563874.0,Africa
32571,Mali,MLI,1963,7.046,,5646557.0,Africa
32572,Mali,MLI,1964,7.055,,5730085.0,Africa
32573,Mali,MLI,1965,7.081,0.14,5815440.0,Africa
32574,Mali,MLI,1966,7.111,,5902164.0,Africa
32575,Mali,MLI,1967,7.136,,5990860.0,Africa
32576,Mali,MLI,1968,7.159,,6082947.0,Africa
32577,Mali,MLI,1969,7.175,,6177646.0,Africa
32578,Mali,MLI,1970,7.181,0.16,6276433.0,Africa
32579,Mali,MLI,1971,7.203,,6377905.0,Africa
32580,Mali,MLI,1972,7.219,,6483685.0,Africa
32581,Mali,MLI,1973,7.223,,6597072.0,Africa
32582,Mali,MLI,1974,7.228,,6715397.0,Africa
32583,Mali,MLI,1975,7.253,0.24,6837220.0,Africa
32584,Mali,MLI,1976,7.272,,6960942.0,Africa
32585,Mali,MLI,1977,7.299,,7090939.0,Africa
32586,Mali,MLI,1978,7.319,,7229609.0,Africa
32587,Mali,MLI,1979,7.348,,7375228.0,Africa
32588,Mali,MLI,1980,7.365,0.38,7530471.0,Africa
32589,Mali,MLI,1981,7.365,,7692729.0,Africa
32590,Mali,MLI,1982,7.32,,7860152.0,Africa
32591,Mali,MLI,1983,7.276,,8034354.0,Africa
32592,Mali,MLI,1984,7.256,,8208557.0,Africa
32593,Mali,MLI,1985,7.261,0.52,8374619.0,Africa
32594,Mali,MLI,1986,7.311,,8531230.0,Africa
32595,Mali,MLI,1987,7.312,,8681122.0,Africa
32596,Mali,MLI,1988,7.324,,8833951.0,Africa
32597,Mali,MLI,1989,7.331,,8999884.0,Africa
32598,Mali,MLI,1990,7.311,0.64,9178778.0,Africa
32599,Mali,MLI,1991,7.28,,9362832.0,Africa
32600,Mali,MLI,1992,7.237,,9553498.0,Africa
32601,Mali,MLI,1993,7.18,,9754741.0,Africa
32602,Mali,MLI,1994,7.119,,9966984.0,Africa
32603,Mali,MLI,1995,7.052,0.76,10185329.0,Africa
32604,Mali,MLI,1996,7.01,,10407232.0,Africa
32605,Mali,MLI,1997,6.971,,10646451.0,Africa
32606,Mali,MLI,1998,6.936,,10919530.0,Africa
32607,Mali,MLI,1999,6.911,,11227365.0,Africa
32608,Mali,MLI,2000,6.886,0.96,11559242.0,Africa
32609,Mali,MLI,2001,6.852,,11912118.0,Africa
32610,Mali,MLI,2002,6.819,,12287999.0,Africa
32611,Mali,MLI,2003,6.783,,12684910.0,Africa
32612,Mali,MLI,2004,6.741,,13102365.0,Africa
32613,Mali,MLI,2005,6.708,1.45,13538607.0,Africa
32614,Mali,MLI,2006,6.677,,13990097.0,Africa
32615,Mali,MLI,2007,6.647,,14457732.0,Africa
32616,Mali,MLI,2008,6.624,,14940738.0,Africa
32617,Mali,MLI,2009,6.592,,15435483.0,Africa
32618,Mali,MLI,2010,6.579,2.25,15945157.0,Africa
32619,Mali,MLI,2011,6.545,,16469007.0,Africa
32620,Mali,MLI,2012,6.523,,16956991.0,Africa
32621,Mali,MLI,2013,6.491,,17459573.0,Africa
32622,Mali,MLI,2014,6.441,,18020221.0,Africa
32623,Mali,MLI,2015,6.385,2.91,18592978.0,Africa
32624,Mali,MLI,2016,6.319,,19191249.0,Africa
32625,Mali,MLI,2017,6.251,,19812964.0,Africa
32626,Mali,MLI,2018,6.118,,20441987.0,Africa
32627,Mali,MLI,2019,5.892,,21068368.0,Africa
32628,Mali,MLI,2020,5.85,3.77,21713790.0,Africa
32823,Malta,MLT,1950,4.226,2.84,294637.0,Europe
32824,Malta,MLT,1951,4.21,,300413.0,Europe
32825,Malta,MLT,1952,4.174,,304873.0,Europe
32826,Malta,MLT,1953,4.129,,309308.0,Europe
32827,Malta,MLT,1954,4.076,,313710.0,Europe
32828,Malta,MLT,1955,4.014,3.43,318102.0,Europe
32829,Malta,MLT,1956,4.031,,322413.0,Europe
32830,Malta,MLT,1957,3.681,,326656.0,Europe
32831,Malta,MLT,1958,3.584,,329374.0,Europe
32832,Malta,MLT,1959,3.576,,330312.0,Europe
32833,Malta,MLT,1960,3.626,3.96,330781.0,Europe
32834,Malta,MLT,1961,3.304,,330803.0,Europe
32835,Malta,MLT,1962,3.218,,330459.0,Europe
32836,Malta,MLT,1963,2.871,,329770.0,Europe
32837,Malta,MLT,1964,2.736,,328755.0,Europe
32838,Malta,MLT,1965,2.437,4.56,327362.0,Europe
32839,Malta,MLT,1966,2.284,,325631.0,Europe
32840,Malta,MLT,1967,2.191,,323777.0,Europe
32841,Malta,MLT,1968,2.08,,323470.0,Europe
32842,Malta,MLT,1969,2.025,,324712.0,Europe
32843,Malta,MLT,1970,2.072,5.5,325965.0,Europe
32844,Malta,MLT,1971,2.124,,327246.0,Europe
32845,Malta,MLT,1972,2.032,,328564.0,Europe
32846,Malta,MLT,1973,2.078,,330009.0,Europe
32847,Malta,MLT,1974,2.078,,331635.0,Europe
32848,Malta,MLT,1975,2.152,6.3,333409.0,Europe
32849,Malta,MLT,1976,2.129,,335238.0,Europe
32850,Malta,MLT,1977,2.141,,337120.0,Europe
32851,Malta,MLT,1978,2.064,,339025.0,Europe
32852,Malta,MLT,1979,2.093,,340921.0,Europe
32853,Malta,MLT,1980,1.993,6.93,342834.0,Europe
32854,Malta,MLT,1981,1.895,,344712.0,Europe
32855,Malta,MLT,1982,2.068,,346619.0,Europe
32856,Malta,MLT,1983,2.001,,348549.0,Europe
32857,Malta,MLT,1984,1.957,,350499.0,Europe
32858,Malta,MLT,1985,1.948,7.84,352525.0,Europe
32859,Malta,MLT,1986,1.931,,355040.0,Europe
32860,Malta,MLT,1987,1.97,,358037.0,Europe
32861,Malta,MLT,1988,2.057,,361172.0,Europe
32862,Malta,MLT,1989,2.095,,364472.0,Europe
32863,Malta,MLT,1990,2.041,8.71,367864.0,Europe
32864,Malta,MLT,1991,2.002,,371288.0,Europe
32865,Malta,MLT,1992,2.06,,374759.0,Europe
32866,Malta,MLT,1993,1.958,,378175.0,Europe
32867,Malta,MLT,1994,1.84,,381414.0,Europe
32868,Malta,MLT,1995,1.791,9.75,384512.0,Europe
32869,Malta,MLT,1996,1.972,,387581.0,Europe
32870,Malta,MLT,1997,1.937,,390639.0,Europe
32871,Malta,MLT,1998,1.835,,393741.0,Europe
32872,Malta,MLT,1999,1.734,,396842.0,Europe
32873,Malta,MLT,2000,1.672,10.12,399846.0,Europe
32874,Malta,MLT,2001,1.493,,402741.0,Europe
32875,Malta,MLT,2002,1.458,,405522.0,Europe
32876,Malta,MLT,2003,1.476,,408182.0,Europe
32877,Malta,MLT,2004,1.4,,410752.0,Europe
32878,Malta,MLT,2005,1.377,10.34,413274.0,Europe
32879,Malta,MLT,2006,1.363,,415411.0,Europe
32880,Malta,MLT,2007,1.358,,417148.0,Europe
32881,Malta,MLT,2008,1.42,,418922.0,Europe
32882,Malta,MLT,2009,1.413,,420751.0,Europe
32883,Malta,MLT,2010,1.375,10.94,422607.0,Europe
32884,Malta,MLT,2011,1.443,,424582.0,Europe
32885,Malta,MLT,2012,1.42,,426564.0,Europe
32886,Malta,MLT,2013,1.366,,428410.0,Europe
32887,Malta,MLT,2014,1.379,,434451.0,Europe
32888,Malta,MLT,2015,1.376,11.46,444936.0,Europe
32889,Malta,MLT,2016,1.366,,455227.0,Europe
32890,Malta,MLT,2017,1.271,,467849.0,Europe
32891,Malta,MLT,2018,1.227,,484517.0,Europe
32892,Malta,MLT,2019,1.15,,503968.0,Europe
32893,Malta,MLT,2020,1.132,12.1,518175.0,Europe
33085,Marshall Islands,MHL,1950,7.756,,12975.0,Oceania
33086,Marshall Islands,MHL,1951,7.757,,13091.0,Oceania
33087,Marshall Islands,MHL,1952,7.8,,13196.0,Oceania
33088,Marshall Islands,MHL,1953,7.833,,13289.0,Oceania
33089,Marshall Islands,MHL,1954,7.876,,13363.0,Oceania
33090,Marshall Islands,MHL,1955,7.906,,13463.0,Oceania
33091,Marshall Islands,MHL,1956,7.917,,13546.0,Oceania
33092,Marshall Islands,MHL,1957,7.954,,13615.0,Oceania
33093,Marshall Islands,MHL,1958,7.979,,13783.0,Oceania
33094,Marshall Islands,MHL,1959,8.023,,14179.0,Oceania
33095,Marshall Islands,MHL,1960,8.077,,14688.0,Oceania
33096,Marshall Islands,MHL,1961,8.115,,15199.0,Oceania
33097,Marshall Islands,MHL,1962,8.122,,15740.0,Oceania
33098,Marshall Islands,MHL,1963,8.123,,16283.0,Oceania
33099,Marshall Islands,MHL,1964,8.143,,16837.0,Oceania
33100,Marshall Islands,MHL,1965,8.156,,17386.0,Oceania
33101,Marshall Islands,MHL,1966,8.199,,17910.0,Oceania
33102,Marshall Islands,MHL,1967,8.169,,18629.0,Oceania
33103,Marshall Islands,MHL,1968,8.143,,19842.0,Oceania
33104,Marshall Islands,MHL,1969,8.112,,21285.0,Oceania
33105,Marshall Islands,MHL,1970,8.075,,22505.0,Oceania
33106,Marshall Islands,MHL,1971,8.036,,23348.0,Oceania
33107,Marshall Islands,MHL,1972,7.995,,23976.0,Oceania
33108,Marshall Islands,MHL,1973,7.952,,24567.0,Oceania
33109,Marshall Islands,MHL,1974,7.899,,25267.0,Oceania
33110,Marshall Islands,MHL,1975,7.832,,26130.0,Oceania
33111,Marshall Islands,MHL,1976,7.757,,26994.0,Oceania
33112,Marshall Islands,MHL,1977,7.67,,27894.0,Oceania
33113,Marshall Islands,MHL,1978,7.58,,28790.0,Oceania
33114,Marshall Islands,MHL,1979,7.473,,29710.0,Oceania
33115,Marshall Islands,MHL,1980,7.37,,30743.0,Oceania
33116,Marshall Islands,MHL,1981,7.269,,31984.0,Oceania
33117,Marshall Islands,MHL,1982,7.179,,33370.0,Oceania
33118,Marshall Islands,MHL,1983,7.083,,34799.0,Oceania
33119,Marshall Islands,MHL,1984,6.988,,36243.0,Oceania
33120,Marshall Islands,MHL,1985,6.866,,37738.0,Oceania
33121,Marshall Islands,MHL,1986,6.731,,39266.0,Oceania
33122,Marshall Islands,MHL,1987,6.568,,40798.0,Oceania
33123,Marshall Islands,MHL,1988,6.384,,42291.0,Oceania
33124,Marshall Islands,MHL,1989,6.183,,43565.0,Oceania
33125,Marshall Islands,MHL,1990,5.97,,44607.0,Oceania
33126,Marshall Islands,MHL,1991,5.757,,45542.0,Oceania
33127,Marshall Islands,MHL,1992,5.546,,46367.0,Oceania
33128,Marshall Islands,MHL,1993,5.382,,47062.0,Oceania
33129,Marshall Islands,MHL,1994,5.232,,47686.0,Oceania
33130,Marshall Islands,MHL,1995,5.091,,48246.0,Oceania
33131,Marshall Islands,MHL,1996,5.021,,48752.0,Oceania
33132,Marshall Islands,MHL,1997,4.959,,49235.0,Oceania
33133,Marshall Islands,MHL,1998,4.868,,49673.0,Oceania
33134,Marshall Islands,MHL,1999,4.783,,50177.0,Oceania
33135,Marshall Islands,MHL,2000,4.695,,50676.0,Oceania
33136,Marshall Islands,MHL,2001,4.583,,51097.0,Oceania
33137,Marshall Islands,MHL,2002,4.488,,51395.0,Oceania
33138,Marshall Islands,MHL,2003,4.418,,51621.0,Oceania
33139,Marshall Islands,MHL,2004,4.34,,51762.0,Oceania
33140,Marshall Islands,MHL,2005,4.276,,51884.0,Oceania
33141,Marshall Islands,MHL,2006,4.197,,51972.0,Oceania
33142,Marshall Islands,MHL,2007,4.09,,52014.0,Oceania
33143,Marshall Islands,MHL,2008,3.967,,52009.0,Oceania
33144,Marshall Islands,MHL,2009,3.83,,51992.0,Oceania
33145,Marshall Islands,MHL,2010,3.673,,52016.0,Oceania
33146,Marshall Islands,MHL,2011,3.527,,51880.0,Oceania
33147,Marshall Islands,MHL,2012,3.382,,51399.0,Oceania
33148,Marshall Islands,MHL,2013,3.247,,50648.0,Oceania
33149,Marshall Islands,MHL,2014,3.18,,49766.0,Oceania
33150,Marshall Islands,MHL,2015,3.131,,48784.0,Oceania
33151,Marshall Islands,MHL,2016,3.091,,47692.0,Oceania
33152,Marshall Islands,MHL,2017,3.064,,46503.0,Oceania
33153,Marshall Islands,MHL,2018,3.038,,45255.0,Oceania
33154,Marshall Islands,MHL,2019,3.012,,43984.0,Oceania
33155,Marshall Islands,MHL,2020,2.989,,42680.0,Oceania
33309,Martinique,MTQ,1950,5.497,,232033.0,North America
33310,Martinique,MTQ,1951,5.429,,237450.0,North America
33311,Martinique,MTQ,1952,5.35,,242780.0,North America
33312,Martinique,MTQ,1953,5.492,,248628.0,North America
33313,Martinique,MTQ,1954,5.609,,255104.0,North America
33314,Martinique,MTQ,1955,5.686,,261009.0,North America
33315,Martinique,MTQ,1956,5.702,,266205.0,North America
33316,Martinique,MTQ,1957,5.706,,271633.0,North America
33317,Martinique,MTQ,1958,5.635,,277176.0,North America
33318,Martinique,MTQ,1959,5.619,,282852.0,North America
33319,Martinique,MTQ,1960,5.673,,288733.0,North America
33320,Martinique,MTQ,1961,5.599,,294544.0,North America
33321,Martinique,MTQ,1962,5.549,,299705.0,North America
33322,Martinique,MTQ,1963,5.429,,304184.0,North America
33323,Martinique,MTQ,1964,5.408,,308413.0,North America
33324,Martinique,MTQ,1965,5.479,,312721.0,North America
33325,Martinique,MTQ,1966,5.379,,317032.0,North America
33326,Martinique,MTQ,1967,5.25,,320875.0,North America
33327,Martinique,MTQ,1968,5.044,,323492.0,North America
33328,Martinique,MTQ,1969,4.743,,324803.0,North America
33329,Martinique,MTQ,1970,4.531,,325489.0,North America
33330,Martinique,MTQ,1971,4.368,,325953.0,North America
33331,Martinique,MTQ,1972,4.179,,326298.0,North America
33332,Martinique,MTQ,1973,3.847,,326331.0,North America
33333,Martinique,MTQ,1974,3.523,,326331.0,North America
33334,Martinique,MTQ,1975,3.125,,327290.0,North America
33335,Martinique,MTQ,1976,2.776,,328933.0,North America
33336,Martinique,MTQ,1977,2.531,,330232.0,North America
33337,Martinique,MTQ,1978,2.359,,331114.0,North America
33338,Martinique,MTQ,1979,2.249,,331738.0,North America
33339,Martinique,MTQ,1980,2.188,,332245.0,North America
33340,Martinique,MTQ,1981,2.183,,332954.0,North America
33341,Martinique,MTQ,1982,2.164,,334995.0,North America
33342,Martinique,MTQ,1983,2.144,,338616.0,North America
33343,Martinique,MTQ,1984,2.104,,342774.0,North America
33344,Martinique,MTQ,1985,2.079,,347109.0,North America
33345,Martinique,MTQ,1986,2.07,,351530.0,North America
33346,Martinique,MTQ,1987,2.077,,356092.0,North America
33347,Martinique,MTQ,1988,2.047,,360750.0,North America
33348,Martinique,MTQ,1989,2.036,,365517.0,North America
33349,Martinique,MTQ,1990,2.023,,370951.0,North America
33350,Martinique,MTQ,1991,2.003,,377255.0,North America
33351,Martinique,MTQ,1992,1.992,,383888.0,North America
33352,Martinique,MTQ,1993,1.969,,390499.0,North America
33353,Martinique,MTQ,1994,1.947,,397027.0,North America
33354,Martinique,MTQ,1995,1.921,,403456.0,North America
33355,Martinique,MTQ,1996,1.908,,409774.0,North America
33356,Martinique,MTQ,1997,1.898,,416041.0,North America
33357,Martinique,MTQ,1998,1.89,,421761.0,North America
33358,Martinique,MTQ,1999,1.877,,423845.0,North America
33359,Martinique,MTQ,2000,1.897,,421340.0,North America
33360,Martinique,MTQ,2001,1.905,,417113.0,North America
33361,Martinique,MTQ,2002,1.893,,412427.0,North America
33362,Martinique,MTQ,2003,1.899,,408363.0,North America
33363,Martinique,MTQ,2004,1.898,,405049.0,North America
33364,Martinique,MTQ,2005,1.943,,401794.0,North America
33365,Martinique,MTQ,2006,2.005,,400409.0,North America
33366,Martinique,MTQ,2007,2.041,,400761.0,North America
33367,Martinique,MTQ,2008,2.07,,400657.0,North America
33368,Martinique,MTQ,2009,2.05,,399474.0,North America
33369,Martinique,MTQ,2010,2.036,,397343.0,North America
33370,Martinique,MTQ,2011,2.008,,394519.0,North America
33371,Martinique,MTQ,2012,1.998,,391685.0,North America
33372,Martinique,MTQ,2013,1.987,,389426.0,North America
33373,Martinique,MTQ,2014,1.992,,386978.0,North America
33374,Martinique,MTQ,2015,1.972,,383679.0,North America
33375,Martinique,MTQ,2016,1.964,,378857.0,North America
33376,Martinique,MTQ,2017,1.966,,371457.0,North America
33377,Martinique,MTQ,2018,1.993,,364042.0,North America
33378,Martinique,MTQ,2019,2.025,,359569.0,North America
33379,Martinique,MTQ,2020,2.03,,356580.0,North America
33426,Mauritania,MRT,1950,5.791,,657682.0,Africa
33427,Mauritania,MRT,1951,5.809,,670851.0,Africa
33428,Mauritania,MRT,1952,5.825,,684769.0,Africa
33429,Mauritania,MRT,1953,5.847,,699353.0,Africa
33430,Mauritania,MRT,1954,5.874,,714633.0,Africa
33431,Mauritania,MRT,1955,5.923,,730695.0,Africa
33432,Mauritania,MRT,1956,5.964,,747571.0,Africa
33433,Mauritania,MRT,1957,6.004,,765314.0,Africa
33434,Mauritania,MRT,1958,6.05,,783950.0,Africa
33435,Mauritania,MRT,1959,6.092,,803570.0,Africa
33436,Mauritania,MRT,1960,6.149,,824264.0,Africa
33437,Mauritania,MRT,1961,6.199,,846135.0,Africa
33438,Mauritania,MRT,1962,6.244,,869147.0,Africa
33439,Mauritania,MRT,1963,6.312,,893382.0,Africa
33440,Mauritania,MRT,1964,6.37,,918904.0,Africa
33441,Mauritania,MRT,1965,6.444,,945803.0,Africa
33442,Mauritania,MRT,1966,6.516,,974115.0,Africa
33443,Mauritania,MRT,1967,6.568,,1003805.0,Africa
33444,Mauritania,MRT,1968,6.603,,1034696.0,Africa
33445,Mauritania,MRT,1969,6.643,,1066721.0,Africa
33446,Mauritania,MRT,1970,6.677,,1099759.0,Africa
33447,Mauritania,MRT,1971,6.696,,1133664.0,Africa
33448,Mauritania,MRT,1972,6.706,,1168322.0,Africa
33449,Mauritania,MRT,1973,6.718,,1203793.0,Africa
33450,Mauritania,MRT,1974,6.73,,1240141.0,Africa
33451,Mauritania,MRT,1975,6.713,,1277295.0,Africa
33452,Mauritania,MRT,1976,6.727,,1315297.0,Africa
33453,Mauritania,MRT,1977,6.736,,1353726.0,Africa
33454,Mauritania,MRT,1978,6.727,,1392668.0,Africa
33455,Mauritania,MRT,1979,6.702,,1432714.0,Africa
33456,Mauritania,MRT,1980,6.671,,1474002.0,Africa
33457,Mauritania,MRT,1981,6.635,,1516834.0,Africa
33458,Mauritania,MRT,1982,6.588,,1561138.0,Africa
33459,Mauritania,MRT,1983,6.541,,1606708.0,Africa
33460,Mauritania,MRT,1984,6.483,,1653646.0,Africa
33461,Mauritania,MRT,1985,6.423,,1702061.0,Africa
33462,Mauritania,MRT,1986,6.343,,1751804.0,Africa
33463,Mauritania,MRT,1987,6.271,,1802970.0,Africa
33464,Mauritania,MRT,1988,6.213,,1855820.0,Africa
33465,Mauritania,MRT,1989,6.195,,1903022.0,Africa
33466,Mauritania,MRT,1990,6.175,,1951832.0,Africa
33467,Mauritania,MRT,1991,6.157,,2009686.0,Africa
33468,Mauritania,MRT,1992,6.126,,2088090.0,Africa
33469,Mauritania,MRT,1993,6.093,,2174275.0,Africa
33470,Mauritania,MRT,1994,6.058,,2249419.0,Africa
33471,Mauritania,MRT,1995,5.962,,2311973.0,Africa
33472,Mauritania,MRT,1996,5.861,,2358149.0,Africa
33473,Mauritania,MRT,1997,5.743,,2411267.0,Africa
33474,Mauritania,MRT,1998,5.623,,2474597.0,Africa
33475,Mauritania,MRT,1999,5.524,,2541658.0,Africa
33476,Mauritania,MRT,2000,5.456,,2613407.0,Africa
33477,Mauritania,MRT,2001,5.407,,2678724.0,Africa
33478,Mauritania,MRT,2002,5.373,,2738606.0,Africa
33479,Mauritania,MRT,2003,5.364,,2802009.0,Africa
33480,Mauritania,MRT,2004,5.374,,2868626.0,Africa
33481,Mauritania,MRT,2005,5.376,,2939021.0,Africa
33482,Mauritania,MRT,2006,5.404,,3013615.0,Africa
33483,Mauritania,MRT,2007,5.426,,3093025.0,Africa
33484,Mauritania,MRT,2008,5.436,,3183227.0,Africa
33485,Mauritania,MRT,2009,5.406,,3284406.0,Africa
33486,Mauritania,MRT,2010,5.384,,3390917.0,Africa
33487,Mauritania,MRT,2011,5.38,,3502767.0,Africa
33488,Mauritania,MRT,2012,5.352,,3618978.0,Africa
33489,Mauritania,MRT,2013,5.317,,3734279.0,Africa
33490,Mauritania,MRT,2014,5.261,,3848461.0,Africa
33491,Mauritania,MRT,2015,5.211,4.4,3965910.0,Africa
33492,Mauritania,MRT,2016,5.157,,4086622.0,Africa
33493,Mauritania,MRT,2017,5.106,,4210554.0,Africa
33494,Mauritania,MRT,2018,5.044,,4337636.0,Africa
33495,Mauritania,MRT,2019,4.984,,4467661.0,Africa
33496,Mauritania,MRT,2020,4.912,4.99,4600083.0,Africa
33691,Mauritius,MUS,1950,6.027,1.95,525520.0,Africa
33692,Mauritius,MUS,1951,6.026,,541122.0,Africa
33693,Mauritius,MUS,1952,5.969,,557156.0,Africa
33694,Mauritius,MUS,1953,5.893,,571869.0,Africa
33695,Mauritius,MUS,1954,5.848,,585441.0,Africa
33696,Mauritius,MUS,1955,5.832,2.31,599550.0,Africa
33697,Mauritius,MUS,1956,5.814,,614515.0,Africa
33698,Mauritius,MUS,1957,5.836,,630366.0,Africa
33699,Mauritius,MUS,1958,5.862,,647113.0,Africa
33700,Mauritius,MUS,1959,5.876,,664799.0,Africa
33701,Mauritius,MUS,1960,5.897,2.82,680284.0,Africa
33702,Mauritius,MUS,1961,5.982,,692492.0,Africa
33703,Mauritius,MUS,1962,5.877,,705233.0,Africa
33704,Mauritius,MUS,1963,6.18,,720313.0,Africa
33705,Mauritius,MUS,1964,5.956,,736492.0,Africa
33706,Mauritius,MUS,1965,5.508,3.41,752616.0,Africa
33707,Mauritius,MUS,1966,5.46,,768613.0,Africa
33708,Mauritius,MUS,1967,4.626,,784215.0,Africa
33709,Mauritius,MUS,1968,4.596,,799243.0,Africa
33710,Mauritius,MUS,1969,3.965,,813679.0,Africa
33711,Mauritius,MUS,1970,3.82,4.03,827657.0,Africa
33712,Mauritius,MUS,1971,3.508,,841066.0,Africa
33713,Mauritius,MUS,1972,3.407,,853563.0,Africa
33714,Mauritius,MUS,1973,3.071,,865103.0,Africa
33715,Mauritius,MUS,1974,3.453,,876421.0,Africa
33716,Mauritius,MUS,1975,3.197,4.35,887972.0,Africa
33717,Mauritius,MUS,1976,3.129,,899804.0,Africa
33718,Mauritius,MUS,1977,3.071,,912106.0,Africa
33719,Mauritius,MUS,1978,3.011,,925233.0,Africa
33720,Mauritius,MUS,1979,2.914,,939343.0,Africa
33721,Mauritius,MUS,1980,2.803,4.85,954175.0,Africa
33722,Mauritius,MUS,1981,2.666,,969171.0,Africa
33723,Mauritius,MUS,1982,2.534,,983563.0,Africa
33724,Mauritius,MUS,1983,2.396,,997334.0,Africa
33725,Mauritius,MUS,1984,2.233,,1011190.0,Africa
33726,Mauritius,MUS,1985,2.054,5.49,1025018.0,Africa
33727,Mauritius,MUS,1986,1.947,,1038306.0,Africa
33728,Mauritius,MUS,1987,2.003,,1051073.0,Africa
33729,Mauritius,MUS,1988,2.097,,1063547.0,Africa
33730,Mauritius,MUS,1989,2.209,,1075933.0,Africa
33731,Mauritius,MUS,1990,2.296,6.21,1088984.0,Africa
33732,Mauritius,MUS,1991,2.293,,1103000.0,Africa
33733,Mauritius,MUS,1992,2.359,,1117626.0,Africa
33734,Mauritius,MUS,1993,2.312,,1132346.0,Africa
33735,Mauritius,MUS,1994,2.243,,1146506.0,Africa
33736,Mauritius,MUS,1995,2.138,6.54,1159775.0,Africa
33737,Mauritius,MUS,1996,2.116,,1172330.0,Africa
33738,Mauritius,MUS,1997,2.031,,1184261.0,Africa
33739,Mauritius,MUS,1998,1.911,,1195058.0,Africa
33740,Mauritius,MUS,1999,2.031,,1205856.0,Africa
33741,Mauritius,MUS,2000,1.976,6.67,1216582.0,Africa
33742,Mauritius,MUS,2001,1.895,,1225767.0,Africa
33743,Mauritius,MUS,2002,1.916,,1234043.0,Africa
33744,Mauritius,MUS,2003,1.871,,1242049.0,Africa
33745,Mauritius,MUS,2004,1.871,,1249747.0,Africa
33746,Mauritius,MUS,2005,1.824,7.85,1257166.0,Africa
33747,Mauritius,MUS,2006,1.714,,1263732.0,Africa
33748,Mauritius,MUS,2007,1.672,,1269468.0,Africa
33749,Mauritius,MUS,2008,1.602,,1274582.0,Africa
33750,Mauritius,MUS,2009,1.528,,1278929.0,Africa
33751,Mauritius,MUS,2010,1.495,9.23,1282665.0,Africa
33752,Mauritius,MUS,2011,1.482,,1286231.0,Africa
33753,Mauritius,MUS,2012,1.479,,1289121.0,Africa
33754,Mauritius,MUS,2013,1.419,,1290937.0,Africa
33755,Mauritius,MUS,2014,1.371,,1291949.0,Africa
33756,Mauritius,MUS,2015,1.319,9.8,1292230.0,Africa
33757,Mauritius,MUS,2016,1.352,,1291760.0,Africa
33758,Mauritius,MUS,2017,1.395,,1290605.0,Africa
33759,Mauritius,MUS,2018,1.365,,1288776.0,Africa
33760,Mauritius,MUS,2019,1.351,,1286227.0,Africa
33761,Mauritius,MUS,2020,1.387,10.43,1283178.0,Africa
33929,Mayotte,MYT,1950,6.864,,20511.0,Africa
33930,Mayotte,MYT,1951,6.873,,20902.0,Africa
33931,Mayotte,MYT,1952,6.875,,21314.0,Africa
33932,Mayotte,MYT,1953,6.865,,21763.0,Africa
33933,Mayotte,MYT,1954,6.867,,22274.0,Africa
33934,Mayotte,MYT,1955,6.867,,22805.0,Africa
33935,Mayotte,MYT,1956,6.859,,23368.0,Africa
33936,Mayotte,MYT,1957,6.887,,23958.0,Africa
33937,Mayotte,MYT,1958,6.921,,24595.0,Africa
33938,Mayotte,MYT,1959,6.95,,25278.0,Africa
33939,Mayotte,MYT,1960,6.985,,25975.0,Africa
33940,Mayotte,MYT,1961,7.01,,26712.0,Africa
33941,Mayotte,MYT,1962,7.035,,27489.0,Africa
33942,Mayotte,MYT,1963,7.057,,28315.0,Africa
33943,Mayotte,MYT,1964,7.081,,29197.0,Africa
33944,Mayotte,MYT,1965,7.115,,30169.0,Africa
33945,Mayotte,MYT,1966,7.138,,31184.0,Africa
33946,Mayotte,MYT,1967,7.197,,32238.0,Africa
33947,Mayotte,MYT,1968,7.251,,33217.0,Africa
33948,Mayotte,MYT,1969,7.305,,34115.0,Africa
33949,Mayotte,MYT,1970,7.368,,35075.0,Africa
33950,Mayotte,MYT,1971,7.421,,36087.0,Africa
33951,Mayotte,MYT,1972,7.451,,37189.0,Africa
33952,Mayotte,MYT,1973,7.478,,38376.0,Africa
33953,Mayotte,MYT,1974,7.496,,39627.0,Africa
33954,Mayotte,MYT,1975,7.533,,40938.0,Africa
33955,Mayotte,MYT,1976,7.521,,42315.0,Africa
33956,Mayotte,MYT,1977,7.507,,43738.0,Africa
33957,Mayotte,MYT,1978,7.48,,45391.0,Africa
33958,Mayotte,MYT,1979,7.415,,47564.0,Africa
33959,Mayotte,MYT,1980,7.323,,50115.0,Africa
33960,Mayotte,MYT,1981,7.215,,52916.0,Africa
33961,Mayotte,MYT,1982,7.096,,55885.0,Africa
33962,Mayotte,MYT,1983,6.967,,58970.0,Africa
33963,Mayotte,MYT,1984,6.832,,62136.0,Africa
33964,Mayotte,MYT,1985,6.688,,65556.0,Africa
33965,Mayotte,MYT,1986,6.561,,69597.0,Africa
33966,Mayotte,MYT,1987,6.43,,74193.0,Africa
33967,Mayotte,MYT,1988,6.307,,79089.0,Africa
33968,Mayotte,MYT,1989,6.178,,84238.0,Africa
33969,Mayotte,MYT,1990,6.051,,89559.0,Africa
33970,Mayotte,MYT,1991,5.948,,95069.0,Africa
33971,Mayotte,MYT,1992,5.85,,101166.0,Africa
33972,Mayotte,MYT,1993,5.756,,107946.0,Africa
33973,Mayotte,MYT,1994,5.67,,115105.0,Africa
33974,Mayotte,MYT,1995,5.588,,122538.0,Africa
33975,Mayotte,MYT,1996,5.513,,130128.0,Africa
33976,Mayotte,MYT,1997,5.392,,137399.0,Africa
33977,Mayotte,MYT,1998,5.256,,143933.0,Africa
33978,Mayotte,MYT,1999,5.111,,150174.0,Africa
33979,Mayotte,MYT,2000,4.964,,156461.0,Africa
33980,Mayotte,MYT,2001,4.811,,162674.0,Africa
33981,Mayotte,MYT,2002,4.66,,168046.0,Africa
33982,Mayotte,MYT,2003,4.534,,171658.0,Africa
33983,Mayotte,MYT,2004,4.448,,175003.0,Africa
33984,Mayotte,MYT,2005,4.502,,179567.0,Africa
33985,Mayotte,MYT,2006,4.506,,184959.0,Africa
33986,Mayotte,MYT,2007,4.493,,190732.0,Africa
33987,Mayotte,MYT,2008,4.475,,196376.0,Africa
33988,Mayotte,MYT,2009,4.463,,201860.0,Africa
33989,Mayotte,MYT,2010,4.433,,207387.0,Africa
33990,Mayotte,MYT,2011,4.391,,212951.0,Africa
33991,Mayotte,MYT,2012,4.362,,218964.0,Africa
33992,Mayotte,MYT,2013,4.433,,226591.0,Africa
33993,Mayotte,MYT,2014,4.534,,235741.0,Africa
33994,Mayotte,MYT,2015,4.675,,245544.0,Africa
33995,Mayotte,MYT,2016,4.704,,255828.0,Africa
33996,Mayotte,MYT,2017,4.66,,265129.0,Africa
33997,Mayotte,MYT,2018,4.66,,269654.0,Africa
33998,Mayotte,MYT,2019,4.58,,274870.0,Africa
33999,Mayotte,MYT,2020,4.17,,284330.0,Africa
34029,Mexico,MEX,1950,6.709,1.97,27587893.0,North America
34030,Mexico,MEX,1951,6.727,,28320443.0,North America
34031,Mexico,MEX,1952,6.731,,29090112.0,North America
34032,Mexico,MEX,1953,6.734,,29899194.0,North America
34033,Mexico,MEX,1954,6.745,,30752970.0,North America
34034,Mexico,MEX,1955,6.73,2.14,31650548.0,North America
34035,Mexico,MEX,1956,6.743,,32587890.0,North America
34036,Mexico,MEX,1957,6.752,,33562666.0,North America
34037,Mexico,MEX,1958,6.758,,34575024.0,North America
34038,Mexico,MEX,1959,6.758,,35627215.0,North America
34039,Mexico,MEX,1960,6.763,2.32,36724570.0,North America
34040,Mexico,MEX,1961,6.777,,37890078.0,North America
34041,Mexico,MEX,1962,6.8,,39129158.0,North America
34042,Mexico,MEX,1963,6.817,,40424014.0,North America
34043,Mexico,MEX,1964,6.833,,41771999.0,North America
34044,Mexico,MEX,1965,6.819,2.7,43174422.0,North America
34045,Mexico,MEX,1966,6.79,,44629058.0,North America
34046,Mexico,MEX,1967,6.753,,46129565.0,North America
34047,Mexico,MEX,1968,6.707,,47668254.0,North America
34048,Mexico,MEX,1969,6.626,,49233144.0,North America
34049,Mexico,MEX,1970,6.529,3.26,50814905.0,North America
34050,Mexico,MEX,1971,6.419,,52412508.0,North America
34051,Mexico,MEX,1972,6.281,,54030117.0,North America
34052,Mexico,MEX,1973,6.121,,55667239.0,North America
34053,Mexico,MEX,1974,5.947,,57320096.0,North America
34054,Mexico,MEX,1975,5.739,3.8,58982349.0,North America
34055,Mexico,MEX,1976,5.543,,60645471.0,North America
34056,Mexico,MEX,1977,5.361,,62308451.0,North America
34057,Mexico,MEX,1978,5.202,,63979005.0,North America
34058,Mexico,MEX,1979,4.964,,65648810.0,North America
34059,Mexico,MEX,1980,4.739,4.59,67300289.0,North America
34060,Mexico,MEX,1981,4.574,,68892067.0,North America
34061,Mexico,MEX,1982,4.425,,70433206.0,North America
34062,Mexico,MEX,1983,4.296,,71971193.0,North America
34063,Mexico,MEX,1984,4.184,,73506802.0,North America
34064,Mexico,MEX,1985,4.087,5.52,75043366.0,North America
34065,Mexico,MEX,1986,3.971,,76585591.0,North America
34066,Mexico,MEX,1987,3.803,,78136597.0,North America
34067,Mexico,MEX,1988,3.64,,79695481.0,North America
34068,Mexico,MEX,1989,3.532,,81247123.0,North America
34069,Mexico,MEX,1990,3.444,6.39,82820134.0,North America
34070,Mexico,MEX,1991,3.363,,84430515.0,North America
34071,Mexico,MEX,1992,3.285,,86044763.0,North America
34072,Mexico,MEX,1993,3.211,,87653764.0,North America
34073,Mexico,MEX,1994,3.132,,89259151.0,North America
34074,Mexico,MEX,1995,3.044,7.07,90862395.0,North America
34075,Mexico,MEX,1996,2.964,,92452649.0,North America
34076,Mexico,MEX,1997,2.886,,94021166.0,North America
34077,Mexico,MEX,1998,2.815,,95575200.0,North America
34078,Mexico,MEX,1999,2.763,,97115654.0,North America
34079,Mexico,MEX,2000,2.714,7.68,98625515.0,North America
34080,Mexico,MEX,2001,2.671,,100099057.0,North America
34081,Mexico,MEX,2002,2.633,,101548570.0,North America
34082,Mexico,MEX,2003,2.579,,102978472.0,North America
34083,Mexico,MEX,2004,2.536,,104394075.0,North America
34084,Mexico,MEX,2005,2.495,8.66,105811451.0,North America
34085,Mexico,MEX,2006,2.456,,107253625.0,North America
34086,Mexico,MEX,2007,2.421,,108774308.0,North America
34087,Mexico,MEX,2008,2.391,,110374235.0,North America
34088,Mexico,MEX,2009,2.364,,111999662.0,North America
34089,Mexico,MEX,2010,2.34,9.06,113623858.0,North America
34090,Mexico,MEX,2011,2.317,,115243459.0,North America
34091,Mexico,MEX,2012,2.294,,116818153.0,North America
34092,Mexico,MEX,2013,2.269,,118343517.0,North America
34093,Mexico,MEX,2014,2.211,,119784217.0,North America
34094,Mexico,MEX,2015,2.137,9.58,121072270.0,North America
34095,Mexico,MEX,2016,2.086,,122251299.0,North America
34096,Mexico,MEX,2017,2.041,,123400004.0,North America
34097,Mexico,MEX,2018,2.03,,124573671.0,North America
34098,Mexico,MEX,2019,2.02,,125762928.0,North America
34099,Mexico,MEX,2020,1.99,10.18,126798998.0,North America
34294,Micronesia (country),FSM,1950,6.633,,32086.0,Oceania
34295,Micronesia (country),FSM,1951,6.64,,32985.0,Oceania
34296,Micronesia (country),FSM,1952,6.652,,33901.0,Oceania
34297,Micronesia (country),FSM,1953,6.649,,34898.0,Oceania
34298,Micronesia (country),FSM,1954,6.652,,35900.0,Oceania
34299,Micronesia (country),FSM,1955,6.653,,36958.0,Oceania
34300,Micronesia (country),FSM,1956,6.669,,38057.0,Oceania
34301,Micronesia (country),FSM,1957,6.684,,39196.0,Oceania
34302,Micronesia (country),FSM,1958,6.697,,40382.0,Oceania
34303,Micronesia (country),FSM,1959,6.715,,41638.0,Oceania
34304,Micronesia (country),FSM,1960,6.742,,43037.0,Oceania
34305,Micronesia (country),FSM,1961,6.74,,44583.0,Oceania
34306,Micronesia (country),FSM,1962,6.729,,46196.0,Oceania
34307,Micronesia (country),FSM,1963,6.713,,47722.0,Oceania
34308,Micronesia (country),FSM,1964,6.737,,49150.0,Oceania
34309,Micronesia (country),FSM,1965,6.743,,50655.0,Oceania
34310,Micronesia (country),FSM,1966,6.781,,52238.0,Oceania
34311,Micronesia (country),FSM,1967,6.81,,53818.0,Oceania
34312,Micronesia (country),FSM,1968,6.84,,55438.0,Oceania
34313,Micronesia (country),FSM,1969,6.877,,57107.0,Oceania
34314,Micronesia (country),FSM,1970,6.928,,58902.0,Oceania
34315,Micronesia (country),FSM,1971,6.938,,60613.0,Oceania
34316,Micronesia (country),FSM,1972,6.961,,62249.0,Oceania
34317,Micronesia (country),FSM,1973,6.971,,63947.0,Oceania
34318,Micronesia (country),FSM,1974,6.928,,65725.0,Oceania
34319,Micronesia (country),FSM,1975,6.879,,67401.0,Oceania
34320,Micronesia (country),FSM,1976,6.818,,69022.0,Oceania
34321,Micronesia (country),FSM,1977,6.742,,70731.0,Oceania
34322,Micronesia (country),FSM,1978,6.65,,72726.0,Oceania
34323,Micronesia (country),FSM,1979,6.545,,75024.0,Oceania
34324,Micronesia (country),FSM,1980,6.423,,77372.0,Oceania
34325,Micronesia (country),FSM,1981,6.291,,79768.0,Oceania
34326,Micronesia (country),FSM,1982,6.164,,82191.0,Oceania
34327,Micronesia (country),FSM,1983,6.032,,84656.0,Oceania
34328,Micronesia (country),FSM,1984,5.888,,87149.0,Oceania
34329,Micronesia (country),FSM,1985,5.749,,89688.0,Oceania
34330,Micronesia (country),FSM,1986,5.612,,92228.0,Oceania
34331,Micronesia (country),FSM,1987,5.466,,94819.0,Oceania
34332,Micronesia (country),FSM,1988,5.323,,97068.0,Oceania
34333,Micronesia (country),FSM,1989,5.183,,98966.0,Oceania
34334,Micronesia (country),FSM,1990,5.049,,100860.0,Oceania
34335,Micronesia (country),FSM,1991,4.92,,102715.0,Oceania
34336,Micronesia (country),FSM,1992,4.802,,104782.0,Oceania
34337,Micronesia (country),FSM,1993,4.678,,107036.0,Oceania
34338,Micronesia (country),FSM,1994,4.575,,109041.0,Oceania
34339,Micronesia (country),FSM,1995,4.494,,110204.0,Oceania
34340,Micronesia (country),FSM,1996,4.427,,110678.0,Oceania
34341,Micronesia (country),FSM,1997,4.355,,111048.0,Oceania
34342,Micronesia (country),FSM,1998,4.301,,111344.0,Oceania
34343,Micronesia (country),FSM,1999,4.27,,111652.0,Oceania
34344,Micronesia (country),FSM,2000,4.217,,112026.0,Oceania
34345,Micronesia (country),FSM,2001,4.084,,112320.0,Oceania
34346,Micronesia (country),FSM,2002,3.934,,112416.0,Oceania
34347,Micronesia (country),FSM,2003,3.785,,112254.0,Oceania
34348,Micronesia (country),FSM,2004,3.681,,111893.0,Oceania
34349,Micronesia (country),FSM,2005,3.595,,111372.0,Oceania
34350,Micronesia (country),FSM,2006,3.514,,110695.0,Oceania
34351,Micronesia (country),FSM,2007,3.439,,109857.0,Oceania
34352,Micronesia (country),FSM,2008,3.368,,108904.0,Oceania
34353,Micronesia (country),FSM,2009,3.313,,107920.0,Oceania
34354,Micronesia (country),FSM,2010,3.271,,107513.0,Oceania
34355,Micronesia (country),FSM,2011,3.223,,107664.0,Oceania
34356,Micronesia (country),FSM,2012,3.18,,107862.0,Oceania
34357,Micronesia (country),FSM,2013,3.133,,108083.0,Oceania
34358,Micronesia (country),FSM,2014,3.091,,108365.0,Oceania
34359,Micronesia (country),FSM,2015,3.049,,108685.0,Oceania
34360,Micronesia (country),FSM,2016,3.001,,109041.0,Oceania
34361,Micronesia (country),FSM,2017,2.957,,109456.0,Oceania
34362,Micronesia (country),FSM,2018,2.922,,109881.0,Oceania
34363,Micronesia (country),FSM,2019,2.883,,110250.0,Oceania
34364,Micronesia (country),FSM,2020,2.852,,110883.0,Oceania
34518,Moldova,MDA,1950,3.486,,2528320.0,Europe
34519,Moldova,MDA,1951,3.519,,2572687.0,Europe
34520,Moldova,MDA,1952,3.533,,2619728.0,Europe
34521,Moldova,MDA,1953,3.534,,2669450.0,Europe
34522,Moldova,MDA,1954,3.516,,2721503.0,Europe
34523,Moldova,MDA,1955,3.492,,2775509.0,Europe
34524,Moldova,MDA,1956,3.466,,2831199.0,Europe
34525,Moldova,MDA,1957,3.435,,2887945.0,Europe
34526,Moldova,MDA,1958,3.405,,2944516.0,Europe
34527,Moldova,MDA,1959,3.373,,3007316.0,Europe
34528,Moldova,MDA,1960,3.315,,3076129.0,Europe
34529,Moldova,MDA,1961,3.228,,3143838.0,Europe
34530,Moldova,MDA,1962,3.043,,3209465.0,Europe
34531,Moldova,MDA,1963,2.891,,3271743.0,Europe
34532,Moldova,MDA,1964,2.71,,3330190.0,Europe
34533,Moldova,MDA,1965,2.685,,3385923.0,Europe
34534,Moldova,MDA,1966,2.651,,3440627.0,Europe
34535,Moldova,MDA,1967,2.617,,3494153.0,Europe
34536,Moldova,MDA,1968,2.592,,3547037.0,Europe
34537,Moldova,MDA,1969,2.566,,3599946.0,Europe
34538,Moldova,MDA,1970,2.565,,3643471.0,Europe
34539,Moldova,MDA,1971,2.563,,3677876.0,Europe
34540,Moldova,MDA,1972,2.564,,3713945.0,Europe
34541,Moldova,MDA,1973,2.566,,3752559.0,Europe
34542,Moldova,MDA,1974,2.564,,3793807.0,Europe
34543,Moldova,MDA,1975,2.522,,3836892.0,Europe
34544,Moldova,MDA,1976,2.472,,3880981.0,Europe
34545,Moldova,MDA,1977,2.424,,3925548.0,Europe
34546,Moldova,MDA,1978,2.387,,3970259.0,Europe
34547,Moldova,MDA,1979,2.384,,4010336.0,Europe
34548,Moldova,MDA,1980,2.381,,4048669.0,Europe
34549,Moldova,MDA,1981,2.402,,4089487.0,Europe
34550,Moldova,MDA,1982,2.449,,4130020.0,Europe
34551,Moldova,MDA,1983,2.578,,4172042.0,Europe
34552,Moldova,MDA,1984,2.669,,4215848.0,Europe
34553,Moldova,MDA,1985,2.674,,4261089.0,Europe
34554,Moldova,MDA,1986,2.738,,4309319.0,Europe
34555,Moldova,MDA,1987,2.776,,4359011.0,Europe
34556,Moldova,MDA,1988,2.628,,4407722.0,Europe
34557,Moldova,MDA,1989,2.463,,4439337.0,Europe
34558,Moldova,MDA,1990,2.392,,4451100.0,Europe
34559,Moldova,MDA,1991,2.278,,4456561.0,Europe
34560,Moldova,MDA,1992,2.217,,4455670.0,Europe
34561,Moldova,MDA,1993,2.112,,4448191.0,Europe
34562,Moldova,MDA,1994,1.993,,4434410.0,Europe
34563,Moldova,MDA,1995,1.825,,4414174.0,Europe
34564,Moldova,MDA,1996,1.709,,4387601.0,Europe
34565,Moldova,MDA,1997,1.79,,4355484.0,Europe
34566,Moldova,MDA,1998,1.65,,4318664.0,Europe
34567,Moldova,MDA,1999,1.556,,4278169.0,Europe
34568,Moldova,MDA,2000,1.496,,4234915.0,Europe
34569,Moldova,MDA,2001,1.471,,4189717.0,Europe
34570,Moldova,MDA,2002,1.448,,4142883.0,Europe
34571,Moldova,MDA,2003,1.479,,4095375.0,Europe
34572,Moldova,MDA,2004,1.543,,4046617.0,Europe
34573,Moldova,MDA,2005,1.528,,3988618.0,Europe
34574,Moldova,MDA,2006,1.537,,3921257.0,Europe
34575,Moldova,MDA,2007,1.575,,3851346.0,Europe
34576,Moldova,MDA,2008,1.638,,3779455.0,Europe
34577,Moldova,MDA,2009,1.719,,3706166.0,Europe
34578,Moldova,MDA,2010,1.703,,3631943.0,Europe
34579,Moldova,MDA,2011,1.65,,3557233.0,Europe
34580,Moldova,MDA,2012,1.661,,3482575.0,Europe
34581,Moldova,MDA,2013,1.622,,3408686.0,Europe
34582,Moldova,MDA,2014,1.82,,3342665.0,Europe
34583,Moldova,MDA,2015,1.87,10.92,3287114.0,Europe
34584,Moldova,MDA,2016,1.89,,3237747.0,Europe
34585,Moldova,MDA,2017,1.81,,3193456.0,Europe
34586,Moldova,MDA,2018,1.81,,3153724.0,Europe
34587,Moldova,MDA,2019,1.78,,3112515.0,Europe
34588,Moldova,MDA,2020,1.77,10.96,3069084.0,Europe
34783,Monaco,MCO,1950,3.058,,19645.0,Europe
34784,Monaco,MCO,1951,3.07,,20324.0,Europe
34785,Monaco,MCO,1952,3.064,,20531.0,Europe
34786,Monaco,MCO,1953,3.04,,20638.0,Europe
34787,Monaco,MCO,1954,2.99,,20649.0,Europe
34788,Monaco,MCO,1955,2.967,,20562.0,Europe
34789,Monaco,MCO,1956,2.946,,20708.0,Europe
34790,Monaco,MCO,1957,2.928,,21074.0,Europe
34791,Monaco,MCO,1958,2.894,,21381.0,Europe
34792,Monaco,MCO,1959,2.849,,21628.0,Europe
34793,Monaco,MCO,1960,2.812,,21780.0,Europe
34794,Monaco,MCO,1961,2.783,,21883.0,Europe
34795,Monaco,MCO,1962,2.756,,22055.0,Europe
34796,Monaco,MCO,1963,2.727,,22358.0,Europe
34797,Monaco,MCO,1964,2.69,,22659.0,Europe
34798,Monaco,MCO,1965,2.66,,22920.0,Europe
34799,Monaco,MCO,1966,2.625,,23099.0,Europe
34800,Monaco,MCO,1967,2.591,,23221.0,Europe
34801,Monaco,MCO,1968,2.566,,23410.0,Europe
34802,Monaco,MCO,1969,2.536,,23806.0,Europe
34803,Monaco,MCO,1970,2.5,,24212.0,Europe
34804,Monaco,MCO,1971,2.47,,24558.0,Europe
34805,Monaco,MCO,1972,2.44,,24848.0,Europe
34806,Monaco,MCO,1973,2.408,,25046.0,Europe
34807,Monaco,MCO,1974,2.377,,25214.0,Europe
34808,Monaco,MCO,1975,2.351,,25475.0,Europe
34809,Monaco,MCO,1976,2.326,,25860.0,Europe
34810,Monaco,MCO,1977,2.306,,26243.0,Europe
34811,Monaco,MCO,1978,2.284,,26577.0,Europe
34812,Monaco,MCO,1979,2.264,,26866.0,Europe
34813,Monaco,MCO,1980,2.244,,27100.0,Europe
34814,Monaco,MCO,1981,2.224,,27263.0,Europe
34815,Monaco,MCO,1982,2.203,,27531.0,Europe
34816,Monaco,MCO,1983,2.184,,27939.0,Europe
34817,Monaco,MCO,1984,2.165,,28325.0,Europe
34818,Monaco,MCO,1985,2.141,,28713.0,Europe
34819,Monaco,MCO,1986,2.106,,29066.0,Europe
34820,Monaco,MCO,1987,2.062,,29423.0,Europe
34821,Monaco,MCO,1988,2.011,,29756.0,Europe
34822,Monaco,MCO,1989,1.934,,30058.0,Europe
34823,Monaco,MCO,1990,1.848,,30326.0,Europe
34824,Monaco,MCO,1991,1.786,,30602.0,Europe
34825,Monaco,MCO,1992,1.755,,30867.0,Europe
34826,Monaco,MCO,1993,1.749,,31120.0,Europe
34827,Monaco,MCO,1994,1.756,,31345.0,Europe
34828,Monaco,MCO,1995,1.783,,31585.0,Europe
34829,Monaco,MCO,1996,1.824,,31805.0,Europe
34830,Monaco,MCO,1997,1.884,,32048.0,Europe
34831,Monaco,MCO,1998,1.954,,32240.0,Europe
34832,Monaco,MCO,1999,2.007,,32386.0,Europe
34833,Monaco,MCO,2000,2.082,,32432.0,Europe
34834,Monaco,MCO,2001,2.176,,32417.0,Europe
34835,Monaco,MCO,2002,2.006,,32389.0,Europe
34836,Monaco,MCO,2003,1.914,,32347.0,Europe
34837,Monaco,MCO,2004,1.994,,32291.0,Europe
34838,Monaco,MCO,2005,2.006,,32187.0,Europe
34839,Monaco,MCO,2006,2.101,,32038.0,Europe
34840,Monaco,MCO,2007,2.206,,31816.0,Europe
34841,Monaco,MCO,2008,2.384,,31807.0,Europe
34842,Monaco,MCO,2009,2.397,,32340.0,Europe
34843,Monaco,MCO,2010,2.385,,33133.0,Europe
34844,Monaco,MCO,2011,2.22,,33923.0,Europe
34845,Monaco,MCO,2012,2.294,,34689.0,Europe
34846,Monaco,MCO,2013,2.313,,35428.0,Europe
34847,Monaco,MCO,2014,2.485,,36107.0,Europe
34848,Monaco,MCO,2015,2.503,,36733.0,Europe
34849,Monaco,MCO,2016,2.578,,37245.0,Europe
34850,Monaco,MCO,2017,2.418,,37654.0,Europe
34851,Monaco,MCO,2018,2.485,,38129.0,Europe
34852,Monaco,MCO,2019,2.403,,38083.0,Europe
34853,Monaco,MCO,2020,2.38,,38027.0,Europe
35007,Mongolia,MNG,1950,5.503,,781648.0,Asia
35008,Mongolia,MNG,1951,5.559,,794281.0,Asia
35009,Mongolia,MNG,1952,5.665,,807052.0,Asia
35010,Mongolia,MNG,1953,5.766,,820230.0,Asia
35011,Mongolia,MNG,1954,5.87,,833975.0,Asia
35012,Mongolia,MNG,1955,6.057,,848638.0,Asia
35013,Mongolia,MNG,1956,6.238,,868431.0,Asia
35014,Mongolia,MNG,1957,6.389,,893184.0,Asia
35015,Mongolia,MNG,1958,6.535,,919255.0,Asia
35016,Mongolia,MNG,1959,6.681,,947371.0,Asia
35017,Mongolia,MNG,1960,6.817,,977549.0,Asia
35018,Mongolia,MNG,1961,6.963,,1009249.0,Asia
35019,Mongolia,MNG,1962,7.098,,1041399.0,Asia
35020,Mongolia,MNG,1963,7.238,,1071322.0,Asia
35021,Mongolia,MNG,1964,7.329,,1100187.0,Asia
35022,Mongolia,MNG,1965,7.377,,1131132.0,Asia
35023,Mongolia,MNG,1966,7.409,,1163722.0,Asia
35024,Mongolia,MNG,1967,7.389,,1196942.0,Asia
35025,Mongolia,MNG,1968,7.371,,1229881.0,Asia
35026,Mongolia,MNG,1969,7.337,,1262249.0,Asia
35027,Mongolia,MNG,1970,7.314,,1295232.0,Asia
35028,Mongolia,MNG,1971,7.297,,1330026.0,Asia
35029,Mongolia,MNG,1972,7.279,,1366782.0,Asia
35030,Mongolia,MNG,1973,7.24,,1405458.0,Asia
35031,Mongolia,MNG,1974,7.173,,1446010.0,Asia
35032,Mongolia,MNG,1975,7.066,,1488247.0,Asia
35033,Mongolia,MNG,1976,6.931,,1531898.0,Asia
35034,Mongolia,MNG,1977,6.79,,1576194.0,Asia
35035,Mongolia,MNG,1978,6.62,,1619438.0,Asia
35036,Mongolia,MNG,1979,6.424,,1660619.0,Asia
35037,Mongolia,MNG,1980,6.211,,1701300.0,Asia
35038,Mongolia,MNG,1981,5.982,,1742800.0,Asia
35039,Mongolia,MNG,1982,5.801,,1785311.0,Asia
35040,Mongolia,MNG,1983,5.628,,1829046.0,Asia
35041,Mongolia,MNG,1984,5.451,,1874306.0,Asia
35042,Mongolia,MNG,1985,5.262,,1921473.0,Asia
35043,Mongolia,MNG,1986,5.029,,1970925.0,Asia
35044,Mongolia,MNG,1987,4.829,,2022742.0,Asia
35045,Mongolia,MNG,1988,4.647,,2076281.0,Asia
35046,Mongolia,MNG,1989,4.42,,2124142.0,Asia
35047,Mongolia,MNG,1990,4.206,,2164532.0,Asia
35048,Mongolia,MNG,1991,3.858,,2202716.0,Asia
35049,Mongolia,MNG,1992,3.426,,2239077.0,Asia
35050,Mongolia,MNG,1993,3.017,,2273471.0,Asia
35051,Mongolia,MNG,1994,2.819,,2305695.0,Asia
35052,Mongolia,MNG,1995,2.736,,2335667.0,Asia
35053,Mongolia,MNG,1996,2.621,,2363425.0,Asia
35054,Mongolia,MNG,1997,2.477,,2389074.0,Asia
35055,Mongolia,MNG,1998,2.358,,2412744.0,Asia
35056,Mongolia,MNG,1999,2.297,,2433998.0,Asia
35057,Mongolia,MNG,2000,2.255,,2455142.0,Asia
35058,Mongolia,MNG,2001,2.194,,2477664.0,Asia
35059,Mongolia,MNG,2002,2.103,,2500029.0,Asia
35060,Mongolia,MNG,2003,2.019,,2521755.0,Asia
35061,Mongolia,MNG,2004,1.983,,2542754.0,Asia
35062,Mongolia,MNG,2005,1.99,,2563418.0,Asia
35063,Mongolia,MNG,2006,2.116,,2584714.0,Asia
35064,Mongolia,MNG,2007,2.321,,2607932.0,Asia
35065,Mongolia,MNG,2008,2.532,,2634381.0,Asia
35066,Mongolia,MNG,2009,2.625,,2665283.0,Asia
35067,Mongolia,MNG,2010,2.521,,2701690.0,Asia
35068,Mongolia,MNG,2011,2.595,,2745129.0,Asia
35069,Mongolia,MNG,2012,2.739,,2795410.0,Asia
35070,Mongolia,MNG,2013,2.94,,2851830.0,Asia
35071,Mongolia,MNG,2014,2.996,,2912984.0,Asia
35072,Mongolia,MNG,2015,3.01,10.1,2976476.0,Asia
35073,Mongolia,MNG,2016,2.957,,3040773.0,Asia
35074,Mongolia,MNG,2017,2.891,,3104314.0,Asia
35075,Mongolia,MNG,2018,2.923,,3167660.0,Asia
35076,Mongolia,MNG,2019,3.008,,3232069.0,Asia
35077,Mongolia,MNG,2020,2.949,10.32,3290733.0,Asia
35272,Montenegro,MNE,1950,4.364,,402476.0,Europe
35273,Montenegro,MNE,1951,4.626,,410024.0,Europe
35274,Montenegro,MNE,1952,4.563,,418859.0,Europe
35275,Montenegro,MNE,1953,4.558,,427440.0,Europe
35276,Montenegro,MNE,1954,4.487,,434319.0,Europe
35277,Montenegro,MNE,1955,4.157,,440548.0,Europe
35278,Montenegro,MNE,1956,4.027,,446646.0,Europe
35279,Montenegro,MNE,1957,3.945,,452697.0,Europe
35280,Montenegro,MNE,1958,3.803,,458759.0,Europe
35281,Montenegro,MNE,1959,3.531,,464852.0,Europe
35282,Montenegro,MNE,1960,3.532,,471158.0,Europe
35283,Montenegro,MNE,1961,3.487,,477788.0,Europe
35284,Montenegro,MNE,1962,3.443,,484398.0,Europe
35285,Montenegro,MNE,1963,3.382,,490746.0,Europe
35286,Montenegro,MNE,1964,3.279,,496890.0,Europe
35287,Montenegro,MNE,1965,3.186,,502845.0,Europe
35288,Montenegro,MNE,1966,3.093,,508584.0,Europe
35289,Montenegro,MNE,1967,2.912,,514053.0,Europe
35290,Montenegro,MNE,1968,2.795,,519264.0,Europe
35291,Montenegro,MNE,1969,2.791,,524400.0,Europe
35292,Montenegro,MNE,1970,2.687,,529630.0,Europe
35293,Montenegro,MNE,1971,2.673,,535069.0,Europe
35294,Montenegro,MNE,1972,2.611,,540653.0,Europe
35295,Montenegro,MNE,1973,2.512,,546221.0,Europe
35296,Montenegro,MNE,1974,2.434,,551695.0,Europe
35297,Montenegro,MNE,1975,2.381,,557116.0,Europe
35298,Montenegro,MNE,1976,2.352,,562598.0,Europe
35299,Montenegro,MNE,1977,2.307,,568044.0,Europe
35300,Montenegro,MNE,1978,2.247,,573470.0,Europe
35301,Montenegro,MNE,1979,2.197,,578964.0,Europe
35302,Montenegro,MNE,1980,2.217,,584782.0,Europe
35303,Montenegro,MNE,1981,2.193,,589870.0,Europe
35304,Montenegro,MNE,1982,2.186,,593588.0,Europe
35305,Montenegro,MNE,1983,2.166,,596914.0,Europe
35306,Montenegro,MNE,1984,2.136,,600214.0,Europe
35307,Montenegro,MNE,1985,2.129,,603459.0,Europe
35308,Montenegro,MNE,1986,2.091,,606762.0,Europe
35309,Montenegro,MNE,1987,2.07,,610124.0,Europe
35310,Montenegro,MNE,1988,2.006,,613538.0,Europe
35311,Montenegro,MNE,1989,1.938,,616995.0,Europe
35312,Montenegro,MNE,1990,1.945,,620462.0,Europe
35313,Montenegro,MNE,1991,2.015,,623514.0,Europe
35314,Montenegro,MNE,1992,2.013,,625982.0,Europe
35315,Montenegro,MNE,1993,1.955,,628058.0,Europe
35316,Montenegro,MNE,1994,1.936,,629834.0,Europe
35317,Montenegro,MNE,1995,1.958,,631335.0,Europe
35318,Montenegro,MNE,1996,1.922,,632573.0,Europe
35319,Montenegro,MNE,1997,1.886,,633482.0,Europe
35320,Montenegro,MNE,1998,1.893,,634058.0,Europe
35321,Montenegro,MNE,1999,1.884,,634238.0,Europe
35322,Montenegro,MNE,2000,1.903,,634144.0,Europe
35323,Montenegro,MNE,2001,1.855,,633948.0,Europe
35324,Montenegro,MNE,2002,1.813,,633716.0,Europe
35325,Montenegro,MNE,2003,1.804,,633508.0,Europe
35326,Montenegro,MNE,2004,1.734,,633704.0,Europe
35327,Montenegro,MNE,2005,1.702,,634003.0,Europe
35328,Montenegro,MNE,2006,1.737,,633821.0,Europe
35329,Montenegro,MNE,2007,1.803,,633335.0,Europe
35330,Montenegro,MNE,2008,1.895,,632805.0,Europe
35331,Montenegro,MNE,2009,1.96,,632404.0,Europe
35332,Montenegro,MNE,2010,1.731,,632036.0,Europe
35333,Montenegro,MNE,2011,1.676,,632639.0,Europe
35334,Montenegro,MNE,2012,1.728,,633497.0,Europe
35335,Montenegro,MNE,2013,1.744,,633162.0,Europe
35336,Montenegro,MNE,2014,1.762,,631332.0,Europe
35337,Montenegro,MNE,2015,1.756,,628096.0,Europe
35338,Montenegro,MNE,2016,1.8,,624199.0,Europe
35339,Montenegro,MNE,2017,1.79,,620062.0,Europe
35340,Montenegro,MNE,2018,1.775,,615760.0,Europe
35341,Montenegro,MNE,2019,1.814,,611625.0,Europe
35342,Montenegro,MNE,2020,1.831,,607887.0,Europe
35496,Montserrat,MSR,1950,4.823,,12925.0,North America
35497,Montserrat,MSR,1951,4.841,,12827.0,North America
35498,Montserrat,MSR,1952,4.861,,12724.0,North America
35499,Montserrat,MSR,1953,4.872,,12640.0,North America
35500,Montserrat,MSR,1954,4.845,,12524.0,North America
35501,Montserrat,MSR,1955,4.84,,12459.0,North America
35502,Montserrat,MSR,1956,4.758,,12371.0,North America
35503,Montserrat,MSR,1957,4.701,,12290.0,North America
35504,Montserrat,MSR,1958,4.664,,12188.0,North America
35505,Montserrat,MSR,1959,4.601,,12099.0,North America
35506,Montserrat,MSR,1960,4.551,,12015.0,North America
35507,Montserrat,MSR,1961,4.513,,11943.0,North America
35508,Montserrat,MSR,1962,4.495,,11864.0,North America
35509,Montserrat,MSR,1963,4.46,,11790.0,North America
35510,Montserrat,MSR,1964,4.376,,11707.0,North America
35511,Montserrat,MSR,1965,4.273,,11624.0,North America
35512,Montserrat,MSR,1966,4.161,,11557.0,North America
35513,Montserrat,MSR,1967,4.075,,11485.0,North America
35514,Montserrat,MSR,1968,3.991,,11422.0,North America
35515,Montserrat,MSR,1969,3.856,,11363.0,North America
35516,Montserrat,MSR,1970,3.742,,11323.0,North America
35517,Montserrat,MSR,1971,3.621,,11317.0,North America
35518,Montserrat,MSR,1972,3.495,,11327.0,North America
35519,Montserrat,MSR,1973,3.346,,11348.0,North America
35520,Montserrat,MSR,1974,3.164,,11361.0,North America
35521,Montserrat,MSR,1975,2.953,,11384.0,North America
35522,Montserrat,MSR,1976,2.762,,11402.0,North America
35523,Montserrat,MSR,1977,2.59,,11411.0,North America
35524,Montserrat,MSR,1978,2.437,,11418.0,North America
35525,Montserrat,MSR,1979,2.317,,11394.0,North America
35526,Montserrat,MSR,1980,2.244,,11317.0,North America
35527,Montserrat,MSR,1981,2.253,,11216.0,North America
35528,Montserrat,MSR,1982,2.5,,11160.0,North America
35529,Montserrat,MSR,1983,2.492,,11095.0,North America
35530,Montserrat,MSR,1984,2.439,,11041.0,North America
35531,Montserrat,MSR,1985,2.358,,10975.0,North America
35532,Montserrat,MSR,1986,2.261,,10924.0,North America
35533,Montserrat,MSR,1987,2.224,,10878.0,North America
35534,Montserrat,MSR,1988,2.188,,10815.0,North America
35535,Montserrat,MSR,1989,2.167,,10753.0,North America
35536,Montserrat,MSR,1990,2.163,,10661.0,North America
35537,Montserrat,MSR,1991,2.166,,10416.0,North America
35538,Montserrat,MSR,1992,2.162,,9973.0,North America
35539,Montserrat,MSR,1993,2.143,,9404.0,North America
35540,Montserrat,MSR,1994,2.084,,8821.0,North America
35541,Montserrat,MSR,1995,1.94,,8222.0,North America
35542,Montserrat,MSR,1996,1.702,,7582.0,North America
35543,Montserrat,MSR,1997,1.503,,6932.0,North America
35544,Montserrat,MSR,1998,1.351,,6276.0,North America
35545,Montserrat,MSR,1999,1.204,,5641.0,North America
35546,Montserrat,MSR,2000,1.229,,5011.0,North America
35547,Montserrat,MSR,2001,1.519,,4573.0,North America
35548,Montserrat,MSR,2002,1.448,,4454.0,North America
35549,Montserrat,MSR,2003,1.596,,4479.0,North America
35550,Montserrat,MSR,2004,1.615,,4508.0,North America
35551,Montserrat,MSR,2005,1.615,,4529.0,North America
35552,Montserrat,MSR,2006,1.61,,4562.0,North America
35553,Montserrat,MSR,2007,1.602,,4608.0,North America
35554,Montserrat,MSR,2008,1.6,,4654.0,North America
35555,Montserrat,MSR,2009,1.59,,4717.0,North America
35556,Montserrat,MSR,2010,1.583,,4783.0,North America
35557,Montserrat,MSR,2011,1.567,,4805.0,North America
35558,Montserrat,MSR,2012,1.561,,4781.0,North America
35559,Montserrat,MSR,2013,1.48,,4731.0,North America
35560,Montserrat,MSR,2014,1.467,,4705.0,North America
35561,Montserrat,MSR,2015,1.512,,4653.0,North America
35562,Montserrat,MSR,2016,1.62,,4615.0,North America
35563,Montserrat,MSR,2017,1.685,,4581.0,North America
35564,Montserrat,MSR,2018,1.748,,4553.0,North America
35565,Montserrat,MSR,2019,1.865,,4524.0,North America
35566,Montserrat,MSR,2020,1.954,,4493.0,North America
35680,Morocco,MAR,1950,6.14,0.24,8935407.0,Africa
35681,Morocco,MAR,1951,6.219,,9159244.0,Africa
35682,Morocco,MAR,1952,6.31,,9394838.0,Africa
35683,Morocco,MAR,1953,6.39,,9639525.0,Africa
35684,Morocco,MAR,1954,6.435,,9893270.0,Africa
35685,Morocco,MAR,1955,6.501,0.27,10158077.0,Africa
35686,Morocco,MAR,1956,6.564,,10433981.0,Africa
35687,Morocco,MAR,1957,6.627,,10720511.0,Africa
35688,Morocco,MAR,1958,6.711,,11013691.0,Africa
35689,Morocco,MAR,1959,6.804,,11316962.0,Africa
35690,Morocco,MAR,1960,6.887,0.35,11624881.0,Africa
35691,Morocco,MAR,1961,6.969,,11931047.0,Africa
35692,Morocco,MAR,1962,7.046,,12253046.0,Africa
35693,Morocco,MAR,1963,7.012,,12577447.0,Africa
35694,Morocco,MAR,1964,6.97,,12898837.0,Africa
35695,Morocco,MAR,1965,6.932,0.46,13239121.0,Africa
35696,Morocco,MAR,1966,6.889,,13597005.0,Africa
35697,Morocco,MAR,1967,6.845,,13968124.0,Africa
35698,Morocco,MAR,1968,6.786,,14347839.0,Africa
35699,Morocco,MAR,1969,6.726,,14734204.0,Africa
35700,Morocco,MAR,1970,6.682,0.62,15129403.0,Africa
35701,Morocco,MAR,1971,6.616,,15527182.0,Africa
35702,Morocco,MAR,1972,6.545,,15924645.0,Africa
35703,Morocco,MAR,1973,6.481,,16326228.0,Africa
35704,Morocco,MAR,1974,6.397,,16733797.0,Africa
35705,Morocco,MAR,1975,6.299,0.88,17150745.0,Africa
35706,Morocco,MAR,1976,6.175,,17574137.0,Africa
35707,Morocco,MAR,1977,6.036,,18014713.0,Africa
35708,Morocco,MAR,1978,5.91,,18477330.0,Africa
35709,Morocco,MAR,1979,5.849,,18955548.0,Africa
35710,Morocco,MAR,1980,5.784,1.24,19459892.0,Africa
35711,Morocco,MAR,1981,5.71,,19985354.0,Africa
35712,Morocco,MAR,1982,5.604,,20520273.0,Africa
35713,Morocco,MAR,1983,5.41,,21060650.0,Africa
35714,Morocco,MAR,1984,5.199,,21593725.0,Africa
35715,Morocco,MAR,1985,4.988,1.69,22113898.0,Africa
35716,Morocco,MAR,1986,4.772,,22600746.0,Africa
35717,Morocco,MAR,1987,4.583,,23054340.0,Africa
35718,Morocco,MAR,1988,4.394,,23500486.0,Africa
35719,Morocco,MAR,1989,4.217,,23939368.0,Africa
35720,Morocco,MAR,1990,4.06,2.21,24375508.0,Africa
35721,Morocco,MAR,1991,3.947,,24798965.0,Africa
35722,Morocco,MAR,1992,3.757,,25212419.0,Africa
35723,Morocco,MAR,1993,3.548,,25614533.0,Africa
35724,Morocco,MAR,1994,3.413,,26000781.0,Africa
35725,Morocco,MAR,1995,3.295,2.72,26399383.0,Africa
35726,Morocco,MAR,1996,3.229,,26808063.0,Africa
35727,Morocco,MAR,1997,3.147,,27213289.0,Africa
35728,Morocco,MAR,1998,3.037,,27621589.0,Africa
35729,Morocco,MAR,1999,2.882,,28027140.0,Africa
35730,Morocco,MAR,2000,2.774,3.16,28423380.0,Africa
35731,Morocco,MAR,2001,2.686,,28814598.0,Africa
35732,Morocco,MAR,2002,2.617,,29198087.0,Africa
35733,Morocco,MAR,2003,2.606,,29571375.0,Africa
35734,Morocco,MAR,2004,2.611,,29952970.0,Africa
35735,Morocco,MAR,2005,2.613,3.75,30358088.0,Africa
35736,Morocco,MAR,2006,2.611,,30771131.0,Africa
35737,Morocco,MAR,2007,2.618,,31186417.0,Africa
35738,Morocco,MAR,2008,2.612,,31606714.0,Africa
35739,Morocco,MAR,2009,2.624,,32030735.0,Africa
35740,Morocco,MAR,2010,2.629,4.48,32466965.0,Africa
35741,Morocco,MAR,2011,2.595,,32912540.0,Africa
35742,Morocco,MAR,2012,2.543,,33355201.0,Africa
35743,Morocco,MAR,2013,2.478,,33787523.0,Africa
35744,Morocco,MAR,2014,2.425,,34204741.0,Africa
35745,Morocco,MAR,2015,2.406,5.35,34607538.0,Africa
35746,Morocco,MAR,2016,2.396,,35023413.0,Africa
35747,Morocco,MAR,2017,2.375,,35446348.0,Africa
35748,Morocco,MAR,2018,2.354,,35839708.0,Africa
35749,Morocco,MAR,2019,2.342,,36210859.0,Africa
35750,Morocco,MAR,2020,2.32,6.11,36584160.0,Africa
35945,Mozambique,MOZ,1950,5.997,0.33,5910198.0,Africa
35946,Mozambique,MOZ,1951,6.03,,5978112.0,Africa
35947,Mozambique,MOZ,1952,6.064,,6050716.0,Africa
35948,Mozambique,MOZ,1953,6.086,,6123066.0,Africa
35949,Mozambique,MOZ,1954,6.116,,6196932.0,Africa
35950,Mozambique,MOZ,1955,6.141,0.37,6274428.0,Africa
35951,Mozambique,MOZ,1956,6.166,,6354997.0,Africa
35952,Mozambique,MOZ,1957,6.175,,6438137.0,Africa
35953,Mozambique,MOZ,1958,6.189,,6521517.0,Africa
35954,Mozambique,MOZ,1959,6.252,,6610363.0,Africa
35955,Mozambique,MOZ,1960,6.312,0.41,6713654.0,Africa
35956,Mozambique,MOZ,1961,6.366,,6834888.0,Africa
35957,Mozambique,MOZ,1962,6.424,,6969317.0,Africa
35958,Mozambique,MOZ,1963,6.474,,7109782.0,Africa
35959,Mozambique,MOZ,1964,6.513,,7255013.0,Africa
35960,Mozambique,MOZ,1965,6.544,0.46,7406372.0,Africa
35961,Mozambique,MOZ,1966,6.577,,7562937.0,Africa
35962,Mozambique,MOZ,1967,6.607,,7724510.0,Africa
35963,Mozambique,MOZ,1968,6.646,,7892564.0,Africa
35964,Mozambique,MOZ,1969,6.672,,8066904.0,Africa
35965,Mozambique,MOZ,1970,6.699,0.47,8250456.0,Africa
35966,Mozambique,MOZ,1971,6.701,,8456273.0,Africa
35967,Mozambique,MOZ,1972,6.701,,8692879.0,Africa
35968,Mozambique,MOZ,1973,6.698,,8954202.0,Africa
35969,Mozambique,MOZ,1974,6.671,,9236042.0,Africa
35970,Mozambique,MOZ,1975,6.659,0.44,9540782.0,Africa
35971,Mozambique,MOZ,1976,6.641,,9867165.0,Africa
35972,Mozambique,MOZ,1977,6.617,,10224930.0,Africa
35973,Mozambique,MOZ,1978,6.592,,10618194.0,Africa
35974,Mozambique,MOZ,1979,6.564,,11028767.0,Africa
35975,Mozambique,MOZ,1980,6.53,0.56,11336159.0,Africa
35976,Mozambique,MOZ,1981,6.48,,11568078.0,Africa
35977,Mozambique,MOZ,1982,6.43,,11824314.0,Africa
35978,Mozambique,MOZ,1983,6.434,,12073770.0,Africa
35979,Mozambique,MOZ,1984,6.438,,12315898.0,Africa
35980,Mozambique,MOZ,1985,6.43,0.69,12548910.0,Africa
35981,Mozambique,MOZ,1986,6.413,,12770538.0,Africa
35982,Mozambique,MOZ,1987,6.393,,12822524.0,Africa
35983,Mozambique,MOZ,1988,6.367,,12800513.0,Africa
35984,Mozambique,MOZ,1989,6.348,,12906799.0,Africa
35985,Mozambique,MOZ,1990,6.319,0.63,13094484.0,Africa
35986,Mozambique,MOZ,1991,6.276,,13352046.0,Africa
35987,Mozambique,MOZ,1992,6.218,,13613263.0,Africa
35988,Mozambique,MOZ,1993,6.153,,14051158.0,Africa
35989,Mozambique,MOZ,1994,6.082,,15033800.0,Africa
35990,Mozambique,MOZ,1995,6.019,0.63,15960479.0,Africa
35991,Mozambique,MOZ,1996,5.973,,16492428.0,Africa
35992,Mozambique,MOZ,1997,5.933,,16949939.0,Africa
35993,Mozambique,MOZ,1998,5.905,,17340415.0,Africa
35994,Mozambique,MOZ,1999,5.875,,17734447.0,Africa
35995,Mozambique,MOZ,2000,5.83,0.72,18129602.0,Africa
35996,Mozambique,MOZ,2001,5.755,,18537683.0,Africa
35997,Mozambique,MOZ,2002,5.667,,18958295.0,Africa
35998,Mozambique,MOZ,2003,5.6,,19392422.0,Africa
35999,Mozambique,MOZ,2004,5.551,,19840266.0,Africa
36000,Mozambique,MOZ,2005,5.5,0.87,20304530.0,Africa
36001,Mozambique,MOZ,2006,5.452,,20787045.0,Africa
36002,Mozambique,MOZ,2007,5.466,,21287589.0,Africa
36003,Mozambique,MOZ,2008,5.598,,21818980.0,Africa
36004,Mozambique,MOZ,2009,5.681,,22391698.0,Africa
36005,Mozambique,MOZ,2010,5.66,1.52,22999191.0,Africa
36006,Mozambique,MOZ,2011,5.599,,23649004.0,Africa
36007,Mozambique,MOZ,2012,5.518,,24337788.0,Africa
36008,Mozambique,MOZ,2013,5.43,,25051568.0,Africa
36009,Mozambique,MOZ,2014,5.304,,25788424.0,Africa
36010,Mozambique,MOZ,2015,5.245,2.6,26547522.0,Africa
36011,Mozambique,MOZ,2016,5.188,,27337054.0,Africa
36012,Mozambique,MOZ,2017,5.128,,28166349.0,Africa
36013,Mozambique,MOZ,2018,5.07,,29018595.0,Africa
36014,Mozambique,MOZ,2019,5.016,,29884331.0,Africa
36015,Mozambique,MOZ,2020,4.959,3.57,30783641.0,Africa
36210,Myanmar,MMR,1950,5.943,0.8,17737081.0,Asia
36211,Myanmar,MMR,1951,5.937,,18070369.0,Asia
36212,Myanmar,MMR,1952,5.93,,18417961.0,Asia
36213,Myanmar,MMR,1953,5.925,,18779853.0,Asia
36214,Myanmar,MMR,1954,5.923,,19156610.0,Asia
36215,Myanmar,MMR,1955,5.914,0.87,19550444.0,Asia
36216,Myanmar,MMR,1956,5.916,,19959173.0,Asia
36217,Myanmar,MMR,1957,5.917,,20382652.0,Asia
36218,Myanmar,MMR,1958,5.91,,20816370.0,Asia
36219,Myanmar,MMR,1959,5.911,,21263969.0,Asia
36220,Myanmar,MMR,1960,5.901,0.89,21730205.0,Asia
36221,Myanmar,MMR,1961,5.9,,22210530.0,Asia
36222,Myanmar,MMR,1962,5.904,,22704673.0,Asia
36223,Myanmar,MMR,1963,5.905,,23213360.0,Asia
36224,Myanmar,MMR,1964,5.907,,23737260.0,Asia
36225,Myanmar,MMR,1965,5.912,1.01,24279391.0,Asia
36226,Myanmar,MMR,1966,5.876,,24836455.0,Asia
36227,Myanmar,MMR,1967,5.842,,25406381.0,Asia
36228,Myanmar,MMR,1968,5.797,,25989618.0,Asia
36229,Myanmar,MMR,1969,5.747,,26585059.0,Asia
36230,Myanmar,MMR,1970,5.682,1.15,27192962.0,Asia
36231,Myanmar,MMR,1971,5.615,,27807168.0,Asia
36232,Myanmar,MMR,1972,5.527,,28428280.0,Asia
36233,Myanmar,MMR,1973,5.435,,29026344.0,Asia
36234,Myanmar,MMR,1974,5.341,,29598112.0,Asia
36235,Myanmar,MMR,1975,5.249,1.34,30176522.0,Asia
36236,Myanmar,MMR,1976,5.159,,30758761.0,Asia
36237,Myanmar,MMR,1977,5.069,,31355912.0,Asia
36238,Myanmar,MMR,1978,4.985,,31972919.0,Asia
36239,Myanmar,MMR,1979,4.897,,32596503.0,Asia
36240,Myanmar,MMR,1980,4.789,1.98,33227164.0,Asia
36241,Myanmar,MMR,1981,4.688,,33858730.0,Asia
36242,Myanmar,MMR,1982,4.662,,34482922.0,Asia
36243,Myanmar,MMR,1983,4.633,,35162668.0,Asia
36244,Myanmar,MMR,1984,4.517,,35899272.0,Asia
36245,Myanmar,MMR,1985,4.316,2.56,36622772.0,Asia
36246,Myanmar,MMR,1986,4.081,,37314833.0,Asia
36247,Myanmar,MMR,1987,3.861,,37971555.0,Asia
36248,Myanmar,MMR,1988,3.67,,38600885.0,Asia
36249,Myanmar,MMR,1989,3.593,,39214577.0,Asia
36250,Myanmar,MMR,1990,3.504,2.95,39817205.0,Asia
36251,Myanmar,MMR,1991,3.432,,40394111.0,Asia
36252,Myanmar,MMR,1992,3.354,,40950295.0,Asia
36253,Myanmar,MMR,1993,3.281,,41502369.0,Asia
36254,Myanmar,MMR,1994,3.204,,42055096.0,Asia
36255,Myanmar,MMR,1995,3.127,3.47,42605294.0,Asia
36256,Myanmar,MMR,1996,3.058,,43154805.0,Asia
36257,Myanmar,MMR,1997,2.985,,43708762.0,Asia
36258,Myanmar,MMR,1998,2.912,,44257732.0,Asia
36259,Myanmar,MMR,1999,2.851,,44787672.0,Asia
36260,Myanmar,MMR,2000,2.813,4.03,45290803.0,Asia
36261,Myanmar,MMR,2001,2.793,,45771087.0,Asia
36262,Myanmar,MMR,2002,2.765,,46232609.0,Asia
36263,Myanmar,MMR,2003,2.68,,46667140.0,Asia
36264,Myanmar,MMR,2004,2.588,,47068726.0,Asia
36265,Myanmar,MMR,2005,2.515,4.61,47438305.0,Asia
36266,Myanmar,MMR,2006,2.471,,47785085.0,Asia
36267,Myanmar,MMR,2007,2.447,,48124993.0,Asia
36268,Myanmar,MMR,2008,2.404,,48390740.0,Asia
36269,Myanmar,MMR,2009,2.369,,48660408.0,Asia
36270,Myanmar,MMR,2010,2.335,5.35,49024326.0,Asia
36271,Myanmar,MMR,2011,2.306,,49419777.0,Asia
36272,Myanmar,MMR,2012,2.276,,49837398.0,Asia
36273,Myanmar,MMR,2013,2.264,,50262613.0,Asia
36274,Myanmar,MMR,2014,2.252,,50681584.0,Asia
36275,Myanmar,MMR,2015,2.266,5.75,51089005.0,Asia
36276,Myanmar,MMR,2016,2.27,,51495657.0,Asia
36277,Myanmar,MMR,2017,2.252,,51894886.0,Asia
36278,Myanmar,MMR,2018,2.228,,52272203.0,Asia
36279,Myanmar,MMR,2019,2.206,,52640679.0,Asia
36280,Myanmar,MMR,2020,2.179,6.15,53016472.0,Asia
36475,Namibia,NAM,1950,5.614,,514559.0,Africa
36476,Namibia,NAM,1951,5.677,,520354.0,Africa
36477,Namibia,NAM,1952,5.743,,526602.0,Africa
36478,Namibia,NAM,1953,5.807,,533192.0,Africa
36479,Namibia,NAM,1954,5.87,,539967.0,Africa
36480,Namibia,NAM,1955,5.935,,547037.0,Africa
36481,Namibia,NAM,1956,5.997,,554511.0,Africa
36482,Namibia,NAM,1957,6.06,,562549.0,Africa
36483,Namibia,NAM,1958,6.132,,571297.0,Africa
36484,Namibia,NAM,1959,6.186,,580886.0,Africa
36485,Namibia,NAM,1960,6.243,,591411.0,Africa
36486,Namibia,NAM,1961,6.293,,603033.0,Africa
36487,Namibia,NAM,1962,6.35,,615714.0,Africa
36488,Namibia,NAM,1963,6.408,,629553.0,Africa
36489,Namibia,NAM,1964,6.428,,644491.0,Africa
36490,Namibia,NAM,1965,6.445,,660514.0,Africa
36491,Namibia,NAM,1966,6.472,,677619.0,Africa
36492,Namibia,NAM,1967,6.485,,696008.0,Africa
36493,Namibia,NAM,1968,6.502,,715503.0,Africa
36494,Namibia,NAM,1969,6.508,,736076.0,Africa
36495,Namibia,NAM,1970,6.52,,757823.0,Africa
36496,Namibia,NAM,1971,6.521,,780542.0,Africa
36497,Namibia,NAM,1972,6.533,,804357.0,Africa
36498,Namibia,NAM,1973,6.54,,828881.0,Africa
36499,Namibia,NAM,1974,6.552,,854277.0,Africa
36500,Namibia,NAM,1975,6.533,,880986.0,Africa
36501,Namibia,NAM,1976,6.494,,906519.0,Africa
36502,Namibia,NAM,1977,6.441,,931072.0,Africa
36503,Namibia,NAM,1978,6.384,,947231.0,Africa
36504,Namibia,NAM,1979,6.314,,962777.0,Africa
36505,Namibia,NAM,1980,6.238,,981383.0,Africa
36506,Namibia,NAM,1981,6.159,,992453.0,Africa
36507,Namibia,NAM,1982,6.078,,1010267.0,Africa
36508,Namibia,NAM,1983,5.995,,1037463.0,Africa
36509,Namibia,NAM,1984,5.94,,1065957.0,Africa
36510,Namibia,NAM,1985,5.877,,1096837.0,Africa
36511,Namibia,NAM,1986,5.793,,1131041.0,Africa
36512,Namibia,NAM,1987,5.699,,1167851.0,Africa
36513,Namibia,NAM,1988,5.609,,1209657.0,Africa
36514,Namibia,NAM,1989,5.517,,1288907.0,Africa
36515,Namibia,NAM,1990,5.398,,1369257.0,Africa
36516,Namibia,NAM,1991,5.29,,1415638.0,Africa
36517,Namibia,NAM,1992,5.107,,1461283.0,Africa
36518,Namibia,NAM,1993,4.905,,1508649.0,Africa
36519,Namibia,NAM,1994,4.676,,1556264.0,Africa
36520,Namibia,NAM,1995,4.417,,1602135.0,Africa
36521,Namibia,NAM,1996,4.201,,1646060.0,Africa
36522,Namibia,NAM,1997,4.166,,1689230.0,Africa
36523,Namibia,NAM,1998,4.176,,1732702.0,Africa
36524,Namibia,NAM,1999,4.138,,1776320.0,Africa
36525,Namibia,NAM,2000,3.991,,1818599.0,Africa
36526,Namibia,NAM,2001,3.827,,1857002.0,Africa
36527,Namibia,NAM,2002,3.693,,1889931.0,Africa
36528,Namibia,NAM,2003,3.58,,1917419.0,Africa
36529,Namibia,NAM,2004,3.545,,1942050.0,Africa
36530,Namibia,NAM,2005,3.571,,1966542.0,Africa
36531,Namibia,NAM,2006,3.601,,1991841.0,Africa
36532,Namibia,NAM,2007,3.608,,2018559.0,Africa
36533,Namibia,NAM,2008,3.616,,2047007.0,Africa
36534,Namibia,NAM,2009,3.633,,2077343.0,Africa
36535,Namibia,NAM,2010,3.657,,2109760.0,Africa
36536,Namibia,NAM,2011,3.658,,2146277.0,Africa
36537,Namibia,NAM,2012,3.676,,2194604.0,Africa
36538,Namibia,NAM,2013,3.653,,2252462.0,Africa
36539,Namibia,NAM,2014,3.635,,2312089.0,Africa
36540,Namibia,NAM,2015,3.604,7.02,2374258.0,Africa
36541,Namibia,NAM,2016,3.574,,2439160.0,Africa
36542,Namibia,NAM,2017,3.511,,2506814.0,Africa
36543,Namibia,NAM,2018,3.462,,2577275.0,Africa
36544,Namibia,NAM,2019,3.404,,2650454.0,Africa
36545,Namibia,NAM,2020,3.349,7.23,2728716.0,Africa
36740,Nauru,NRU,1950,4.601,,3389.0,Oceania
36741,Nauru,NRU,1951,4.639,,3499.0,Oceania
36742,Nauru,NRU,1952,4.705,,3597.0,Oceania
36743,Nauru,NRU,1953,4.79,,3686.0,Oceania
36744,Nauru,NRU,1954,4.882,,3764.0,Oceania
36745,Nauru,NRU,1955,4.956,,3861.0,Oceania
36746,Nauru,NRU,1956,5.026,,3997.0,Oceania
36747,Nauru,NRU,1957,5.09,,4138.0,Oceania
36748,Nauru,NRU,1958,5.17,,4277.0,Oceania
36749,Nauru,NRU,1959,5.273,,4435.0,Oceania
36750,Nauru,NRU,1960,5.337,,4589.0,Oceania
36751,Nauru,NRU,1961,5.376,,4763.0,Oceania
36752,Nauru,NRU,1962,5.423,,4960.0,Oceania
36753,Nauru,NRU,1963,5.441,,5214.0,Oceania
36754,Nauru,NRU,1964,5.473,,5492.0,Oceania
36755,Nauru,NRU,1965,5.476,,5819.0,Oceania
36756,Nauru,NRU,1966,5.412,,6026.0,Oceania
36757,Nauru,NRU,1967,5.294,,6123.0,Oceania
36758,Nauru,NRU,1968,5.139,,6319.0,Oceania
36759,Nauru,NRU,1969,4.942,,6575.0,Oceania
36760,Nauru,NRU,1970,4.74,,6700.0,Oceania
36761,Nauru,NRU,1971,4.541,,6752.0,Oceania
36762,Nauru,NRU,1972,4.355,,6799.0,Oceania
36763,Nauru,NRU,1973,4.192,,6852.0,Oceania
36764,Nauru,NRU,1974,4.067,,6907.0,Oceania
36765,Nauru,NRU,1975,3.972,,6973.0,Oceania
36766,Nauru,NRU,1976,3.899,,7046.0,Oceania
36767,Nauru,NRU,1977,3.858,,7150.0,Oceania
36768,Nauru,NRU,1978,3.843,,7277.0,Oceania
36769,Nauru,NRU,1979,3.847,,7448.0,Oceania
36770,Nauru,NRU,1980,3.878,,7631.0,Oceania
36771,Nauru,NRU,1981,3.935,,7831.0,Oceania
36772,Nauru,NRU,1982,3.993,,8013.0,Oceania
36773,Nauru,NRU,1983,4.056,,8194.0,Oceania
36774,Nauru,NRU,1984,4.108,,8358.0,Oceania
36775,Nauru,NRU,1985,4.144,,8534.0,Oceania
36776,Nauru,NRU,1986,4.149,,8725.0,Oceania
36777,Nauru,NRU,1987,4.143,,8932.0,Oceania
36778,Nauru,NRU,1988,4.114,,9147.0,Oceania
36779,Nauru,NRU,1989,4.068,,9367.0,Oceania
36780,Nauru,NRU,1990,4.02,,9607.0,Oceania
36781,Nauru,NRU,1991,3.991,,9841.0,Oceania
36782,Nauru,NRU,1992,3.952,,10006.0,Oceania
36783,Nauru,NRU,1993,3.887,,10083.0,Oceania
36784,Nauru,NRU,1994,3.837,,10120.0,Oceania
36785,Nauru,NRU,1995,3.808,,10148.0,Oceania
36786,Nauru,NRU,1996,3.775,,10169.0,Oceania
36787,Nauru,NRU,1997,3.738,,10188.0,Oceania
36788,Nauru,NRU,1998,3.683,,10180.0,Oceania
36789,Nauru,NRU,1999,3.636,,10174.0,Oceania
36790,Nauru,NRU,2000,3.543,,10154.0,Oceania
36791,Nauru,NRU,2001,3.461,,10108.0,Oceania
36792,Nauru,NRU,2002,3.4,,10069.0,Oceania
36793,Nauru,NRU,2003,3.388,,10038.0,Oceania
36794,Nauru,NRU,2004,3.378,,10056.0,Oceania
36795,Nauru,NRU,2005,3.377,,10039.0,Oceania
36796,Nauru,NRU,2006,3.4,,10019.0,Oceania
36797,Nauru,NRU,2007,3.504,,10005.0,Oceania
36798,Nauru,NRU,2008,3.665,,9993.0,Oceania
36799,Nauru,NRU,2009,3.847,,10013.0,Oceania
36800,Nauru,NRU,2010,4.019,,10016.0,Oceania
36801,Nauru,NRU,2011,4.117,,10085.0,Oceania
36802,Nauru,NRU,2012,4.115,,10258.0,Oceania
36803,Nauru,NRU,2013,4.098,,10505.0,Oceania
36804,Nauru,NRU,2014,4.085,,10728.0,Oceania
36805,Nauru,NRU,2015,4.075,,10936.0,Oceania
36806,Nauru,NRU,2016,4.027,,11139.0,Oceania
36807,Nauru,NRU,2017,3.879,,11313.0,Oceania
36808,Nauru,NRU,2018,3.683,,11467.0,Oceania
36809,Nauru,NRU,2019,3.531,,11577.0,Oceania
36810,Nauru,NRU,2020,3.466,,11636.0,Oceania
36964,Nepal,NPL,1950,6.057,0.02,8396565.0,Asia
36965,Nepal,NPL,1951,6.061,,8572611.0,Asia
36966,Nepal,NPL,1952,6.057,,8747252.0,Asia
36967,Nepal,NPL,1953,6.068,,8918179.0,Asia
36968,Nepal,NPL,1954,6.074,,9087719.0,Asia
36969,Nepal,NPL,1955,6.066,0.02,9257941.0,Asia
36970,Nepal,NPL,1956,6.056,,9427843.0,Asia
36971,Nepal,NPL,1957,6.048,,9597999.0,Asia
36972,Nepal,NPL,1958,6.045,,9766206.0,Asia
36973,Nepal,NPL,1959,6.032,,9938867.0,Asia
36974,Nepal,NPL,1960,6.069,0.03,10123617.0,Asia
36975,Nepal,NPL,1961,6.093,,10318353.0,Asia
36976,Nepal,NPL,1962,6.082,,10521072.0,Asia
36977,Nepal,NPL,1963,6.056,,10729779.0,Asia
36978,Nepal,NPL,1964,6.043,,10946339.0,Asia
36979,Nepal,NPL,1965,6.007,0.07,11173356.0,Asia
36980,Nepal,NPL,1966,5.98,,11408669.0,Asia
36981,Nepal,NPL,1967,5.954,,11652671.0,Asia
36982,Nepal,NPL,1968,5.944,,11906228.0,Asia
36983,Nepal,NPL,1969,5.893,,12166979.0,Asia
36984,Nepal,NPL,1970,5.869,0.13,12436145.0,Asia
36985,Nepal,NPL,1971,5.845,,12710012.0,Asia
36986,Nepal,NPL,1972,5.801,,12989062.0,Asia
36987,Nepal,NPL,1973,5.701,,13275194.0,Asia
36988,Nepal,NPL,1974,5.75,,13568384.0,Asia
36989,Nepal,NPL,1975,5.733,0.18,13870641.0,Asia
36990,Nepal,NPL,1976,5.717,,14177602.0,Asia
36991,Nepal,NPL,1977,5.688,,14499129.0,Asia
36992,Nepal,NPL,1978,5.676,,14839647.0,Asia
36993,Nepal,NPL,1979,5.644,,15190556.0,Asia
36994,Nepal,NPL,1980,5.603,0.27,15553060.0,Asia
36995,Nepal,NPL,1981,5.576,,15922371.0,Asia
36996,Nepal,NPL,1982,5.549,,16297949.0,Asia
36997,Nepal,NPL,1983,5.536,,16689080.0,Asia
36998,Nepal,NPL,1984,5.509,,17085191.0,Asia
36999,Nepal,NPL,1985,5.457,0.78,17477653.0,Asia
37000,Nepal,NPL,1986,5.4,,17868082.0,Asia
37001,Nepal,NPL,1987,5.348,,18250464.0,Asia
37002,Nepal,NPL,1988,5.307,,18638608.0,Asia
37003,Nepal,NPL,1989,5.258,,19057757.0,Asia
37004,Nepal,NPL,1990,5.211,1.35,19524530.0,Asia
37005,Nepal,NPL,1991,5.151,,20036454.0,Asia
37006,Nepal,NPL,1992,5.074,,20609656.0,Asia
37007,Nepal,NPL,1993,5.042,,21180113.0,Asia
37008,Nepal,NPL,1994,4.964,,21717442.0,Asia
37009,Nepal,NPL,1995,4.869,1.58,22245397.0,Asia
37010,Nepal,NPL,1996,4.668,,22741817.0,Asia
37011,Nepal,NPL,1997,4.442,,23219414.0,Asia
37012,Nepal,NPL,1998,4.275,,23680304.0,Asia
37013,Nepal,NPL,1999,4.13,,24125146.0,Asia
37014,Nepal,NPL,2000,3.984,2.07,24546462.0,Asia
37015,Nepal,NPL,2001,3.793,,24946700.0,Asia
37016,Nepal,NPL,2002,3.604,,25328943.0,Asia
37017,Nepal,NPL,2003,3.439,,25688717.0,Asia
37018,Nepal,NPL,2004,3.279,,26016606.0,Asia
37019,Nepal,NPL,2005,3.115,2.78,26309414.0,Asia
37020,Nepal,NPL,2006,2.967,,26565390.0,Asia
37021,Nepal,NPL,2007,2.857,,26788452.0,Asia
37022,Nepal,NPL,2008,2.737,,26989988.0,Asia
37023,Nepal,NPL,2009,2.63,,27172983.0,Asia
37024,Nepal,NPL,2010,2.541,3.74,27341910.0,Asia
37025,Nepal,NPL,2011,2.462,,27464446.0,Asia
37026,Nepal,NPL,2012,2.42,,27534868.0,Asia
37027,Nepal,NPL,2013,2.36,,27589950.0,Asia
37028,Nepal,NPL,2014,2.319,,27672334.0,Asia
37029,Nepal,NPL,2015,2.273,5.04,27823579.0,Asia
37030,Nepal,NPL,2016,2.226,,27955421.0,Asia
37031,Nepal,NPL,2017,2.173,,28011204.0,Asia
37032,Nepal,NPL,2018,2.12,,28079631.0,Asia
37033,Nepal,NPL,2019,2.08,,28414023.0,Asia
37034,Nepal,NPL,2020,2.051,5.86,28966540.0,Asia
37229,Netherlands,NLD,1950,3.104,6.04,10113709.0,Europe
37230,Netherlands,NLD,1951,3.064,,10264492.0,Europe
37231,Netherlands,NLD,1952,3.094,,10382245.0,Europe
37232,Netherlands,NLD,1953,3.037,,10493476.0,Europe
37233,Netherlands,NLD,1954,3.027,,10615691.0,Europe
37234,Netherlands,NLD,1955,3.032,6.11,10751178.0,Europe
37235,Netherlands,NLD,1956,3.052,,10889711.0,Europe
37236,Netherlands,NLD,1957,3.074,,11026826.0,Europe
37237,Netherlands,NLD,1958,3.103,,11187324.0,Europe
37238,Netherlands,NLD,1959,3.158,,11348049.0,Europe
37239,Netherlands,NLD,1960,3.118,6.23,11486870.0,Europe
37240,Netherlands,NLD,1961,3.207,,11639321.0,Europe
37241,Netherlands,NLD,1962,3.17,,11807503.0,Europe
37242,Netherlands,NLD,1963,3.183,,11969111.0,Europe
37243,Netherlands,NLD,1964,3.153,,12131840.0,Europe
37244,Netherlands,NLD,1965,3.03,7.31,12301083.0,Europe
37245,Netherlands,NLD,1966,2.896,,12464234.0,Europe
37246,Netherlands,NLD,1967,2.799,,12607785.0,Europe
37247,Netherlands,NLD,1968,2.707,,12740799.0,Europe
37248,Netherlands,NLD,1969,2.737,,12890595.0,Europe
37249,Netherlands,NLD,1970,2.573,8.28,13052029.0,Europe
37250,Netherlands,NLD,1971,2.366,,13208301.0,Europe
37251,Netherlands,NLD,1972,2.152,,13342730.0,Europe
37252,Netherlands,NLD,1973,1.909,,13453699.0,Europe
37253,Netherlands,NLD,1974,1.774,,13559619.0,Europe
37254,Netherlands,NLD,1975,1.666,8.95,13679986.0,Europe
37255,Netherlands,NLD,1976,1.629,,13786588.0,Europe
37256,Netherlands,NLD,1977,1.583,,13868554.0,Europe
37257,Netherlands,NLD,1978,1.582,,13953876.0,Europe
37258,Netherlands,NLD,1979,1.565,,14050128.0,Europe
37259,Netherlands,NLD,1980,1.596,9.52,14162638.0,Europe
37260,Netherlands,NLD,1981,1.558,,14262633.0,Europe
37261,Netherlands,NLD,1982,1.494,,14333857.0,Europe
37262,Netherlands,NLD,1983,1.467,,14396860.0,Europe
37263,Netherlands,NLD,1984,1.488,,14462758.0,Europe
37264,Netherlands,NLD,1985,1.509,9.91,14538902.0,Europe
37265,Netherlands,NLD,1986,1.548,,14626434.0,Europe
37266,Netherlands,NLD,1987,1.556,,14724898.0,Europe
37267,Netherlands,NLD,1988,1.545,,14825852.0,Europe
37268,Netherlands,NLD,1989,1.556,,14921064.0,Europe
37269,Netherlands,NLD,1990,1.614,10.34,15030838.0,Europe
37270,Netherlands,NLD,1991,1.61,,15155049.0,Europe
37271,Netherlands,NLD,1992,1.588,,15276746.0,Europe
37272,Netherlands,NLD,1993,1.573,,15389666.0,Europe
37273,Netherlands,NLD,1994,1.569,,15485402.0,Europe
37274,Netherlands,NLD,1995,1.534,10.66,15564977.0,Europe
37275,Netherlands,NLD,1996,1.53,,15639984.0,Europe
37276,Netherlands,NLD,1997,1.564,,15723574.0,Europe
37277,Netherlands,NLD,1998,1.628,,15827052.0,Europe
37278,Netherlands,NLD,1999,1.656,,15940134.0,Europe
37279,Netherlands,NLD,2000,1.721,10.99,16058703.0,Europe
37280,Netherlands,NLD,2001,1.712,,16182665.0,Europe
37281,Netherlands,NLD,2002,1.729,,16288002.0,Europe
37282,Netherlands,NLD,2003,1.742,,16366857.0,Europe
37283,Netherlands,NLD,2004,1.722,,16425521.0,Europe
37284,Netherlands,NLD,2005,1.706,10.99,16465658.0,Europe
37285,Netherlands,NLD,2006,1.715,,16493808.0,Europe
37286,Netherlands,NLD,2007,1.714,,16531313.0,Europe
37287,Netherlands,NLD,2008,1.764,,16597210.0,Europe
37288,Netherlands,NLD,2009,1.783,,16684105.0,Europe
37289,Netherlands,NLD,2010,1.787,11.62,16771188.0,Europe
37290,Netherlands,NLD,2011,1.752,,16851014.0,Europe
37291,Netherlands,NLD,2012,1.716,,16915143.0,Europe
37292,Netherlands,NLD,2013,1.677,,16967013.0,Europe
37293,Netherlands,NLD,2014,1.704,,17030041.0,Europe
37294,Netherlands,NLD,2015,1.657,11.74,17107382.0,Europe
37295,Netherlands,NLD,2016,1.658,,17204642.0,Europe
37296,Netherlands,NLD,2017,1.617,,17315333.0,Europe
37297,Netherlands,NLD,2018,1.585,,17421239.0,Europe
37298,Netherlands,NLD,2019,1.572,,17537460.0,Europe
37299,Netherlands,NLD,2020,1.545,11.91,17636680.0,Europe
37531,Netherlands Antilles,ANT,1950,,,110189.0,North America
37532,Netherlands Antilles,ANT,1951,,,112402.0,North America
37533,Netherlands Antilles,ANT,1952,,,114518.0,North America
37534,Netherlands Antilles,ANT,1953,,,116609.0,North America
37535,Netherlands Antilles,ANT,1954,,,118741.0,North America
37536,Netherlands Antilles,ANT,1955,,,120949.0,North America
37537,Netherlands Antilles,ANT,1956,,,123237.0,North America
37538,Netherlands Antilles,ANT,1957,,,125596.0,North America
37539,Netherlands Antilles,ANT,1958,,,127998.0,North America
37540,Netherlands Antilles,ANT,1959,,,130400.0,North America
37541,Netherlands Antilles,ANT,1960,,,132765.0,North America
37542,Netherlands Antilles,ANT,1961,,,135064.0,North America
37543,Netherlands Antilles,ANT,1962,,,137319.0,North America
37544,Netherlands Antilles,ANT,1963,,,139572.0,North America
37545,Netherlands Antilles,ANT,1964,,,141893.0,North America
37546,Netherlands Antilles,ANT,1965,,,144332.0,North America
37547,Netherlands Antilles,ANT,1966,,,146920.0,North America
37548,Netherlands Antilles,ANT,1967,,,149610.0,North America
37549,Netherlands Antilles,ANT,1968,,,152279.0,North America
37550,Netherlands Antilles,ANT,1969,,,154751.0,North America
37551,Netherlands Antilles,ANT,1970,,,156908.0,North America
37552,Netherlands Antilles,ANT,1971,,,158702.0,North America
37553,Netherlands Antilles,ANT,1972,,,160183.0,North America
37554,Netherlands Antilles,ANT,1973,,,161454.0,North America
37555,Netherlands Antilles,ANT,1974,,,162673.0,North America
37556,Netherlands Antilles,ANT,1975,,,163950.0,North America
37557,Netherlands Antilles,ANT,1976,,,165320.0,North America
37558,Netherlands Antilles,ANT,1977,,,166758.0,North America
37559,Netherlands Antilles,ANT,1978,,,168250.0,North America
37560,Netherlands Antilles,ANT,1979,,,169774.0,North America
37561,Netherlands Antilles,ANT,1980,,,171309.0,North America
37562,Netherlands Antilles,ANT,1981,,,172835.0,North America
37563,Netherlands Antilles,ANT,1982,,,174362.0,North America
37564,Netherlands Antilles,ANT,1983,,,175929.0,North America
37565,Netherlands Antilles,ANT,1984,,,177586.0,North America
37566,Netherlands Antilles,ANT,1985,,,179354.0,North America
37567,Netherlands Antilles,ANT,1986,,,181252.0,North America
37568,Netherlands Antilles,ANT,1987,,,183216.0,North America
37569,Netherlands Antilles,ANT,1988,,,185116.0,North America
37570,Netherlands Antilles,ANT,1989,,,186774.0,North America
37571,Netherlands Antilles,ANT,1990,,,188047.0,North America
37572,Netherlands Antilles,ANT,1991,,,188953.0,North America
37573,Netherlands Antilles,ANT,1992,,,189511.0,North America
37574,Netherlands Antilles,ANT,1993,,,189622.0,North America
37575,Netherlands Antilles,ANT,1994,,,189159.0,North America
37576,Netherlands Antilles,ANT,1995,,,188081.0,North America
37577,Netherlands Antilles,ANT,1996,,,186311.0,North America
37578,Netherlands Antilles,ANT,1997,,,183978.0,North America
37579,Netherlands Antilles,ANT,1998,,,181506.0,North America
37580,Netherlands Antilles,ANT,1999,,,179451.0,North America
37581,Netherlands Antilles,ANT,2000,,,178219.0,North America
37582,Netherlands Antilles,ANT,2001,,,177940.0,North America
37583,Netherlands Antilles,ANT,2002,,,178514.0,North America
37584,Netherlands Antilles,ANT,2003,,,179829.0,North America
37585,Netherlands Antilles,ANT,2004,,,181695.0,North America
37586,Netherlands Antilles,ANT,2005,,,183927.0,North America
37587,Netherlands Antilles,ANT,2006,,,186541.0,North America
37588,Netherlands Antilles,ANT,2007,,,189515.0,North America
37589,Netherlands Antilles,ANT,2008,,,192610.0,North America
37590,Netherlands Antilles,ANT,2009,,,195519.0,North America
37591,Netherlands Antilles,ANT,2010,,,198009.0,North America
37593,New Caledonia,NCL,1950,5.132,,63755.0,Oceania
37594,New Caledonia,NCL,1951,5.141,,64695.0,Oceania
37595,New Caledonia,NCL,1952,5.156,,65710.0,Oceania
37596,New Caledonia,NCL,1953,5.173,,66780.0,Oceania
37597,New Caledonia,NCL,1954,5.187,,67924.0,Oceania
37598,New Caledonia,NCL,1955,5.244,,69130.0,Oceania
37599,New Caledonia,NCL,1956,5.301,,70584.0,Oceania
37600,New Caledonia,NCL,1957,5.353,,72531.0,Oceania
37601,New Caledonia,NCL,1958,5.383,,74812.0,Oceania
37602,New Caledonia,NCL,1959,5.407,,77232.0,Oceania
37603,New Caledonia,NCL,1960,5.436,,79790.0,Oceania
37604,New Caledonia,NCL,1961,5.465,,82489.0,Oceania
37605,New Caledonia,NCL,1962,5.388,,85313.0,Oceania
37606,New Caledonia,NCL,1963,5.343,,88019.0,Oceania
37607,New Caledonia,NCL,1964,5.368,,90569.0,Oceania
37608,New Caledonia,NCL,1965,5.311,,93125.0,Oceania
37609,New Caledonia,NCL,1966,5.248,,95788.0,Oceania
37610,New Caledonia,NCL,1967,5.15,,98553.0,Oceania
37611,New Caledonia,NCL,1968,5.058,,101409.0,Oceania
37612,New Caledonia,NCL,1969,5.008,,104823.0,Oceania
37613,New Caledonia,NCL,1970,5.07,,109307.0,Oceania
37614,New Caledonia,NCL,1971,5.051,,114483.0,Oceania
37615,New Caledonia,NCL,1972,5.047,,119901.0,Oceania
37616,New Caledonia,NCL,1973,4.932,,125550.0,Oceania
37617,New Caledonia,NCL,1974,4.686,,131412.0,Oceania
37618,New Caledonia,NCL,1975,4.456,,137436.0,Oceania
37619,New Caledonia,NCL,1976,4.231,,142063.0,Oceania
37620,New Caledonia,NCL,1977,4.054,,144565.0,Oceania
37621,New Caledonia,NCL,1978,3.875,,146362.0,Oceania
37622,New Caledonia,NCL,1979,3.749,,148093.0,Oceania
37623,New Caledonia,NCL,1980,3.659,,149795.0,Oceania
37624,New Caledonia,NCL,1981,3.586,,151413.0,Oceania
37625,New Caledonia,NCL,1982,3.484,,152967.0,Oceania
37626,New Caledonia,NCL,1983,3.353,,154981.0,Oceania
37627,New Caledonia,NCL,1984,3.164,,157552.0,Oceania
37628,New Caledonia,NCL,1985,3.046,,160210.0,Oceania
37629,New Caledonia,NCL,1986,3.079,,162868.0,Oceania
37630,New Caledonia,NCL,1987,3.081,,165602.0,Oceania
37631,New Caledonia,NCL,1988,3.083,,168470.0,Oceania
37632,New Caledonia,NCL,1989,3.057,,171987.0,Oceania
37633,New Caledonia,NCL,1990,3.1,,176426.0,Oceania
37634,New Caledonia,NCL,1991,3.072,,181199.0,Oceania
37635,New Caledonia,NCL,1992,2.948,,186031.0,Oceania
37636,New Caledonia,NCL,1993,2.823,,190814.0,Oceania
37637,New Caledonia,NCL,1994,2.715,,195581.0,Oceania
37638,New Caledonia,NCL,1995,2.652,,200346.0,Oceania
37639,New Caledonia,NCL,1996,2.654,,204998.0,Oceania
37640,New Caledonia,NCL,1997,2.646,,209513.0,Oceania
37641,New Caledonia,NCL,1998,2.547,,214016.0,Oceania
37642,New Caledonia,NCL,1999,2.484,,218487.0,Oceania
37643,New Caledonia,NCL,2000,2.509,,223069.0,Oceania
37644,New Caledonia,NCL,2001,2.422,,227668.0,Oceania
37645,New Caledonia,NCL,2002,2.347,,232191.0,Oceania
37646,New Caledonia,NCL,2003,2.268,,236644.0,Oceania
37647,New Caledonia,NCL,2004,2.243,,240815.0,Oceania
37648,New Caledonia,NCL,2005,2.227,,244339.0,Oceania
37649,New Caledonia,NCL,2006,2.241,,247510.0,Oceania
37650,New Caledonia,NCL,2007,2.215,,250686.0,Oceania
37651,New Caledonia,NCL,2008,2.204,,253784.0,Oceania
37652,New Caledonia,NCL,2009,2.194,,257211.0,Oceania
37653,New Caledonia,NCL,2010,2.187,,261539.0,Oceania
37654,New Caledonia,NCL,2011,2.2,,266494.0,Oceania
37655,New Caledonia,NCL,2012,2.202,,271584.0,Oceania
37656,New Caledonia,NCL,2013,2.167,,276774.0,Oceania
37657,New Caledonia,NCL,2014,2.118,,281178.0,Oceania
37658,New Caledonia,NCL,2015,2.079,,283132.0,Oceania
37659,New Caledonia,NCL,2016,2.078,,283385.0,Oceania
37660,New Caledonia,NCL,2017,2.043,,283505.0,Oceania
37661,New Caledonia,NCL,2018,2.041,,283512.0,Oceania
37662,New Caledonia,NCL,2019,2.05,,283564.0,Oceania
37663,New Caledonia,NCL,2020,2.022,,284137.0,Oceania
37719,New Zealand,NZL,1950,3.552,9.25,1911212.0,Oceania
37720,New Zealand,NZL,1951,3.602,,1951162.0,Oceania
37721,New Zealand,NZL,1952,3.668,,1997703.0,Oceania
37722,New Zealand,NZL,1953,3.655,,2047702.0,Oceania
37723,New Zealand,NZL,1954,3.778,,2095098.0,Oceania
37724,New Zealand,NZL,1955,3.88,9.56,2139616.0,Oceania
37725,New Zealand,NZL,1956,3.979,,2184797.0,Oceania
37726,New Zealand,NZL,1957,4.031,,2233642.0,Oceania
37727,New Zealand,NZL,1958,4.11,,2284941.0,Oceania
37728,New Zealand,NZL,1959,4.179,,2333439.0,Oceania
37729,New Zealand,NZL,1960,4.241,10.03,2379435.0,Oceania
37730,New Zealand,NZL,1961,4.306,,2429686.0,Oceania
37731,New Zealand,NZL,1962,4.159,,2484363.0,Oceania
37732,New Zealand,NZL,1963,4.046,,2538076.0,Oceania
37733,New Zealand,NZL,1964,3.776,,2588723.0,Oceania
37734,New Zealand,NZL,1965,3.537,10.08,2636450.0,Oceania
37735,New Zealand,NZL,1966,3.42,,2682535.0,Oceania
37736,New Zealand,NZL,1967,3.35,,2723361.0,Oceania
37737,New Zealand,NZL,1968,3.335,,2754470.0,Oceania
37738,New Zealand,NZL,1969,3.273,,2784352.0,Oceania
37739,New Zealand,NZL,1970,3.168,10.97,2822133.0,Oceania
37740,New Zealand,NZL,1971,3.18,,2867115.0,Oceania
37741,New Zealand,NZL,1972,2.998,,2919221.0,Oceania
37742,New Zealand,NZL,1973,2.738,,2978933.0,Oceania
37743,New Zealand,NZL,1974,2.574,,3041185.0,Oceania
37744,New Zealand,NZL,1975,2.357,11.8,3093997.0,Oceania
37745,New Zealand,NZL,1976,2.27,,3126595.0,Oceania
37746,New Zealand,NZL,1977,2.213,,3140083.0,Oceania
37747,New Zealand,NZL,1978,2.077,,3142195.0,Oceania
37748,New Zealand,NZL,1979,2.113,,3141551.0,Oceania
37749,New Zealand,NZL,1980,2.032,11.56,3146281.0,Oceania
37750,New Zealand,NZL,1981,2.011,,3159796.0,Oceania
37751,New Zealand,NZL,1982,1.947,,3185079.0,Oceania
37752,New Zealand,NZL,1983,1.92,,3219236.0,Oceania
37753,New Zealand,NZL,1984,1.928,,3249783.0,Oceania
37754,New Zealand,NZL,1985,1.93,11.57,3267974.0,Oceania
37755,New Zealand,NZL,1986,1.96,,3281450.0,Oceania
37756,New Zealand,NZL,1987,2.029,,3299396.0,Oceania
37757,New Zealand,NZL,1988,2.098,,3315973.0,Oceania
37758,New Zealand,NZL,1989,2.121,,3333771.0,Oceania
37759,New Zealand,NZL,1990,2.167,11.49,3396932.0,Oceania
37760,New Zealand,NZL,1991,2.092,,3480888.0,Oceania
37761,New Zealand,NZL,1992,2.06,,3532198.0,Oceania
37762,New Zealand,NZL,1993,2.038,,3573556.0,Oceania
37763,New Zealand,NZL,1994,1.982,,3620986.0,Oceania
37764,New Zealand,NZL,1995,1.979,11.79,3674389.0,Oceania
37765,New Zealand,NZL,1996,1.961,,3729337.0,Oceania
37766,New Zealand,NZL,1997,1.956,,3776907.0,Oceania
37767,New Zealand,NZL,1998,1.895,,3811332.0,Oceania
37768,New Zealand,NZL,1999,1.966,,3835514.0,Oceania
37769,New Zealand,NZL,2000,1.977,12.09,3857521.0,Oceania
37770,New Zealand,NZL,2001,1.964,,3891714.0,Oceania
37771,New Zealand,NZL,2002,1.892,,3951062.0,Oceania
37772,New Zealand,NZL,2003,1.929,,4022538.0,Oceania
37773,New Zealand,NZL,2004,1.976,,4083857.0,Oceania
37774,New Zealand,NZL,2005,1.961,12.17,4134949.0,Oceania
37775,New Zealand,NZL,2006,2.01,,4181891.0,Oceania
37776,New Zealand,NZL,2007,2.169,,4223208.0,Oceania
37777,New Zealand,NZL,2008,2.187,,4261775.0,Oceania
37778,New Zealand,NZL,2009,2.133,,4304250.0,Oceania
37779,New Zealand,NZL,2010,2.165,11.56,4347718.0,Oceania
37780,New Zealand,NZL,2011,2.096,,4382648.0,Oceania
37781,New Zealand,NZL,2012,2.087,,4411632.0,Oceania
37782,New Zealand,NZL,2013,2.004,,4453817.0,Oceania
37783,New Zealand,NZL,2014,1.925,,4522923.0,Oceania
37784,New Zealand,NZL,2015,1.982,11.27,4613988.0,Oceania
37785,New Zealand,NZL,2016,1.876,,4714729.0,Oceania
37786,New Zealand,NZL,2017,1.811,,4812704.0,Oceania
37787,New Zealand,NZL,2018,1.719,,4900795.0,Oceania
37788,New Zealand,NZL,2019,1.717,,4989366.0,Oceania
37789,New Zealand,NZL,2020,1.63,11.08,5069848.0,Oceania
37962,Nicaragua,NIC,1950,7.121,1.51,1331400.0,North America
37963,Nicaragua,NIC,1951,7.118,,1369609.0,North America
37964,Nicaragua,NIC,1952,7.096,,1408973.0,North America
37965,Nicaragua,NIC,1953,7.096,,1449863.0,North America
37966,Nicaragua,NIC,1954,7.105,,1492214.0,North America
37967,Nicaragua,NIC,1955,7.123,1.58,1536200.0,North America
37968,Nicaragua,NIC,1956,7.139,,1581931.0,North America
37969,Nicaragua,NIC,1957,7.152,,1629415.0,North America
37970,Nicaragua,NIC,1958,7.159,,1678698.0,North America
37971,Nicaragua,NIC,1959,7.163,,1729751.0,North America
37972,Nicaragua,NIC,1960,7.159,1.64,1782321.0,North America
37973,Nicaragua,NIC,1961,7.112,,1836413.0,North America
37974,Nicaragua,NIC,1962,7.1,,1892270.0,North America
37975,Nicaragua,NIC,1963,7.081,,1950120.0,North America
37976,Nicaragua,NIC,1964,7.064,,2010125.0,North America
37977,Nicaragua,NIC,1965,7.033,1.75,2072647.0,North America
37978,Nicaragua,NIC,1966,6.99,,2137770.0,North America
37979,Nicaragua,NIC,1967,6.94,,2205522.0,North America
37980,Nicaragua,NIC,1968,6.885,,2275790.0,North America
37981,Nicaragua,NIC,1969,6.825,,2348356.0,North America
37982,Nicaragua,NIC,1970,6.773,1.86,2423022.0,North America
37983,Nicaragua,NIC,1971,6.714,,2499784.0,North America
37984,Nicaragua,NIC,1972,6.653,,2573534.0,North America
37985,Nicaragua,NIC,1973,6.586,,2649237.0,North America
37986,Nicaragua,NIC,1974,6.521,,2732032.0,North America
37987,Nicaragua,NIC,1975,6.445,2.13,2816901.0,North America
37988,Nicaragua,NIC,1976,6.366,,2903800.0,North America
37989,Nicaragua,NIC,1977,6.28,,2992486.0,North America
37990,Nicaragua,NIC,1978,6.164,,3080271.0,North America
37991,Nicaragua,NIC,1979,6.069,,3164479.0,North America
37992,Nicaragua,NIC,1980,5.959,2.61,3252350.0,North America
37993,Nicaragua,NIC,1981,5.84,,3345639.0,North America
37994,Nicaragua,NIC,1982,5.737,,3438690.0,North America
37995,Nicaragua,NIC,1983,5.611,,3530225.0,North America
37996,Nicaragua,NIC,1984,5.488,,3619051.0,North America
37997,Nicaragua,NIC,1985,5.359,3.08,3706428.0,North America
37998,Nicaragua,NIC,1986,5.217,,3794107.0,North America
37999,Nicaragua,NIC,1987,5.073,,3882114.0,North America
38000,Nicaragua,NIC,1988,4.931,,3972276.0,North America
38001,Nicaragua,NIC,1989,4.762,,4066426.0,North America
38002,Nicaragua,NIC,1990,4.596,4.14,4162512.0,North America
38003,Nicaragua,NIC,1991,4.432,,4259592.0,North America
38004,Nicaragua,NIC,1992,4.267,,4356980.0,North America
38005,Nicaragua,NIC,1993,4.102,,4453681.0,North America
38006,Nicaragua,NIC,1994,3.937,,4549265.0,North America
38007,Nicaragua,NIC,1995,3.775,4.98,4642885.0,North America
38008,Nicaragua,NIC,1996,3.62,,4729928.0,North America
38009,Nicaragua,NIC,1997,3.473,,4809524.0,North America
38010,Nicaragua,NIC,1998,3.339,,4883607.0,North America
38011,Nicaragua,NIC,1999,3.218,,4953974.0,North America
38012,Nicaragua,NIC,2000,3.12,5.76,5022590.0,North America
38013,Nicaragua,NIC,2001,2.996,,5087777.0,North America
38014,Nicaragua,NIC,2002,2.887,,5149867.0,North America
38015,Nicaragua,NIC,2003,2.827,,5210928.0,North America
38016,Nicaragua,NIC,2004,2.784,,5272850.0,North America
38017,Nicaragua,NIC,2005,2.765,6.55,5342053.0,North America
38018,Nicaragua,NIC,2006,2.733,,5418799.0,North America
38019,Nicaragua,NIC,2007,2.697,,5497205.0,North America
38020,Nicaragua,NIC,2008,2.66,,5576555.0,North America
38021,Nicaragua,NIC,2009,2.626,,5656558.0,North America
38022,Nicaragua,NIC,2010,2.596,7.11,5737403.0,North America
38023,Nicaragua,NIC,2011,2.558,,5819015.0,North America
38024,Nicaragua,NIC,2012,2.527,,5901251.0,North America
38025,Nicaragua,NIC,2013,2.492,,5983801.0,North America
38026,Nicaragua,NIC,2014,2.463,,6066438.0,North America
38027,Nicaragua,NIC,2015,2.434,7.54,6149360.0,North America
38028,Nicaragua,NIC,2016,2.407,,6232609.0,North America
38029,Nicaragua,NIC,2017,2.378,,6316185.0,North America
38030,Nicaragua,NIC,2018,2.347,,6400020.0,North America
38031,Nicaragua,NIC,2019,2.321,,6483603.0,North America
38032,Nicaragua,NIC,2020,2.299,8.08,6565214.0,North America
38227,Niger,NER,1950,7.559,0.07,2597773.0,Africa
38228,Niger,NER,1951,7.558,,2684702.0,Africa
38229,Niger,NER,1952,7.56,,2771850.0,Africa
38230,Niger,NER,1953,7.552,,2859147.0,Africa
38231,Niger,NER,1954,7.554,,2946841.0,Africa
38232,Niger,NER,1955,7.551,0.07,3035244.0,Africa
38233,Niger,NER,1956,7.542,,3124710.0,Africa
38234,Niger,NER,1957,7.542,,3215797.0,Africa
38235,Niger,NER,1958,7.542,,3309181.0,Africa
38236,Niger,NER,1959,7.528,,3405416.0,Africa
38237,Niger,NER,1960,7.53,0.08,3505009.0,Africa
38238,Niger,NER,1961,7.512,,3608120.0,Africa
38239,Niger,NER,1962,7.501,,3714474.0,Africa
38240,Niger,NER,1963,7.489,,3823838.0,Africa
38241,Niger,NER,1964,7.48,,3935771.0,Africa
38242,Niger,NER,1965,7.466,0.09,4049662.0,Africa
38243,Niger,NER,1966,7.481,,4165506.0,Africa
38244,Niger,NER,1967,7.49,,4283546.0,Africa
38245,Niger,NER,1968,7.497,,4403593.0,Africa
38246,Niger,NER,1969,7.506,,4525677.0,Africa
38247,Niger,NER,1970,7.514,0.13,4650236.0,Africa
38248,Niger,NER,1971,7.518,,4776184.0,Africa
38249,Niger,NER,1972,7.523,,4904802.0,Africa
38250,Niger,NER,1973,7.529,,5037820.0,Africa
38251,Niger,NER,1974,7.539,,5174905.0,Africa
38252,Niger,NER,1975,7.539,0.18,5316992.0,Africa
38253,Niger,NER,1976,7.563,,5464915.0,Africa
38254,Niger,NER,1977,7.595,,5619666.0,Africa
38255,Niger,NER,1978,7.662,,5782892.0,Africa
38256,Niger,NER,1979,7.722,,5955508.0,Africa
38257,Niger,NER,1980,7.782,0.26,6135920.0,Africa
38258,Niger,NER,1981,7.822,,6321966.0,Africa
38259,Niger,NER,1982,7.862,,6512692.0,Africa
38260,Niger,NER,1983,7.902,,6708600.0,Africa
38261,Niger,NER,1984,7.921,,6909930.0,Africa
38262,Niger,NER,1985,7.932,0.39,7118414.0,Africa
38263,Niger,NER,1986,7.904,,7335772.0,Africa
38264,Niger,NER,1987,7.871,,7561099.0,Africa
38265,Niger,NER,1988,7.841,,7793714.0,Africa
38266,Niger,NER,1989,7.818,,8034731.0,Africa
38267,Niger,NER,1990,7.806,0.55,8286020.0,Africa
38268,Niger,NER,1991,7.798,,8546856.0,Africa
38269,Niger,NER,1992,7.795,,8817588.0,Africa
38270,Niger,NER,1993,7.79,,9100738.0,Africa
38271,Niger,NER,1994,7.786,,9398215.0,Africa
38272,Niger,NER,1995,7.776,0.69,9714496.0,Africa
38273,Niger,NER,1996,7.78,,10044804.0,Africa
38274,Niger,NER,1997,7.802,,10383944.0,Africa
38275,Niger,NER,1998,7.84,,10741372.0,Africa
38276,Niger,NER,1999,7.84,,11117362.0,Africa
38277,Niger,NER,2000,7.829,0.81,11509585.0,Africa
38278,Niger,NER,2001,7.81,,11920599.0,Africa
38279,Niger,NER,2002,7.797,,12349114.0,Africa
38280,Niger,NER,2003,7.789,,12796931.0,Africa
38281,Niger,NER,2004,7.777,,13265788.0,Africa
38282,Niger,NER,2005,7.769,1.0,13756146.0,Africa
38283,Niger,NER,2006,7.744,,14268544.0,Africa
38284,Niger,NER,2007,7.726,,14803558.0,Africa
38285,Niger,NER,2008,7.702,,15361866.0,Africa
38286,Niger,NER,2009,7.679,,15943624.0,Africa
38287,Niger,NER,2010,7.64,1.36,16548779.0,Africa
38288,Niger,NER,2011,7.592,,17176241.0,Africa
38289,Niger,NER,2012,7.527,,17836733.0,Africa
38290,Niger,NER,2013,7.445,,18519843.0,Africa
38291,Niger,NER,2014,7.342,,19215874.0,Africa
38292,Niger,NER,2015,7.215,1.86,19939452.0,Africa
38293,Niger,NER,2016,7.043,,20685716.0,Africa
38294,Niger,NER,2017,6.874,,21435404.0,Africa
38295,Niger,NER,2018,6.706,,22188024.0,Africa
38296,Niger,NER,2019,6.537,,22947717.0,Africa
38297,Niger,NER,2020,6.369,2.59,23717579.0,Africa
38492,Nigeria,NGA,1950,6.419,,37282970.0,Africa
38493,Nigeria,NGA,1951,6.415,,37994042.0,Africa
38494,Nigeria,NGA,1952,6.391,,38716155.0,Africa
38495,Nigeria,NGA,1953,6.396,,39439763.0,Africa
38496,Nigeria,NGA,1954,6.396,,40176276.0,Africa
38497,Nigeria,NGA,1955,6.402,,40935586.0,Africa
38498,Nigeria,NGA,1956,6.409,,41716017.0,Africa
38499,Nigeria,NGA,1957,6.404,,42517429.0,Africa
38500,Nigeria,NGA,1958,6.386,,43324607.0,Africa
38501,Nigeria,NGA,1959,6.375,,44161639.0,Africa
38502,Nigeria,NGA,1960,6.364,,45053744.0,Africa
38503,Nigeria,NGA,1961,6.353,,45989253.0,Africa
38504,Nigeria,NGA,1962,6.356,,46965250.0,Africa
38505,Nigeria,NGA,1963,6.349,,47973529.0,Africa
38506,Nigeria,NGA,1964,6.362,,49011970.0,Africa
38507,Nigeria,NGA,1965,6.367,,50086713.0,Africa
38508,Nigeria,NGA,1966,6.386,,51188187.0,Africa
38509,Nigeria,NGA,1967,6.401,,52293020.0,Africa
38510,Nigeria,NGA,1968,6.42,,53432740.0,Africa
38511,Nigeria,NGA,1969,6.438,,54631864.0,Africa
38512,Nigeria,NGA,1970,6.466,,55893785.0,Africa
38513,Nigeria,NGA,1971,6.532,,57214640.0,Africa
38514,Nigeria,NGA,1972,6.579,,58601694.0,Africa
38515,Nigeria,NGA,1973,6.633,,60082083.0,Africa
38516,Nigeria,NGA,1974,6.703,,61679098.0,Africa
38517,Nigeria,NGA,1975,6.773,,63410772.0,Africa
38518,Nigeria,NGA,1976,6.806,,65257954.0,Africa
38519,Nigeria,NGA,1977,6.862,,67234543.0,Africa
38520,Nigeria,NGA,1978,6.921,,69326475.0,Africa
38521,Nigeria,NGA,1979,6.887,,71498201.0,Africa
38522,Nigeria,NGA,1980,6.847,,73764600.0,Africa
38523,Nigeria,NGA,1981,6.82,,76068070.0,Africa
38524,Nigeria,NGA,1982,6.799,,78378654.0,Africa
38525,Nigeria,NGA,1983,6.775,,80438209.0,Africa
38526,Nigeria,NGA,1984,6.701,,82526396.0,Africa
38527,Nigeria,NGA,1985,6.616,,84897926.0,Africa
38528,Nigeria,NGA,1986,6.557,,87235909.0,Africa
38529,Nigeria,NGA,1987,6.504,,89591667.0,Africa
38530,Nigeria,NGA,1988,6.498,,92020036.0,Africa
38531,Nigeria,NGA,1989,6.494,,94530966.0,Africa
38532,Nigeria,NGA,1990,6.459,,97120870.0,Africa
38533,Nigeria,NGA,1991,6.426,,99720103.0,Africa
38534,Nigeria,NGA,1992,6.391,,102372727.0,Africa
38535,Nigeria,NGA,1993,6.354,,105122021.0,Africa
38536,Nigeria,NGA,1994,6.319,,107935674.0,Africa
38537,Nigeria,NGA,1995,6.273,,110819373.0,Africa
38538,Nigeria,NGA,1996,6.217,,113754733.0,Africa
38539,Nigeria,NGA,1997,6.138,,116754744.0,Africa
38540,Nigeria,NGA,1998,6.069,,119846212.0,Africa
38541,Nigeria,NGA,1999,6.082,,123047266.0,Africa
38542,Nigeria,NGA,2000,6.124,,126382435.0,Africa
38543,Nigeria,NGA,2001,6.128,,129862540.0,Africa
38544,Nigeria,NGA,2002,6.116,,133471947.0,Africa
38545,Nigeria,NGA,2003,6.1,,137202602.0,Africa
38546,Nigeria,NGA,2004,6.09,,141056995.0,Africa
38547,Nigeria,NGA,2005,6.063,,145017214.0,Africa
38548,Nigeria,NGA,2006,6.053,,149077277.0,Africa
38549,Nigeria,NGA,2007,6.027,,153267204.0,Africa
38550,Nigeria,NGA,2008,6.024,,157594969.0,Africa
38551,Nigeria,NGA,2009,5.993,,162049411.0,Africa
38552,Nigeria,NGA,2010,5.948,,166642835.0,Africa
38553,Nigeria,NGA,2011,5.893,,171379551.0,Africa
38554,Nigeria,NGA,2012,5.797,,176200571.0,Africa
38555,Nigeria,NGA,2013,5.694,,181049400.0,Africa
38556,Nigeria,NGA,2014,5.622,,185896872.0,Africa
38557,Nigeria,NGA,2015,5.503,,190671830.0,Africa
38558,Nigeria,NGA,2016,5.343,,195443641.0,Africa
38559,Nigeria,NGA,2017,5.182,,200254534.0,Africa
38560,Nigeria,NGA,2018,5.021,,204938703.0,Africa
38561,Nigeria,NGA,2019,4.861,,209485583.0,Africa
38562,Nigeria,NGA,2020,4.7,,213996143.0,Africa
38753,Niue,NIU,1950,6.324,,4490.0,Oceania
38754,Niue,NIU,1951,6.414,,4530.0,Oceania
38755,Niue,NIU,1952,6.493,,4539.0,Oceania
38756,Niue,NIU,1953,6.572,,4559.0,Oceania
38757,Niue,NIU,1954,6.655,,4578.0,Oceania
38758,Niue,NIU,1955,6.765,,4612.0,Oceania
38759,Niue,NIU,1956,6.878,,4652.0,Oceania
38760,Niue,NIU,1957,6.96,,4705.0,Oceania
38761,Niue,NIU,1958,6.954,,4748.0,Oceania
38762,Niue,NIU,1959,6.962,,4792.0,Oceania
38763,Niue,NIU,1960,6.955,,4809.0,Oceania
38764,Niue,NIU,1961,6.942,,4828.0,Oceania
38765,Niue,NIU,1962,6.92,,4898.0,Oceania
38766,Niue,NIU,1963,6.899,,5016.0,Oceania
38767,Niue,NIU,1964,6.865,,5113.0,Oceania
38768,Niue,NIU,1965,6.82,,5188.0,Oceania
38769,Niue,NIU,1966,6.759,,5223.0,Oceania
38770,Niue,NIU,1967,6.687,,5223.0,Oceania
38771,Niue,NIU,1968,6.597,,5196.0,Oceania
38772,Niue,NIU,1969,6.473,,5147.0,Oceania
38773,Niue,NIU,1970,6.236,,5102.0,Oceania
38774,Niue,NIU,1971,5.969,,5027.0,Oceania
38775,Niue,NIU,1972,5.709,,4874.0,Oceania
38776,Niue,NIU,1973,5.471,,4674.0,Oceania
38777,Niue,NIU,1974,5.275,,4456.0,Oceania
38778,Niue,NIU,1975,5.087,,4221.0,Oceania
38779,Niue,NIU,1976,4.929,,3974.0,Oceania
38780,Niue,NIU,1977,4.81,,3829.0,Oceania
38781,Niue,NIU,1978,4.717,,3729.0,Oceania
38782,Niue,NIU,1979,4.68,,3631.0,Oceania
38783,Niue,NIU,1980,4.704,,3509.0,Oceania
38784,Niue,NIU,1981,4.715,,3373.0,Oceania
38785,Niue,NIU,1982,4.697,,3242.0,Oceania
38786,Niue,NIU,1983,4.655,,3087.0,Oceania
38787,Niue,NIU,1984,4.576,,2939.0,Oceania
38788,Niue,NIU,1985,4.477,,2766.0,Oceania
38789,Niue,NIU,1986,4.367,,2621.0,Oceania
38790,Niue,NIU,1987,4.276,,2544.0,Oceania
38791,Niue,NIU,1988,4.201,,2519.0,Oceania
38792,Niue,NIU,1989,4.125,,2489.0,Oceania
38793,Niue,NIU,1990,4.024,,2467.0,Oceania
38794,Niue,NIU,1991,3.871,,2436.0,Oceania
38795,Niue,NIU,1992,3.728,,2400.0,Oceania
38796,Niue,NIU,1993,3.595,,2355.0,Oceania
38797,Niue,NIU,1994,3.462,,2318.0,Oceania
38798,Niue,NIU,1995,3.35,,2275.0,Oceania
38799,Niue,NIU,1996,3.238,,2245.0,Oceania
38800,Niue,NIU,1997,3.147,,2210.0,Oceania
38801,Niue,NIU,1998,3.054,,2154.0,Oceania
38802,Niue,NIU,1999,2.971,,2106.0,Oceania
38803,Niue,NIU,2000,2.903,,2034.0,Oceania
38804,Niue,NIU,2001,2.866,,1971.0,Oceania
38805,Niue,NIU,2002,2.859,,1925.0,Oceania
38806,Niue,NIU,2003,2.885,,1888.0,Oceania
38807,Niue,NIU,2004,2.918,,1849.0,Oceania
38808,Niue,NIU,2005,2.964,,1811.0,Oceania
38809,Niue,NIU,2006,2.996,,1773.0,Oceania
38810,Niue,NIU,2007,3.007,,1762.0,Oceania
38811,Niue,NIU,2008,3.013,,1755.0,Oceania
38812,Niue,NIU,2009,3.04,,1755.0,Oceania
38813,Niue,NIU,2010,3.045,,1743.0,Oceania
38814,Niue,NIU,2011,3.032,,1733.0,Oceania
38815,Niue,NIU,2012,3.011,,1735.0,Oceania
38816,Niue,NIU,2013,2.971,,1746.0,Oceania
38817,Niue,NIU,2014,2.934,,1753.0,Oceania
38818,Niue,NIU,2015,2.879,,1766.0,Oceania
38819,Niue,NIU,2016,2.825,,1769.0,Oceania
38820,Niue,NIU,2017,2.765,,1769.0,Oceania
38821,Niue,NIU,2018,2.698,,1770.0,Oceania
38822,Niue,NIU,2019,2.629,,1773.0,Oceania
38823,Niue,NIU,2020,2.596,,1780.0,Oceania
39093,North Korea,PRK,1950,4.994,,11116683.0,Asia
39094,North Korea,PRK,1951,2.597,,10583524.0,Asia
39095,North Korea,PRK,1952,2.611,,10253593.0,Asia
39096,North Korea,PRK,1953,3.082,,10177373.0,Asia
39097,North Korea,PRK,1954,3.496,,10242758.0,Asia
39098,North Korea,PRK,1955,3.674,,10403271.0,Asia
39099,North Korea,PRK,1956,3.508,,10600347.0,Asia
39100,North Korea,PRK,1957,4.281,,10854635.0,Asia
39101,North Korea,PRK,1958,4.271,,11163709.0,Asia
39102,North Korea,PRK,1959,3.559,,11452949.0,Asia
39103,North Korea,PRK,1960,3.568,,11722909.0,Asia
39104,North Korea,PRK,1961,3.261,,11990663.0,Asia
39105,North Korea,PRK,1962,3.412,,12262839.0,Asia
39106,North Korea,PRK,1963,3.626,,12567003.0,Asia
39107,North Korea,PRK,1964,3.547,,12889725.0,Asia
39108,North Korea,PRK,1965,3.556,,13219328.0,Asia
39109,North Korea,PRK,1966,3.709,,13569045.0,Asia
39110,North Korea,PRK,1967,4.05,,13958300.0,Asia
39111,North Korea,PRK,1968,3.872,,14365556.0,Asia
39112,North Korea,PRK,1969,3.86,,14767581.0,Asia
39113,North Korea,PRK,1970,3.848,,15172733.0,Asia
39114,North Korea,PRK,1971,3.739,,15572410.0,Asia
39115,North Korea,PRK,1972,3.889,,15975023.0,Asia
39116,North Korea,PRK,1973,3.353,,16350319.0,Asia
39117,North Korea,PRK,1974,3.142,,16673065.0,Asia
39118,North Korea,PRK,1975,3.047,,16971003.0,Asia
39119,North Korea,PRK,1976,2.836,,17243408.0,Asia
39120,North Korea,PRK,1977,2.771,,17492739.0,Asia
39121,North Korea,PRK,1978,2.793,,17735941.0,Asia
39122,North Korea,PRK,1979,2.849,,17983428.0,Asia
39123,North Korea,PRK,1980,2.841,,18236728.0,Asia
39124,North Korea,PRK,1981,2.921,,18501258.0,Asia
39125,North Korea,PRK,1982,2.854,,18776316.0,Asia
39126,North Korea,PRK,1983,2.777,,19053986.0,Asia
39127,North Korea,PRK,1984,2.708,,19334999.0,Asia
39128,North Korea,PRK,1985,2.646,,19620343.0,Asia
39129,North Korea,PRK,1986,2.594,,19910806.0,Asia
39130,North Korea,PRK,1987,2.529,,20205432.0,Asia
39131,North Korea,PRK,1988,2.468,,20503104.0,Asia
39132,North Korea,PRK,1989,2.412,,20804320.0,Asia
39133,North Korea,PRK,1990,2.388,,21112087.0,Asia
39134,North Korea,PRK,1991,2.351,,21428591.0,Asia
39135,North Korea,PRK,1992,2.287,,21750862.0,Asia
39136,North Korea,PRK,1993,2.218,,22073307.0,Asia
39137,North Korea,PRK,1994,2.183,,22393915.0,Asia
39138,North Korea,PRK,1995,2.146,,22669252.0,Asia
39139,North Korea,PRK,1996,2.093,,22895702.0,Asia
39140,North Korea,PRK,1997,2.027,,23110790.0,Asia
39141,North Korea,PRK,1998,1.991,,23311527.0,Asia
39142,North Korea,PRK,1999,1.966,,23497555.0,Asia
39143,North Korea,PRK,2000,1.941,,23665861.0,Asia
39144,North Korea,PRK,2001,1.94,,23815309.0,Asia
39145,North Korea,PRK,2002,1.919,,23943924.0,Asia
39146,North Korea,PRK,2003,1.909,,24090345.0,Asia
39147,North Korea,PRK,2004,1.899,,24254897.0,Asia
39148,North Korea,PRK,2005,1.872,,24396381.0,Asia
39149,North Korea,PRK,2006,1.936,,24524454.0,Asia
39150,North Korea,PRK,2007,1.943,,24646339.0,Asia
39151,North Korea,PRK,2008,1.97,,24764570.0,Asia
39152,North Korea,PRK,2009,1.905,,24878289.0,Asia
39153,North Korea,PRK,2010,1.89,,24987204.0,Asia
39154,North Korea,PRK,2011,1.883,,25097837.0,Asia
39155,North Korea,PRK,2012,1.882,,25211684.0,Asia
39156,North Korea,PRK,2013,1.877,,25329409.0,Asia
39157,North Korea,PRK,2014,1.874,,25451215.0,Asia
39158,North Korea,PRK,2015,1.863,,25575297.0,Asia
39159,North Korea,PRK,2016,1.856,,25698280.0,Asia
39160,North Korea,PRK,2017,1.848,,25817653.0,Asia
39161,North Korea,PRK,2018,1.834,,25931102.0,Asia
39162,North Korea,PRK,2019,1.825,,26037582.0,Asia
39163,North Korea,PRK,2020,1.821,,26136272.0,Asia
39354,North Macedonia,MKD,1950,5.138,,1248628.0,Europe
39355,North Macedonia,MKD,1951,4.97,,1270990.0,Europe
39356,North Macedonia,MKD,1952,4.834,,1294492.0,Europe
39357,North Macedonia,MKD,1953,4.554,,1319425.0,Europe
39358,North Macedonia,MKD,1954,4.53,,1339956.0,Europe
39359,North Macedonia,MKD,1955,4.288,,1355630.0,Europe
39360,North Macedonia,MKD,1956,4.041,,1370869.0,Europe
39361,North Macedonia,MKD,1957,3.896,,1385199.0,Europe
39362,North Macedonia,MKD,1958,3.859,,1400068.0,Europe
39363,North Macedonia,MKD,1959,3.915,,1417037.0,Europe
39364,North Macedonia,MKD,1960,3.826,,1435019.0,Europe
39365,North Macedonia,MKD,1961,3.615,,1455129.0,Europe
39366,North Macedonia,MKD,1962,3.503,,1471708.0,Europe
39367,North Macedonia,MKD,1963,3.616,,1488698.0,Europe
39368,North Macedonia,MKD,1964,3.56,,1510852.0,Europe
39369,North Macedonia,MKD,1965,3.516,,1533422.0,Europe
39370,North Macedonia,MKD,1966,3.432,,1557305.0,Europe
39371,North Macedonia,MKD,1967,3.332,,1582452.0,Europe
39372,North Macedonia,MKD,1968,3.219,,1608880.0,Europe
39373,North Macedonia,MKD,1969,3.101,,1636314.0,Europe
39374,North Macedonia,MKD,1970,3.012,,1664171.0,Europe
39375,North Macedonia,MKD,1971,2.927,,1691182.0,Europe
39376,North Macedonia,MKD,1972,2.865,,1717350.0,Europe
39377,North Macedonia,MKD,1973,2.719,,1743773.0,Europe
39378,North Macedonia,MKD,1974,2.698,,1770503.0,Europe
39379,North Macedonia,MKD,1975,2.692,,1797917.0,Europe
39380,North Macedonia,MKD,1976,2.623,,1825785.0,Europe
39381,North Macedonia,MKD,1977,2.49,,1853096.0,Europe
39382,North Macedonia,MKD,1978,2.416,,1879807.0,Europe
39383,North Macedonia,MKD,1979,2.401,,1906480.0,Europe
39384,North Macedonia,MKD,1980,2.363,,1932999.0,Europe
39385,North Macedonia,MKD,1981,2.293,,1959016.0,Europe
39386,North Macedonia,MKD,1982,2.286,,1978913.0,Europe
39387,North Macedonia,MKD,1983,2.25,,1991861.0,Europe
39388,North Macedonia,MKD,1984,2.24,,2003347.0,Europe
39389,North Macedonia,MKD,1985,2.252,,2014275.0,Europe
39390,North Macedonia,MKD,1986,2.253,,2024687.0,Europe
39391,North Macedonia,MKD,1987,2.315,,2035115.0,Europe
39392,North Macedonia,MKD,1988,2.324,,2045692.0,Europe
39393,North Macedonia,MKD,1989,2.25,,2055604.0,Europe
39394,North Macedonia,MKD,1990,2.269,,2063645.0,Europe
39395,North Macedonia,MKD,1991,2.31,,2055937.0,Europe
39396,North Macedonia,MKD,1992,2.281,,2032464.0,Europe
39397,North Macedonia,MKD,1993,2.26,,2006806.0,Europe
39398,North Macedonia,MKD,1994,2.232,,1992614.0,Europe
39399,North Macedonia,MKD,1995,2.13,,1998489.0,Europe
39400,North Macedonia,MKD,1996,2.059,,2012505.0,Europe
39401,North Macedonia,MKD,1997,1.916,,2025708.0,Europe
39402,North Macedonia,MKD,1998,1.89,,2037531.0,Europe
39403,North Macedonia,MKD,1999,1.77,,2048045.0,Europe
39404,North Macedonia,MKD,2000,1.863,,2057212.0,Europe
39405,North Macedonia,MKD,2001,1.729,,2066242.0,Europe
39406,North Macedonia,MKD,2002,1.786,,2074432.0,Europe
39407,North Macedonia,MKD,2003,1.745,,2081368.0,Europe
39408,North Macedonia,MKD,2004,1.524,,2086534.0,Europe
39409,North Macedonia,MKD,2005,1.469,,2089764.0,Europe
39410,North Macedonia,MKD,2006,1.514,,2089193.0,Europe
39411,North Macedonia,MKD,2007,1.533,,2081936.0,Europe
39412,North Macedonia,MKD,2008,1.565,,2070788.0,Europe
39413,North Macedonia,MKD,2009,1.637,,2060548.0,Europe
39414,North Macedonia,MKD,2010,1.707,,2051460.0,Europe
39415,North Macedonia,MKD,2011,1.625,,2040398.0,Europe
39416,North Macedonia,MKD,2012,1.709,,2027246.0,Europe
39417,North Macedonia,MKD,2013,1.705,,2013223.0,Europe
39418,North Macedonia,MKD,2014,1.768,,1997784.0,Europe
39419,North Macedonia,MKD,2015,1.758,,1980318.0,Europe
39420,North Macedonia,MKD,2016,1.786,,1961210.0,Europe
39421,North Macedonia,MKD,2017,1.725,,1940825.0,Europe
39422,North Macedonia,MKD,2018,1.731,,1919675.0,Europe
39423,North Macedonia,MKD,2019,1.651,,1897595.0,Europe
39424,North Macedonia,MKD,2020,1.625,,1871976.0,Europe
39689,Northern Mariana Islands,MNP,1950,6.081,,7092.0,Oceania
39690,Northern Mariana Islands,MNP,1951,6.082,,7219.0,Oceania
39691,Northern Mariana Islands,MNP,1952,6.082,,7308.0,Oceania
39692,Northern Mariana Islands,MNP,1953,6.082,,7418.0,Oceania
39693,Northern Mariana Islands,MNP,1954,6.075,,7548.0,Oceania
39694,Northern Mariana Islands,MNP,1955,6.068,,7713.0,Oceania
39695,Northern Mariana Islands,MNP,1956,6.058,,7879.0,Oceania
39696,Northern Mariana Islands,MNP,1957,6.049,,8055.0,Oceania
39697,Northern Mariana Islands,MNP,1958,6.025,,8271.0,Oceania
39698,Northern Mariana Islands,MNP,1959,5.991,,8475.0,Oceania
39699,Northern Mariana Islands,MNP,1960,5.958,,8716.0,Oceania
39700,Northern Mariana Islands,MNP,1961,5.912,,8976.0,Oceania
39701,Northern Mariana Islands,MNP,1962,5.848,,9273.0,Oceania
39702,Northern Mariana Islands,MNP,1963,5.793,,9574.0,Oceania
39703,Northern Mariana Islands,MNP,1964,5.716,,9915.0,Oceania
39704,Northern Mariana Islands,MNP,1965,5.658,,10236.0,Oceania
39705,Northern Mariana Islands,MNP,1966,5.589,,10601.0,Oceania
39706,Northern Mariana Islands,MNP,1967,5.701,,10730.0,Oceania
39707,Northern Mariana Islands,MNP,1968,7.741,,10449.0,Oceania
39708,Northern Mariana Islands,MNP,1969,7.623,,9967.0,Oceania
39709,Northern Mariana Islands,MNP,1970,7.439,,10157.0,Oceania
39710,Northern Mariana Islands,MNP,1971,7.134,,11245.0,Oceania
39711,Northern Mariana Islands,MNP,1972,6.776,,12620.0,Oceania
39712,Northern Mariana Islands,MNP,1973,6.398,,13864.0,Oceania
39713,Northern Mariana Islands,MNP,1974,6.02,,14635.0,Oceania
39714,Northern Mariana Islands,MNP,1975,5.625,,15039.0,Oceania
39715,Northern Mariana Islands,MNP,1976,5.234,,15415.0,Oceania
39716,Northern Mariana Islands,MNP,1977,4.829,,15779.0,Oceania
39717,Northern Mariana Islands,MNP,1978,4.434,,16105.0,Oceania
39718,Northern Mariana Islands,MNP,1979,4.047,,16467.0,Oceania
39719,Northern Mariana Islands,MNP,1980,3.647,,17609.0,Oceania
39720,Northern Mariana Islands,MNP,1981,3.258,,19805.0,Oceania
39721,Northern Mariana Islands,MNP,1982,2.896,,22329.0,Oceania
39722,Northern Mariana Islands,MNP,1983,2.581,,24916.0,Oceania
39723,Northern Mariana Islands,MNP,1984,2.323,,27553.0,Oceania
39724,Northern Mariana Islands,MNP,1985,2.145,,30239.0,Oceania
39725,Northern Mariana Islands,MNP,1986,2.174,,32957.0,Oceania
39726,Northern Mariana Islands,MNP,1987,2.343,,35709.0,Oceania
39727,Northern Mariana Islands,MNP,1988,2.157,,38497.0,Oceania
39728,Northern Mariana Islands,MNP,1989,2.015,,41283.0,Oceania
39729,Northern Mariana Islands,MNP,1990,2.338,,43313.0,Oceania
39730,Northern Mariana Islands,MNP,1991,2.823,,44367.0,Oceania
39731,Northern Mariana Islands,MNP,1992,3.066,,45149.0,Oceania
39732,Northern Mariana Islands,MNP,1993,3.226,,45925.0,Oceania
39733,Northern Mariana Islands,MNP,1994,2.978,,46709.0,Oceania
39734,Northern Mariana Islands,MNP,1995,3.077,,48150.0,Oceania
39735,Northern Mariana Islands,MNP,1996,2.588,,51676.0,Oceania
39736,Northern Mariana Islands,MNP,1997,2.245,,56562.0,Oceania
39737,Northern Mariana Islands,MNP,1998,1.685,,61313.0,Oceania
39738,Northern Mariana Islands,MNP,1999,1.614,,65887.0,Oceania
39739,Northern Mariana Islands,MNP,2000,1.64,,68333.0,Oceania
39740,Northern Mariana Islands,MNP,2001,1.736,,67959.0,Oceania
39741,Northern Mariana Islands,MNP,2002,1.678,,66763.0,Oceania
39742,Northern Mariana Islands,MNP,2003,1.893,,65387.0,Oceania
39743,Northern Mariana Islands,MNP,2004,2.066,,63907.0,Oceania
39744,Northern Mariana Islands,MNP,2005,2.256,,62330.0,Oceania
39745,Northern Mariana Islands,MNP,2006,2.613,,60646.0,Oceania
39746,Northern Mariana Islands,MNP,2007,2.786,,58907.0,Oceania
39747,Northern Mariana Islands,MNP,2008,2.815,,57116.0,Oceania
39748,Northern Mariana Islands,MNP,2009,2.736,,55307.0,Oceania
39749,Northern Mariana Islands,MNP,2010,2.982,,54059.0,Oceania
39750,Northern Mariana Islands,MNP,2011,3.208,,53591.0,Oceania
39751,Northern Mariana Islands,MNP,2012,3.328,,53206.0,Oceania
39752,Northern Mariana Islands,MNP,2013,3.535,,52734.0,Oceania
39753,Northern Mariana Islands,MNP,2014,3.372,,52155.0,Oceania
39754,Northern Mariana Islands,MNP,2015,3.134,,51490.0,Oceania
39755,Northern Mariana Islands,MNP,2016,2.923,,50749.0,Oceania
39756,Northern Mariana Islands,MNP,2017,2.762,,49942.0,Oceania
39757,Northern Mariana Islands,MNP,2018,2.643,,49055.0,Oceania
39758,Northern Mariana Islands,MNP,2019,2.559,,48109.0,Oceania
39759,Northern Mariana Islands,MNP,2020,2.494,,47513.0,Oceania
39765,Norway,NOR,1950,2.523,7.45,3265145.0,Europe
39766,Norway,NOR,1951,2.469,,3295917.0,Europe
39767,Norway,NOR,1952,2.578,,3327796.0,Europe
39768,Norway,NOR,1953,2.637,,3360983.0,Europe
39769,Norway,NOR,1954,2.671,,3394348.0,Europe
39770,Norway,NOR,1955,2.758,7.38,3428477.0,Europe
39771,Norway,NOR,1956,2.829,,3461029.0,Europe
39772,Norway,NOR,1957,2.824,,3491935.0,Europe
39773,Norway,NOR,1958,2.865,,3522952.0,Europe
39774,Norway,NOR,1959,2.882,,3552785.0,Europe
39775,Norway,NOR,1960,2.847,7.38,3581067.0,Europe
39776,Norway,NOR,1961,2.915,,3609617.0,Europe
39777,Norway,NOR,1962,2.894,,3638786.0,Europe
39778,Norway,NOR,1963,2.905,,3666447.0,Europe
39779,Norway,NOR,1964,2.962,,3694264.0,Europe
39780,Norway,NOR,1965,2.925,7.78,3723127.0,Europe
39781,Norway,NOR,1966,2.891,,3752738.0,Europe
39782,Norway,NOR,1967,2.786,,3784061.0,Europe
39783,Norway,NOR,1968,2.751,,3816039.0,Europe
39784,Norway,NOR,1969,2.697,,3847249.0,Europe
39785,Norway,NOR,1970,2.512,8.19,3875297.0,Europe
39786,Norway,NOR,1971,2.494,,3902703.0,Europe
39787,Norway,NOR,1972,2.39,,3932860.0,Europe
39788,Norway,NOR,1973,2.234,,3960540.0,Europe
39789,Norway,NOR,1974,2.134,,3985228.0,Europe
39790,Norway,NOR,1975,1.986,8.5,4007318.0,Europe
39791,Norway,NOR,1976,1.867,,4026167.0,Europe
39792,Norway,NOR,1977,1.759,,4043219.0,Europe
39793,Norway,NOR,1978,1.771,,4058619.0,Europe
39794,Norway,NOR,1979,1.751,,4072450.0,Europe
39795,Norway,NOR,1980,1.722,9.07,4085550.0,Europe
39796,Norway,NOR,1981,1.701,,4099625.0,Europe
39797,Norway,NOR,1982,1.706,,4114696.0,Europe
39798,Norway,NOR,1983,1.656,,4128282.0,Europe
39799,Norway,NOR,1984,1.657,,4139932.0,Europe
39800,Norway,NOR,1985,1.675,9.97,4152358.0,Europe
39801,Norway,NOR,1986,1.707,,4167200.0,Europe
39802,Norway,NOR,1987,1.744,,4186767.0,Europe
39803,Norway,NOR,1988,1.841,,4209425.0,Europe
39804,Norway,NOR,1989,1.887,,4226863.0,Europe
39805,Norway,NOR,1990,1.932,10.67,4241384.0,Europe
39806,Norway,NOR,1991,1.92,,4261568.0,Europe
39807,Norway,NOR,1992,1.888,,4286210.0,Europe
39808,Norway,NOR,1993,1.865,,4311815.0,Europe
39809,Norway,NOR,1994,1.869,,4336416.0,Europe
39810,Norway,NOR,1995,1.873,11.25,4358940.0,Europe
39811,Norway,NOR,1996,1.892,,4381089.0,Europe
39812,Norway,NOR,1997,1.86,,4404936.0,Europe
39813,Norway,NOR,1998,1.82,,4431253.0,Europe
39814,Norway,NOR,1999,1.849,,4461738.0,Europe
39815,Norway,NOR,2000,1.854,11.58,4490821.0,Europe
39816,Norway,NOR,2001,1.788,,4513603.0,Europe
39817,Norway,NOR,2002,1.757,,4537974.0,Europe
39818,Norway,NOR,2003,1.798,,4564617.0,Europe
39819,Norway,NOR,2004,1.828,,4591693.0,Europe
39820,Norway,NOR,2005,1.835,12.04,4623060.0,Europe
39821,Norway,NOR,2006,1.899,,4660441.0,Europe
39822,Norway,NOR,2007,1.897,,4708969.0,Europe
39823,Norway,NOR,2008,1.951,,4768039.0,Europe
39824,Norway,NOR,2009,1.974,,4828579.0,Europe
39825,Norway,NOR,2010,1.941,11.85,4889110.0,Europe
39826,Norway,NOR,2011,1.876,,4952915.0,Europe
39827,Norway,NOR,2012,1.847,,5018393.0,Europe
39828,Norway,NOR,2013,1.779,,5080085.0,Europe
39829,Norway,NOR,2014,1.754,,5137351.0,Europe
39830,Norway,NOR,2015,1.728,12.3,5189728.0,Europe
39831,Norway,NOR,2016,1.705,,5235933.0,Europe
39832,Norway,NOR,2017,1.624,,5276759.0,Europe
39833,Norway,NOR,2018,1.566,,5311703.0,Europe
39834,Norway,NOR,2019,1.533,,5347690.0,Europe
39835,Norway,NOR,2020,1.482,12.25,5379229.0,Europe
40369,Oman,OMN,1950,7.261,,456947.0,Asia
40370,Oman,OMN,1951,7.253,,462713.0,Asia
40371,Oman,OMN,1952,7.255,,468788.0,Asia
40372,Oman,OMN,1953,7.251,,475125.0,Asia
40373,Oman,OMN,1954,7.248,,481776.0,Asia
40374,Oman,OMN,1955,7.233,,488762.0,Asia
40375,Oman,OMN,1956,7.226,,496133.0,Asia
40376,Oman,OMN,1957,7.228,,503938.0,Asia
40377,Oman,OMN,1958,7.246,,512290.0,Asia
40378,Oman,OMN,1959,7.253,,521273.0,Asia
40379,Oman,OMN,1960,7.277,,530449.0,Asia
40380,Oman,OMN,1961,7.287,,539812.0,Asia
40381,Oman,OMN,1962,7.318,,549907.0,Asia
40382,Oman,OMN,1963,7.334,,560781.0,Asia
40383,Oman,OMN,1964,7.37,,572532.0,Asia
40384,Oman,OMN,1965,7.391,,585202.0,Asia
40385,Oman,OMN,1966,7.412,,598770.0,Asia
40386,Oman,OMN,1967,7.437,,613272.0,Asia
40387,Oman,OMN,1968,7.462,,628757.0,Asia
40388,Oman,OMN,1969,7.489,,645209.0,Asia
40389,Oman,OMN,1970,7.523,,662642.0,Asia
40390,Oman,OMN,1971,7.558,,681077.0,Asia
40391,Oman,OMN,1972,7.588,,700558.0,Asia
40392,Oman,OMN,1973,7.625,,721137.0,Asia
40393,Oman,OMN,1974,7.672,,746950.0,Asia
40394,Oman,OMN,1975,7.711,,778819.0,Asia
40395,Oman,OMN,1976,7.743,,814653.0,Asia
40396,Oman,OMN,1977,7.781,,855277.0,Asia
40397,Oman,OMN,1978,7.818,,900256.0,Asia
40398,Oman,OMN,1979,7.85,,949079.0,Asia
40399,Oman,OMN,1980,7.887,,1001198.0,Asia
40400,Oman,OMN,1981,7.904,,1057284.0,Asia
40401,Oman,OMN,1982,7.837,,1117637.0,Asia
40402,Oman,OMN,1983,7.748,,1181419.0,Asia
40403,Oman,OMN,1984,7.642,,1247682.0,Asia
40404,Oman,OMN,1985,7.512,,1325436.0,Asia
40405,Oman,OMN,1986,7.352,,1413377.0,Asia
40406,Oman,OMN,1987,7.175,,1500958.0,Asia
40407,Oman,OMN,1988,6.953,,1588524.0,Asia
40408,Oman,OMN,1989,6.717,,1676195.0,Asia
40409,Oman,OMN,1990,6.456,,1763918.0,Asia
40410,Oman,OMN,1991,6.197,,1851429.0,Asia
40411,Oman,OMN,1992,5.919,,1938185.0,Asia
40412,Oman,OMN,1993,5.638,,2021630.0,Asia
40413,Oman,OMN,1994,5.359,,2081794.0,Asia
40414,Oman,OMN,1995,5.067,,2120489.0,Asia
40415,Oman,OMN,1996,4.79,,2156879.0,Asia
40416,Oman,OMN,1997,4.524,,2190677.0,Asia
40417,Oman,OMN,1998,4.274,,2222453.0,Asia
40418,Oman,OMN,1999,4.064,,2252862.0,Asia
40419,Oman,OMN,2000,3.852,,2282090.0,Asia
40420,Oman,OMN,2001,3.662,,2310176.0,Asia
40421,Oman,OMN,2002,3.51,,2337092.0,Asia
40422,Oman,OMN,2003,3.371,,2363747.0,Asia
40423,Oman,OMN,2004,3.2,,2404771.0,Asia
40424,Oman,OMN,2005,3.029,,2459758.0,Asia
40425,Oman,OMN,2006,2.879,,2514741.0,Asia
40426,Oman,OMN,2007,2.761,,2570131.0,Asia
40427,Oman,OMN,2008,2.762,,2626489.0,Asia
40428,Oman,OMN,2009,2.829,,2684617.0,Asia
40429,Oman,OMN,2010,2.973,,2757400.0,Asia
40430,Oman,OMN,2011,2.955,,3076708.0,Asia
40431,Oman,OMN,2012,2.928,,3547053.0,Asia
40432,Oman,OMN,2013,2.954,,3833871.0,Asia
40433,Oman,OMN,2014,2.97,,4002390.0,Asia
40434,Oman,OMN,2015,2.965,,4184853.0,Asia
40435,Oman,OMN,2016,2.949,,4390837.0,Asia
40436,Oman,OMN,2017,2.923,,4537351.0,Asia
40437,Oman,OMN,2018,2.81,,4597832.0,Asia
40438,Oman,OMN,2019,2.696,,4591205.0,Asia
40439,Oman,OMN,2020,2.638,,4522447.0,Asia
40631,Pakistan,PAK,1950,6.8,0.36,35849208.0,Asia
40632,Pakistan,PAK,1951,6.8,,36581860.0,Asia
40633,Pakistan,PAK,1952,6.8,,37376953.0,Asia
40634,Pakistan,PAK,1953,6.8,,38229614.0,Asia
40635,Pakistan,PAK,1954,6.8,,39137019.0,Asia
40636,Pakistan,PAK,1955,6.8,0.37,40098017.0,Asia
40637,Pakistan,PAK,1956,6.8,,41113880.0,Asia
40638,Pakistan,PAK,1957,6.8,,42185086.0,Asia
40639,Pakistan,PAK,1958,6.8,,43312015.0,Asia
40640,Pakistan,PAK,1959,6.8,,44495119.0,Asia
40641,Pakistan,PAK,1960,6.8,0.44,45709272.0,Asia
40642,Pakistan,PAK,1961,6.8,,46921229.0,Asia
40643,Pakistan,PAK,1962,6.8,,48156076.0,Asia
40644,Pakistan,PAK,1963,6.8,,49447741.0,Asia
40645,Pakistan,PAK,1964,6.8,,50799950.0,Asia
40646,Pakistan,PAK,1965,6.8,0.58,52208954.0,Asia
40647,Pakistan,PAK,1966,6.8,,53678620.0,Asia
40648,Pakistan,PAK,1967,6.8,,55214718.0,Asia
40649,Pakistan,PAK,1968,6.8,,56810469.0,Asia
40650,Pakistan,PAK,1969,6.8,,58460899.0,Asia
40651,Pakistan,PAK,1970,6.801,0.75,60166671.0,Asia
40652,Pakistan,PAK,1971,6.802,,61847849.0,Asia
40653,Pakistan,PAK,1972,6.805,,63583141.0,Asia
40654,Pakistan,PAK,1973,6.808,,65461863.0,Asia
40655,Pakistan,PAK,1974,6.811,,67415448.0,Asia
40656,Pakistan,PAK,1975,6.812,0.94,69461140.0,Asia
40657,Pakistan,PAK,1976,6.808,,71620200.0,Asia
40658,Pakistan,PAK,1977,6.799,,73901777.0,Asia
40659,Pakistan,PAK,1978,6.783,,76307330.0,Asia
40660,Pakistan,PAK,1979,6.761,,78996989.0,Asia
40661,Pakistan,PAK,1980,6.734,1.15,82290956.0,Asia
40662,Pakistan,PAK,1981,6.704,,85801998.0,Asia
40663,Pakistan,PAK,1982,6.674,,89089199.0,Asia
40664,Pakistan,PAK,1983,6.644,,92227659.0,Asia
40665,Pakistan,PAK,1984,6.615,,95164894.0,Asia
40666,Pakistan,PAK,1985,6.585,1.36,98229244.0,Asia
40667,Pakistan,PAK,1986,6.554,,101606724.0,Asia
40668,Pakistan,PAK,1987,6.518,,105130661.0,Asia
40669,Pakistan,PAK,1988,6.476,,108724679.0,Asia
40670,Pakistan,PAK,1989,6.425,,112336581.0,Asia
40671,Pakistan,PAK,1990,6.364,1.7,116155530.0,Asia
40672,Pakistan,PAK,1991,6.291,,120060354.0,Asia
40673,Pakistan,PAK,1992,6.207,,123546809.0,Asia
40674,Pakistan,PAK,1993,6.112,,127020068.0,Asia
40675,Pakistan,PAK,1994,6.008,,130748025.0,Asia
40676,Pakistan,PAK,1995,5.894,2.15,134582195.0,Asia
40677,Pakistan,PAK,1996,5.771,,138557040.0,Asia
40678,Pakistan,PAK,1997,5.642,,142531747.0,Asia
40679,Pakistan,PAK,1998,5.507,,146522306.0,Asia
40680,Pakistan,PAK,1999,5.462,,150565328.0,Asia
40681,Pakistan,PAK,2000,5.352,2.67,154879070.0,Asia
40682,Pakistan,PAK,2001,5.182,,159270863.0,Asia
40683,Pakistan,PAK,2002,5.012,,163222500.0,Asia
40684,Pakistan,PAK,2003,4.894,,167110208.0,Asia
40685,Pakistan,PAK,2004,4.685,,171285944.0,Asia
40686,Pakistan,PAK,2005,4.595,3.7,175453160.0,Asia
40687,Pakistan,PAK,2006,4.589,,179682648.0,Asia
40688,Pakistan,PAK,2007,4.554,,184493178.0,Asia
40689,Pakistan,PAK,2008,4.515,,189499072.0,Asia
40690,Pakistan,PAK,2009,4.465,,194376491.0,Asia
40691,Pakistan,PAK,2010,4.398,3.94,199238997.0,Asia
40692,Pakistan,PAK,2011,4.305,,203746014.0,Asia
40693,Pakistan,PAK,2012,4.204,,207667068.0,Asia
40694,Pakistan,PAK,2013,4.125,,211073920.0,Asia
40695,Pakistan,PAK,2014,4.055,,214264607.0,Asia
40696,Pakistan,PAK,2015,3.988,4.94,217290832.0,Asia
40697,Pakistan,PAK,2016,3.902,,220138810.0,Asia
40698,Pakistan,PAK,2017,3.9,,223273927.0,Asia
40699,Pakistan,PAK,2018,3.855,,226928843.0,Asia
40700,Pakistan,PAK,2019,3.81,,230800861.0,Asia
40701,Pakistan,PAK,2020,3.765,5.71,235001693.0,Asia
40897,Palau,PLW,1950,7.153,,7448.0,Oceania
40898,Palau,PLW,1951,7.147,,7634.0,Oceania
40899,Palau,PLW,1952,7.155,,7799.0,Oceania
40900,Palau,PLW,1953,7.155,,7987.0,Oceania
40901,Palau,PLW,1954,7.169,,8193.0,Oceania
40902,Palau,PLW,1955,7.176,,8398.0,Oceania
40903,Palau,PLW,1956,7.167,,8570.0,Oceania
40904,Palau,PLW,1957,7.18,,8730.0,Oceania
40905,Palau,PLW,1958,7.186,,8877.0,Oceania
40906,Palau,PLW,1959,7.191,,9092.0,Oceania
40907,Palau,PLW,1960,7.189,,9311.0,Oceania
40908,Palau,PLW,1961,7.173,,9544.0,Oceania
40909,Palau,PLW,1962,7.145,,9774.0,Oceania
40910,Palau,PLW,1963,7.117,,10016.0,Oceania
40911,Palau,PLW,1964,7.076,,10281.0,Oceania
40912,Palau,PLW,1965,7.014,,10522.0,Oceania
40913,Palau,PLW,1966,6.932,,10779.0,Oceania
40914,Palau,PLW,1967,6.836,,10974.0,Oceania
40915,Palau,PLW,1968,6.714,,11062.0,Oceania
40916,Palau,PLW,1969,6.576,,11146.0,Oceania
40917,Palau,PLW,1970,6.387,,11357.0,Oceania
40918,Palau,PLW,1971,6.164,,11735.0,Oceania
40919,Palau,PLW,1972,5.896,,12175.0,Oceania
40920,Palau,PLW,1973,5.592,,12545.0,Oceania
40921,Palau,PLW,1974,5.258,,12667.0,Oceania
40922,Palau,PLW,1975,4.903,,12628.0,Oceania
40923,Palau,PLW,1976,4.526,,12575.0,Oceania
40924,Palau,PLW,1977,4.09,,12513.0,Oceania
40925,Palau,PLW,1978,3.74,,12426.0,Oceania
40926,Palau,PLW,1979,3.486,,12321.0,Oceania
40927,Palau,PLW,1980,3.351,,12253.0,Oceania
40928,Palau,PLW,1981,3.276,,12385.0,Oceania
40929,Palau,PLW,1982,3.22,,12684.0,Oceania
40930,Palau,PLW,1983,3.143,,12995.0,Oceania
40931,Palau,PLW,1984,3.08,,13316.0,Oceania
40932,Palau,PLW,1985,3.01,,13667.0,Oceania
40933,Palau,PLW,1986,2.976,,14003.0,Oceania
40934,Palau,PLW,1987,2.933,,14312.0,Oceania
40935,Palau,PLW,1988,2.905,,14625.0,Oceania
40936,Palau,PLW,1989,2.917,,14923.0,Oceania
40937,Palau,PLW,1990,2.881,,15237.0,Oceania
40938,Palau,PLW,1991,2.742,,15590.0,Oceania
40939,Palau,PLW,1992,2.71,,15971.0,Oceania
40940,Palau,PLW,1993,2.727,,16354.0,Oceania
40941,Palau,PLW,1994,2.661,,16751.0,Oceania
40942,Palau,PLW,1995,2.553,,17179.0,Oceania
40943,Palau,PLW,1996,2.39,,17635.0,Oceania
40944,Palau,PLW,1997,2.187,,18082.0,Oceania
40945,Palau,PLW,1998,2.006,,18504.0,Oceania
40946,Palau,PLW,1999,1.906,,18877.0,Oceania
40947,Palau,PLW,2000,1.819,,19160.0,Oceania
40948,Palau,PLW,2001,1.87,,19329.0,Oceania
40949,Palau,PLW,2002,1.923,,19485.0,Oceania
40950,Palau,PLW,2003,1.962,,19635.0,Oceania
40951,Palau,PLW,2004,1.989,,19789.0,Oceania
40952,Palau,PLW,2005,2.017,,19797.0,Oceania
40953,Palau,PLW,2006,1.996,,19571.0,Oceania
40954,Palau,PLW,2007,1.968,,19280.0,Oceania
40955,Palau,PLW,2008,1.947,,18983.0,Oceania
40956,Palau,PLW,2009,1.935,,18687.0,Oceania
40957,Palau,PLW,2010,1.937,,18379.0,Oceania
40958,Palau,PLW,2011,1.965,,18061.0,Oceania
40959,Palau,PLW,2012,2.006,,17748.0,Oceania
40960,Palau,PLW,2013,2.054,,17620.0,Oceania
40961,Palau,PLW,2014,2.032,,17700.0,Oceania
40962,Palau,PLW,2015,2.002,,17747.0,Oceania
40963,Palau,PLW,2016,2.055,,17786.0,Oceania
40964,Palau,PLW,2017,2.019,,17797.0,Oceania
40965,Palau,PLW,2018,1.97,,17800.0,Oceania
40966,Palau,PLW,2019,1.984,,17770.0,Oceania
40967,Palau,PLW,2020,1.972,,17786.0,Oceania
41121,Palestine,PSE,1950,7.838,,944587.0,Asia
41122,Palestine,PSE,1951,7.841,,952903.0,Asia
41123,Palestine,PSE,1952,7.836,,962266.0,Asia
41124,Palestine,PSE,1953,7.828,,972618.0,Asia
41125,Palestine,PSE,1954,7.829,,983981.0,Asia
41126,Palestine,PSE,1955,7.819,,996344.0,Asia
41127,Palestine,PSE,1956,7.815,,1009709.0,Asia
41128,Palestine,PSE,1957,7.809,,1024087.0,Asia
41129,Palestine,PSE,1958,7.806,,1039474.0,Asia
41130,Palestine,PSE,1959,7.805,,1055857.0,Asia
41131,Palestine,PSE,1960,7.793,,1073026.0,Asia
41132,Palestine,PSE,1961,7.786,,1090884.0,Asia
41133,Palestine,PSE,1962,7.792,,1109297.0,Asia
41134,Palestine,PSE,1963,7.781,,1127414.0,Asia
41135,Palestine,PSE,1964,7.775,,1140621.0,Asia
41136,Palestine,PSE,1965,7.775,,1147264.0,Asia
41137,Palestine,PSE,1966,7.753,,1146354.0,Asia
41138,Palestine,PSE,1967,7.738,,1135764.0,Asia
41139,Palestine,PSE,1968,7.706,,1121711.0,Asia
41140,Palestine,PSE,1969,7.681,,1113041.0,Asia
41141,Palestine,PSE,1970,7.651,,1116237.0,Asia
41142,Palestine,PSE,1971,7.614,,1134061.0,Asia
41143,Palestine,PSE,1972,7.586,,1164704.0,Asia
41144,Palestine,PSE,1973,7.554,,1202218.0,Asia
41145,Palestine,PSE,1974,7.519,,1241082.0,Asia
41146,Palestine,PSE,1975,7.48,,1279269.0,Asia
41147,Palestine,PSE,1976,7.438,,1316345.0,Asia
41148,Palestine,PSE,1977,7.384,,1352673.0,Asia
41149,Palestine,PSE,1978,7.33,,1389458.0,Asia
41150,Palestine,PSE,1979,7.283,,1428071.0,Asia
41151,Palestine,PSE,1980,7.179,,1469005.0,Asia
41152,Palestine,PSE,1981,7.133,,1512665.0,Asia
41153,Palestine,PSE,1982,7.089,,1560956.0,Asia
41154,Palestine,PSE,1983,7.042,,1618729.0,Asia
41155,Palestine,PSE,1984,6.996,,1688558.0,Asia
41156,Palestine,PSE,1985,6.943,,1745210.0,Asia
41157,Palestine,PSE,1986,6.911,,1789273.0,Asia
41158,Palestine,PSE,1987,6.888,,1876719.0,Asia
41159,Palestine,PSE,1988,6.866,,1977251.0,Asia
41160,Palestine,PSE,1989,6.836,,2055577.0,Asia
41161,Palestine,PSE,1990,6.809,,2139019.0,Asia
41162,Palestine,PSE,1991,6.751,,2228905.0,Asia
41163,Palestine,PSE,1992,6.65,,2324654.0,Asia
41164,Palestine,PSE,1993,6.501,,2425021.0,Asia
41165,Palestine,PSE,1994,6.334,,2529115.0,Asia
41166,Palestine,PSE,1995,6.161,,2636498.0,Asia
41167,Palestine,PSE,1996,5.988,,2746783.0,Asia
41168,Palestine,PSE,1997,5.817,,2859532.0,Asia
41169,Palestine,PSE,1998,5.693,,2962847.0,Asia
41170,Palestine,PSE,1999,5.583,,3056200.0,Asia
41171,Palestine,PSE,2000,5.457,,3151752.0,Asia
41172,Palestine,PSE,2001,5.342,,3242238.0,Asia
41173,Palestine,PSE,2002,5.216,,3322327.0,Asia
41174,Palestine,PSE,2003,5.062,,3398020.0,Asia
41175,Palestine,PSE,2004,4.971,,3475136.0,Asia
41176,Palestine,PSE,2005,4.867,,3557364.0,Asia
41177,Palestine,PSE,2006,4.739,,3645057.0,Asia
41178,Palestine,PSE,2007,4.627,,3736640.0,Asia
41179,Palestine,PSE,2008,4.509,,3828989.0,Asia
41180,Palestine,PSE,2009,4.44,,3921196.0,Asia
41181,Palestine,PSE,2010,4.434,,4016859.0,Asia
41182,Palestine,PSE,2011,4.305,,4115858.0,Asia
41183,Palestine,PSE,2012,4.154,,4215282.0,Asia
41184,Palestine,PSE,2013,4.049,,4315214.0,Asia
41185,Palestine,PSE,2014,3.995,,4415839.0,Asia
41186,Palestine,PSE,2015,3.977,,4521515.0,Asia
41187,Palestine,PSE,2016,3.887,,4632686.0,Asia
41188,Palestine,PSE,2017,3.771,,4742699.0,Asia
41189,Palestine,PSE,2018,3.674,,4850540.0,Asia
41190,Palestine,PSE,2019,3.591,,4957731.0,Asia
41191,Palestine,PSE,2020,3.511,,5069642.0,Asia
41345,Panama,PAN,1950,5.568,3.82,860801.0,North America
41346,Panama,PAN,1951,5.615,,881967.0,North America
41347,Panama,PAN,1952,5.667,,904419.0,North America
41348,Panama,PAN,1953,5.718,,928163.0,North America
41349,Panama,PAN,1954,5.725,,953044.0,North America
41350,Panama,PAN,1955,5.734,4.23,978933.0,North America
41351,Panama,PAN,1956,5.745,,1005836.0,North America
41352,Panama,PAN,1957,5.757,,1033867.0,North America
41353,Panama,PAN,1958,5.763,,1063124.0,North America
41354,Panama,PAN,1959,5.794,,1093762.0,North America
41355,Panama,PAN,1960,5.829,4.74,1125959.0,North America
41356,Panama,PAN,1961,5.865,,1159830.0,North America
41357,Panama,PAN,1962,5.872,,1195268.0,North America
41358,Panama,PAN,1963,5.865,,1232099.0,North America
41359,Panama,PAN,1964,5.808,,1270029.0,North America
41360,Panama,PAN,1965,5.728,5.11,1308792.0,North America
41361,Panama,PAN,1966,5.649,,1348345.0,North America
41362,Panama,PAN,1967,5.534,,1388585.0,North America
41363,Panama,PAN,1968,5.411,,1429406.0,North America
41364,Panama,PAN,1969,5.287,,1470838.0,North America
41365,Panama,PAN,1970,5.175,5.62,1513022.0,North America
41366,Panama,PAN,1971,5.054,,1556033.0,North America
41367,Panama,PAN,1972,4.908,,1599678.0,North America
41368,Panama,PAN,1973,4.741,,1643644.0,North America
41369,Panama,PAN,1974,4.576,,1687890.0,North America
41370,Panama,PAN,1975,4.414,6.16,1732355.0,North America
41371,Panama,PAN,1976,4.264,,1776898.0,North America
41372,Panama,PAN,1977,4.118,,1821510.0,North America
41373,Panama,PAN,1978,3.984,,1866270.0,North America
41374,Panama,PAN,1979,3.884,,1911509.0,North America
41375,Panama,PAN,1980,3.796,6.92,1957496.0,North America
41376,Panama,PAN,1981,3.723,,2004379.0,North America
41377,Panama,PAN,1982,3.659,,2052231.0,North America
41378,Panama,PAN,1983,3.601,,2101067.0,North America
41379,Panama,PAN,1984,3.519,,2150738.0,North America
41380,Panama,PAN,1985,3.427,7.66,2200878.0,North America
41381,Panama,PAN,1986,3.339,,2251272.0,North America
41382,Panama,PAN,1987,3.251,,2301926.0,North America
41383,Panama,PAN,1988,3.173,,2352806.0,North America
41384,Panama,PAN,1989,3.121,,2403760.0,North America
41385,Panama,PAN,1990,3.072,8.21,2455535.0,North America
41386,Panama,PAN,1991,2.999,,2508220.0,North America
41387,Panama,PAN,1992,2.95,,2561294.0,North America
41388,Panama,PAN,1993,2.909,,2615043.0,North America
41389,Panama,PAN,1994,2.877,,2669500.0,North America
41390,Panama,PAN,1995,2.852,8.81,2724493.0,North America
41391,Panama,PAN,1996,2.83,,2780170.0,North America
41392,Panama,PAN,1997,2.81,,2836646.0,North America
41393,Panama,PAN,1998,2.789,,2893867.0,North America
41394,Panama,PAN,1999,2.767,,2951764.0,North America
41395,Panama,PAN,2000,2.744,9.41,3010330.0,North America
41396,Panama,PAN,2001,2.72,,3069480.0,North America
41397,Panama,PAN,2002,2.698,,3129297.0,North America
41398,Panama,PAN,2003,2.679,,3189765.0,North America
41399,Panama,PAN,2004,2.68,,3251113.0,North America
41400,Panama,PAN,2005,2.643,9.71,3312982.0,North America
41401,Panama,PAN,2006,2.62,,3374971.0,North America
41402,Panama,PAN,2007,2.612,,3437444.0,North America
41403,Panama,PAN,2008,2.608,,3500596.0,North America
41404,Panama,PAN,2009,2.593,,3564327.0,North America
41405,Panama,PAN,2010,2.587,9.99,3628492.0,North America
41406,Panama,PAN,2011,2.604,,3693468.0,North America
41407,Panama,PAN,2012,2.591,,3759201.0,North America
41408,Panama,PAN,2013,2.569,,3825287.0,North America
41409,Panama,PAN,2014,2.552,,3892053.0,North America
41410,Panama,PAN,2015,2.53,10.29,3959985.0,North America
41411,Panama,PAN,2016,2.502,,4029032.0,North America
41412,Panama,PAN,2017,2.462,,4098656.0,North America
41413,Panama,PAN,2018,2.402,,4167807.0,North America
41414,Panama,PAN,2019,2.288,,4234652.0,North America
41415,Panama,PAN,2020,2.184,10.66,4293208.0,North America
41610,Papua New Guinea,PNG,1950,5.711,,1543398.0,Oceania
41611,Papua New Guinea,PNG,1951,5.742,,1574882.0,Oceania
41612,Papua New Guinea,PNG,1952,5.758,,1609490.0,Oceania
41613,Papua New Guinea,PNG,1953,5.793,,1650200.0,Oceania
41614,Papua New Guinea,PNG,1954,5.778,,1693466.0,Oceania
41615,Papua New Guinea,PNG,1955,5.817,,1739177.0,Oceania
41616,Papua New Guinea,PNG,1956,5.841,,1787398.0,Oceania
41617,Papua New Guinea,PNG,1957,5.888,,1837463.0,Oceania
41618,Papua New Guinea,PNG,1958,5.929,,1888928.0,Oceania
41619,Papua New Guinea,PNG,1959,5.957,,1941451.0,Oceania
41620,Papua New Guinea,PNG,1960,6.018,,1995076.0,Oceania
41621,Papua New Guinea,PNG,1961,6.074,,2046091.0,Oceania
41622,Papua New Guinea,PNG,1962,6.135,,2093890.0,Oceania
41623,Papua New Guinea,PNG,1963,6.153,,2141347.0,Oceania
41624,Papua New Guinea,PNG,1964,6.191,,2188280.0,Oceania
41625,Papua New Guinea,PNG,1965,6.203,,2235778.0,Oceania
41626,Papua New Guinea,PNG,1966,6.232,,2285734.0,Oceania
41627,Papua New Guinea,PNG,1967,6.242,,2337494.0,Oceania
41628,Papua New Guinea,PNG,1968,6.252,,2390763.0,Oceania
41629,Papua New Guinea,PNG,1969,6.258,,2446879.0,Oceania
41630,Papua New Guinea,PNG,1970,6.25,,2505579.0,Oceania
41631,Papua New Guinea,PNG,1971,6.229,,2566378.0,Oceania
41632,Papua New Guinea,PNG,1972,6.197,,2628388.0,Oceania
41633,Papua New Guinea,PNG,1973,6.16,,2690585.0,Oceania
41634,Papua New Guinea,PNG,1974,6.114,,2752625.0,Oceania
41635,Papua New Guinea,PNG,1975,6.065,,2814781.0,Oceania
41636,Papua New Guinea,PNG,1976,6.018,,2877293.0,Oceania
41637,Papua New Guinea,PNG,1977,5.957,,2940280.0,Oceania
41638,Papua New Guinea,PNG,1978,5.879,,3003671.0,Oceania
41639,Papua New Guinea,PNG,1979,5.785,,3067303.0,Oceania
41640,Papua New Guinea,PNG,1980,5.705,,3131464.0,Oceania
41641,Papua New Guinea,PNG,1981,5.645,,3196972.0,Oceania
41642,Papua New Guinea,PNG,1982,5.587,,3264253.0,Oceania
41643,Papua New Guinea,PNG,1983,5.563,,3333595.0,Oceania
41644,Papua New Guinea,PNG,1984,5.514,,3405148.0,Oceania
41645,Papua New Guinea,PNG,1985,5.47,,3478900.0,Oceania
41646,Papua New Guinea,PNG,1986,5.415,,3554751.0,Oceania
41647,Papua New Guinea,PNG,1987,5.359,,3632496.0,Oceania
41648,Papua New Guinea,PNG,1988,5.302,,3711839.0,Oceania
41649,Papua New Guinea,PNG,1989,5.243,,3796029.0,Oceania
41650,Papua New Guinea,PNG,1990,5.18,,3896435.0,Oceania
41651,Papua New Guinea,PNG,1991,5.109,,4021791.0,Oceania
41652,Papua New Guinea,PNG,1992,5.033,,4166647.0,Oceania
41653,Papua New Guinea,PNG,1993,4.962,,4320826.0,Oceania
41654,Papua New Guinea,PNG,1994,4.87,,4480157.0,Oceania
41655,Papua New Guinea,PNG,1995,4.78,,4644227.0,Oceania
41656,Papua New Guinea,PNG,1996,4.728,,4813314.0,Oceania
41657,Papua New Guinea,PNG,1997,4.679,,4987836.0,Oceania
41658,Papua New Guinea,PNG,1998,4.632,,5166345.0,Oceania
41659,Papua New Guinea,PNG,1999,4.587,,5349280.0,Oceania
41660,Papua New Guinea,PNG,2000,4.525,,5537021.0,Oceania
41661,Papua New Guinea,PNG,2001,4.469,,5728394.0,Oceania
41662,Papua New Guinea,PNG,2002,4.419,,5923965.0,Oceania
41663,Papua New Guinea,PNG,2003,4.362,,6123949.0,Oceania
41664,Papua New Guinea,PNG,2004,4.283,,6327993.0,Oceania
41665,Papua New Guinea,PNG,2005,4.22,,6535860.0,Oceania
41666,Papua New Guinea,PNG,2006,4.148,,6747681.0,Oceania
41667,Papua New Guinea,PNG,2007,4.076,,6963300.0,Oceania
41668,Papua New Guinea,PNG,2008,4.015,,7182942.0,Oceania
41669,Papua New Guinea,PNG,2009,3.941,,7406393.0,Oceania
41670,Papua New Guinea,PNG,2010,3.883,,7633471.0,Oceania
41671,Papua New Guinea,PNG,2011,3.816,,7859292.0,Oceania
41672,Papua New Guinea,PNG,2012,3.746,,8081351.0,Oceania
41673,Papua New Guinea,PNG,2013,3.684,,8302648.0,Oceania
41674,Papua New Guinea,PNG,2014,3.625,,8523397.0,Oceania
41675,Papua New Guinea,PNG,2015,3.558,4.07,8743205.0,Oceania
41676,Papua New Guinea,PNG,2016,3.495,,8961675.0,Oceania
41677,Papua New Guinea,PNG,2017,3.432,,9178669.0,Oceania
41678,Papua New Guinea,PNG,2018,3.382,,9394475.0,Oceania
41679,Papua New Guinea,PNG,2019,3.322,,9608959.0,Oceania
41680,Papua New Guinea,PNG,2020,3.274,4.4,9815691.0,Oceania
41875,Paraguay,PRY,1950,6.49,2.38,1504304.0,South America
41876,Paraguay,PRY,1951,6.493,,1537894.0,South America
41877,Paraguay,PRY,1952,6.499,,1572556.0,South America
41878,Paraguay,PRY,1953,6.503,,1608258.0,South America
41879,Paraguay,PRY,1954,6.506,,1644883.0,South America
41880,Paraguay,PRY,1955,6.509,2.67,1682247.0,South America
41881,Paraguay,PRY,1956,6.51,,1720365.0,South America
41882,Paraguay,PRY,1957,6.511,,1759439.0,South America
41883,Paraguay,PRY,1958,6.509,,1799607.0,South America
41884,Paraguay,PRY,1959,6.506,,1840920.0,South America
41885,Paraguay,PRY,1960,6.5,3.11,1883474.0,South America
41886,Paraguay,PRY,1961,6.489,,1927360.0,South America
41887,Paraguay,PRY,1962,6.472,,1973080.0,South America
41888,Paraguay,PRY,1963,6.447,,2021858.0,South America
41889,Paraguay,PRY,1964,6.421,,2073070.0,South America
41890,Paraguay,PRY,1965,6.345,3.47,2125123.0,South America
41891,Paraguay,PRY,1966,6.231,,2177530.0,South America
41892,Paraguay,PRY,1967,6.097,,2229945.0,South America
41893,Paraguay,PRY,1968,5.972,,2282346.0,South America
41894,Paraguay,PRY,1969,5.837,,2334950.0,South America
41895,Paraguay,PRY,1970,5.718,4.04,2387982.0,South America
41896,Paraguay,PRY,1971,5.591,,2442492.0,South America
41897,Paraguay,PRY,1972,5.458,,2499829.0,South America
41898,Paraguay,PRY,1973,5.351,,2561057.0,South America
41899,Paraguay,PRY,1974,5.272,,2625573.0,South America
41900,Paraguay,PRY,1975,5.177,4.58,2691599.0,South America
41901,Paraguay,PRY,1976,5.117,,2758791.0,South America
41902,Paraguay,PRY,1977,5.078,,2827826.0,South America
41903,Paraguay,PRY,1978,5.036,,2899227.0,South America
41904,Paraguay,PRY,1979,5.062,,2973916.0,South America
41905,Paraguay,PRY,1980,5.102,5.15,3053189.0,South America
41906,Paraguay,PRY,1981,5.153,,3137560.0,South America
41907,Paraguay,PRY,1982,5.126,,3226151.0,South America
41908,Paraguay,PRY,1983,5.087,,3318022.0,South America
41909,Paraguay,PRY,1984,5.037,,3412892.0,South America
41910,Paraguay,PRY,1985,4.974,5.77,3510633.0,South America
41911,Paraguay,PRY,1986,4.929,,3611429.0,South America
41912,Paraguay,PRY,1987,4.847,,3714850.0,South America
41913,Paraguay,PRY,1988,4.774,,3820510.0,South America
41914,Paraguay,PRY,1989,4.681,,3927744.0,South America
41915,Paraguay,PRY,1990,4.565,6.3,4035697.0,South America
41916,Paraguay,PRY,1991,4.481,,4144328.0,South America
41917,Paraguay,PRY,1992,4.402,,4253558.0,South America
41918,Paraguay,PRY,1993,4.282,,4362655.0,South America
41919,Paraguay,PRY,1994,4.196,,4471379.0,South America
41920,Paraguay,PRY,1995,4.108,6.33,4579758.0,South America
41921,Paraguay,PRY,1996,4.014,,4687490.0,South America
41922,Paraguay,PRY,1997,3.911,,4794362.0,South America
41923,Paraguay,PRY,1998,3.798,,4899977.0,South America
41924,Paraguay,PRY,1999,3.67,,5003077.0,South America
41925,Paraguay,PRY,2000,3.508,6.55,5100823.0,South America
41926,Paraguay,PRY,2001,3.361,,5187639.0,South America
41927,Paraguay,PRY,2002,3.233,,5261286.0,South America
41928,Paraguay,PRY,2003,3.123,,5326394.0,South America
41929,Paraguay,PRY,2004,3.053,,5388133.0,South America
41930,Paraguay,PRY,2005,2.973,7.95,5448045.0,South America
41931,Paraguay,PRY,2006,2.889,,5505102.0,South America
41932,Paraguay,PRY,2007,2.823,,5559335.0,South America
41933,Paraguay,PRY,2008,2.792,,5613526.0,South America
41934,Paraguay,PRY,2009,2.757,,5671192.0,South America
41935,Paraguay,PRY,2010,2.695,8.0,5737924.0,South America
41936,Paraguay,PRY,2011,2.667,,5814583.0,South America
41937,Paraguay,PRY,2012,2.658,,5896966.0,South America
41938,Paraguay,PRY,2013,2.636,,5982397.0,South America
41939,Paraguay,PRY,2014,2.646,,6069774.0,South America
41940,Paraguay,PRY,2015,2.645,8.44,6159053.0,South America
41941,Paraguay,PRY,2016,2.624,,6249070.0,South America
41942,Paraguay,PRY,2017,2.591,,6338607.0,South America
41943,Paraguay,PRY,2018,2.561,,6427336.0,South America
41944,Paraguay,PRY,2019,2.525,,6515016.0,South America
41945,Paraguay,PRY,2020,2.497,8.89,6603683.0,South America
42140,Peru,PER,1950,6.939,2.27,7677360.0,South America
42141,Peru,PER,1951,6.942,,7893569.0,South America
42142,Peru,PER,1952,6.948,,8116618.0,South America
42143,Peru,PER,1953,6.953,,8344858.0,South America
42144,Peru,PER,1954,6.957,,8579266.0,South America
42145,Peru,PER,1955,6.96,2.45,8821968.0,South America
42146,Peru,PER,1956,6.962,,9073421.0,South America
42147,Peru,PER,1957,6.962,,9333825.0,South America
42148,Peru,PER,1958,6.959,,9603602.0,South America
42149,Peru,PER,1959,6.953,,9883602.0,South America
42150,Peru,PER,1960,6.941,2.68,10174079.0,South America
42151,Peru,PER,1961,6.923,,10475081.0,South America
42152,Peru,PER,1962,6.895,,10784578.0,South America
42153,Peru,PER,1963,6.858,,11102054.0,South America
42154,Peru,PER,1964,6.81,,11427938.0,South America
42155,Peru,PER,1965,6.75,3.1,11761048.0,South America
42156,Peru,PER,1966,6.68,,12101258.0,South America
42157,Peru,PER,1967,6.6,,12448766.0,South America
42158,Peru,PER,1968,6.513,,12803932.0,South America
42159,Peru,PER,1969,6.418,,13166701.0,South America
42160,Peru,PER,1970,6.316,3.77,13501179.0,South America
42161,Peru,PER,1971,6.207,,13838014.0,South America
42162,Peru,PER,1972,6.091,,14210092.0,South America
42163,Peru,PER,1973,5.968,,14582813.0,South America
42164,Peru,PER,1974,5.841,,14956498.0,South America
42165,Peru,PER,1975,5.709,4.69,15333903.0,South America
42166,Peru,PER,1976,5.575,,15716755.0,South America
42167,Peru,PER,1977,5.44,,16109764.0,South America
42168,Peru,PER,1978,5.305,,16516018.0,South America
42169,Peru,PER,1979,5.171,,16933090.0,South America
42170,Peru,PER,1980,5.041,5.51,17360906.0,South America
42171,Peru,PER,1981,4.915,,17798756.0,South America
42172,Peru,PER,1982,4.795,,18246453.0,South America
42173,Peru,PER,1983,4.68,,18705915.0,South America
42174,Peru,PER,1984,4.568,,19174665.0,South America
42175,Peru,PER,1985,4.46,6.2,19648163.0,South America
42176,Peru,PER,1986,4.354,,20117096.0,South America
42177,Peru,PER,1987,4.247,,20582272.0,South America
42178,Peru,PER,1988,4.138,,21054658.0,South America
42179,Peru,PER,1989,4.026,,21532534.0,South America
42180,Peru,PER,1990,3.912,6.88,22014724.0,South America
42181,Peru,PER,1991,3.794,,22483739.0,South America
42182,Peru,PER,1992,3.673,,22946300.0,South America
42183,Peru,PER,1993,3.552,,23413735.0,South America
42184,Peru,PER,1994,3.432,,23881446.0,South America
42185,Peru,PER,1995,3.315,7.54,24348871.0,South America
42186,Peru,PER,1996,3.203,,24811120.0,South America
42187,Peru,PER,1997,3.099,,25274095.0,South America
42188,Peru,PER,1998,3.002,,25738055.0,South America
42189,Peru,PER,1999,2.917,,26186452.0,South America
42190,Peru,PER,2000,2.845,8.54,26598284.0,South America
42191,Peru,PER,2001,2.744,,26964552.0,South America
42192,Peru,PER,2002,2.693,,27288162.0,South America
42193,Peru,PER,2003,2.661,,27580445.0,South America
42194,Peru,PER,2004,2.673,,27852131.0,South America
42195,Peru,PER,2005,2.643,9.44,28101118.0,South America
42196,Peru,PER,2006,2.619,,28324448.0,South America
42197,Peru,PER,2007,2.583,,28530662.0,South America
42198,Peru,PER,2008,2.528,,28718988.0,South America
42199,Peru,PER,2009,2.48,,28896766.0,South America
42200,Peru,PER,2010,2.421,8.89,29085967.0,South America
42201,Peru,PER,2011,2.413,,29304035.0,South America
42202,Peru,PER,2012,2.356,,29550318.0,South America
42203,Peru,PER,2013,2.317,,29817865.0,South America
42204,Peru,PER,2014,2.271,,30115771.0,South America
42205,Peru,PER,2015,2.229,9.31,30457550.0,South America
42206,Peru,PER,2016,2.189,,30866446.0,South America
42207,Peru,PER,2017,2.152,,31324599.0,South America
42208,Peru,PER,2018,2.118,,31897541.0,South America
42209,Peru,PER,2019,2.086,,32449256.0,South America
42210,Peru,PER,2020,2.056,9.74,32838533.0,South America
42405,Philippines,PHL,1950,7.129,2.06,18849480.0,Asia
42406,Philippines,PHL,1951,7.117,,19568040.0,Asia
42407,Philippines,PHL,1952,7.111,,20328706.0,Asia
42408,Philippines,PHL,1953,7.104,,21132456.0,Asia
42409,Philippines,PHL,1954,7.089,,21982460.0,Asia
42410,Philippines,PHL,1955,7.071,3.01,22880530.0,Asia
42411,Philippines,PHL,1956,7.052,,23825754.0,Asia
42412,Philippines,PHL,1957,7.026,,24815806.0,Asia
42413,Philippines,PHL,1958,7.003,,25842471.0,Asia
42414,Philippines,PHL,1959,7.0,,26907566.0,Asia
42415,Philippines,PHL,1960,6.996,3.23,27891859.0,Asia
42416,Philippines,PHL,1961,6.994,,28792565.0,Asia
42417,Philippines,PHL,1962,6.98,,29723485.0,Asia
42418,Philippines,PHL,1963,6.952,,30674695.0,Asia
42419,Philippines,PHL,1964,6.886,,31642988.0,Asia
42420,Philippines,PHL,1965,6.799,3.74,32625285.0,Asia
42421,Philippines,PHL,1966,6.691,,33617117.0,Asia
42422,Philippines,PHL,1967,6.572,,34621279.0,Asia
42423,Philippines,PHL,1968,6.448,,35638286.0,Asia
42424,Philippines,PHL,1969,6.333,,36660738.0,Asia
42425,Philippines,PHL,1970,6.218,4.59,37622150.0,Asia
42426,Philippines,PHL,1971,6.083,,38518615.0,Asia
42427,Philippines,PHL,1972,5.937,,39408517.0,Asia
42428,Philippines,PHL,1973,5.787,,40294074.0,Asia
42429,Philippines,PHL,1974,5.693,,41174287.0,Asia
42430,Philippines,PHL,1975,5.596,5.45,42120775.0,Asia
42431,Philippines,PHL,1976,5.505,,43201439.0,Asia
42432,Philippines,PHL,1977,5.442,,44367917.0,Asia
42433,Philippines,PHL,1978,5.393,,45575251.0,Asia
42434,Philippines,PHL,1979,5.255,,46807057.0,Asia
42435,Philippines,PHL,1980,5.108,6.18,48043692.0,Asia
42436,Philippines,PHL,1981,4.973,,49311673.0,Asia
42437,Philippines,PHL,1982,4.917,,50695663.0,Asia
42438,Philippines,PHL,1983,4.867,,52194577.0,Asia
42439,Philippines,PHL,1984,4.77,,53726136.0,Asia
42440,Philippines,PHL,1985,4.664,6.65,55212957.0,Asia
42441,Philippines,PHL,1986,4.563,,56645026.0,Asia
42442,Philippines,PHL,1987,4.509,,58157444.0,Asia
42443,Philippines,PHL,1988,4.449,,59739014.0,Asia
42444,Philippines,PHL,1989,4.365,,61265204.0,Asia
42445,Philippines,PHL,1990,4.322,7.21,62854613.0,Asia
42446,Philippines,PHL,1991,4.273,,64382194.0,Asia
42447,Philippines,PHL,1992,4.161,,65926081.0,Asia
42448,Philippines,PHL,1993,4.098,,67530570.0,Asia
42449,Philippines,PHL,1994,4.079,,69019243.0,Asia
42450,Philippines,PHL,1995,4.067,7.66,70546206.0,Asia
42451,Philippines,PHL,1996,4.004,,72190194.0,Asia
42452,Philippines,PHL,1997,3.943,,73908766.0,Asia
42453,Philippines,PHL,1998,3.884,,75790983.0,Asia
42454,Philippines,PHL,1999,3.825,,77753214.0,Asia
42455,Philippines,PHL,2000,3.754,8.12,79625353.0,Asia
42456,Philippines,PHL,2001,3.719,,81401443.0,Asia
42457,Philippines,PHL,2002,3.651,,83068839.0,Asia
42458,Philippines,PHL,2003,3.591,,84731786.0,Asia
42459,Philippines,PHL,2004,3.524,,86394464.0,Asia
42460,Philippines,PHL,2005,3.448,8.49,88015905.0,Asia
42461,Philippines,PHL,2006,3.466,,89508940.0,Asia
42462,Philippines,PHL,2007,3.403,,91075139.0,Asia
42463,Philippines,PHL,2008,3.401,,92699045.0,Asia
42464,Philippines,PHL,2009,3.376,,94384204.0,Asia
42465,Philippines,PHL,2010,3.315,8.95,96337064.0,Asia
42466,Philippines,PHL,2011,3.236,,98248571.0,Asia
42467,Philippines,PHL,2012,3.143,,100175459.0,Asia
42468,Philippines,PHL,2013,3.042,,102076299.0,Asia
42469,Philippines,PHL,2014,2.894,,103767082.0,Asia
42470,Philippines,PHL,2015,2.829,9.37,105312935.0,Asia
42471,Philippines,PHL,2016,2.679,,106735664.0,Asia
42472,Philippines,PHL,2017,2.525,,108119646.0,Asia
42473,Philippines,PHL,2018,2.378,,109465234.0,Asia
42474,Philippines,PHL,2019,2.215,,110804629.0,Asia
42475,Philippines,PHL,2020,2.075,9.63,112081229.0,Asia
42671,Poland,POL,1950,3.654,5.21,24780120.0,Europe
42672,Poland,POL,1951,3.701,,25222639.0,Europe
42673,Poland,POL,1952,3.637,,25672408.0,Europe
42674,Poland,POL,1953,3.594,,26126408.0,Europe
42675,Poland,POL,1954,3.552,,26590425.0,Europe
42676,Poland,POL,1955,3.555,5.49,27063591.0,Europe
42677,Poland,POL,1956,3.463,,27535533.0,Europe
42678,Poland,POL,1957,3.496,,28076445.0,Europe
42679,Poland,POL,1958,3.392,,28643594.0,Europe
42680,Poland,POL,1959,3.248,,29132483.0,Europe
42681,Poland,POL,1960,3.004,5.93,29575921.0,Europe
42682,Poland,POL,1961,2.86,,29979640.0,Europe
42683,Poland,POL,1962,2.744,,30338047.0,Europe
42684,Poland,POL,1963,2.7,,30673979.0,Europe
42685,Poland,POL,1964,2.603,,30993091.0,Europe
42686,Poland,POL,1965,2.537,6.66,31288294.0,Europe
42687,Poland,POL,1966,2.447,,31568226.0,Europe
42688,Poland,POL,1967,2.349,,31828583.0,Europe
42689,Poland,POL,1968,2.296,,32078343.0,Europe
42690,Poland,POL,1969,2.259,,32322735.0,Europe
42691,Poland,POL,1970,2.254,7.37,32542584.0,Europe
42692,Poland,POL,1971,2.251,,32771253.0,Europe
42693,Poland,POL,1972,2.238,,33041937.0,Europe
42694,Poland,POL,1973,2.252,,33333233.0,Europe
42695,Poland,POL,1974,2.265,,33642419.0,Europe
42696,Poland,POL,1975,2.282,7.94,33964338.0,Europe
42697,Poland,POL,1976,2.313,,34296560.0,Europe
42698,Poland,POL,1977,2.252,,34628466.0,Europe
42699,Poland,POL,1978,2.232,,34934169.0,Europe
42700,Poland,POL,1979,2.277,,35248333.0,Europe
42701,Poland,POL,1980,2.277,8.18,35576466.0,Europe
42702,Poland,POL,1981,2.246,,35900863.0,Europe
42703,Poland,POL,1982,2.34,,36233406.0,Europe
42704,Poland,POL,1983,2.416,,36573658.0,Europe
42705,Poland,POL,1984,2.377,,36905743.0,Europe
42706,Poland,POL,1985,2.323,8.6,37200797.0,Europe
42707,Poland,POL,1986,2.218,,37452565.0,Europe
42708,Poland,POL,1987,2.157,,37665659.0,Europe
42709,Poland,POL,1988,2.142,,37817816.0,Europe
42710,Poland,POL,1989,2.098,,37938044.0,Europe
42711,Poland,POL,1990,2.065,9.59,38055404.0,Europe
42712,Poland,POL,1991,2.067,,38152898.0,Europe
42713,Poland,POL,1992,1.956,,38233580.0,Europe
42714,Poland,POL,1993,1.87,,38294834.0,Europe
42715,Poland,POL,1994,1.801,,38344258.0,Europe
42716,Poland,POL,1995,1.634,10.25,38364630.0,Europe
42717,Poland,POL,1996,1.587,,38359111.0,Europe
42718,Poland,POL,1997,1.516,,38348255.0,Europe
42719,Poland,POL,1998,1.439,,38326383.0,Europe
42720,Poland,POL,1999,1.377,,38287663.0,Europe
42721,Poland,POL,2000,1.366,10.76,38258025.0,Europe
42722,Poland,POL,2001,1.315,,38247309.0,Europe
42723,Poland,POL,2002,1.252,,38229357.0,Europe
42724,Poland,POL,2003,1.225,,38203476.0,Europe
42725,Poland,POL,2004,1.228,,38167521.0,Europe
42726,Poland,POL,2005,1.244,11.45,38124333.0,Europe
42727,Poland,POL,2006,1.269,,38071124.0,Europe
42728,Poland,POL,2007,1.311,,38020368.0,Europe
42729,Poland,POL,2008,1.386,,37995854.0,Europe
42730,Poland,POL,2009,1.402,,38002108.0,Europe
42731,Poland,POL,2010,1.407,11.75,38095304.0,Europe
42732,Poland,POL,2011,1.338,,38208597.0,Europe
42733,Poland,POL,2012,1.329,,38247820.0,Europe
42734,Poland,POL,2013,1.292,,38259214.0,Europe
42735,Poland,POL,2014,1.317,,38265064.0,Europe
42736,Poland,POL,2015,1.323,11.98,38266267.0,Europe
42737,Poland,POL,2016,1.389,,38263203.0,Europe
42738,Poland,POL,2017,1.472,,38254908.0,Europe
42739,Poland,POL,2018,1.443,,38241017.0,Europe
42740,Poland,POL,2019,1.436,,38225836.0,Europe
42741,Poland,POL,2020,1.384,12.14,38170958.0,Europe
42936,Portugal,PRT,1950,3.158,1.76,8418820.0,Europe
42937,Portugal,PRT,1951,3.178,,8474150.0,Europe
42938,Portugal,PRT,1952,3.2,,8523376.0,Europe
42939,Portugal,PRT,1953,3.043,,8572691.0,Europe
42940,Portugal,PRT,1954,2.964,,8616923.0,Europe
42941,Portugal,PRT,1955,3.133,1.93,8662840.0,Europe
42942,Portugal,PRT,1956,3.032,,8704015.0,Europe
42943,Portugal,PRT,1957,3.138,,8743227.0,Europe
42944,Portugal,PRT,1958,3.151,,8792724.0,Europe
42945,Portugal,PRT,1959,3.144,,8840329.0,Europe
42946,Portugal,PRT,1960,3.16,2.17,8873185.0,Europe
42947,Portugal,PRT,1961,3.205,,8888342.0,Europe
42948,Portugal,PRT,1962,3.233,,8895723.0,Europe
42949,Portugal,PRT,1963,3.135,,8898249.0,Europe
42950,Portugal,PRT,1964,3.215,,8895708.0,Europe
42951,Portugal,PRT,1965,3.159,2.18,8889574.0,Europe
42952,Portugal,PRT,1966,3.164,,8872426.0,Europe
42953,Portugal,PRT,1967,3.157,,8845789.0,Europe
42954,Portugal,PRT,1968,3.123,,8809653.0,Europe
42955,Portugal,PRT,1969,3.114,,8754189.0,Europe
42956,Portugal,PRT,1970,3.008,2.67,8669469.0,Europe
42957,Portugal,PRT,1971,2.995,,8685535.0,Europe
42958,Portugal,PRT,1972,2.857,,8815539.0,Europe
42959,Portugal,PRT,1973,2.765,,8939180.0,Europe
42960,Portugal,PRT,1974,2.695,,9059119.0,Europe
42961,Portugal,PRT,1975,2.75,3.81,9182259.0,Europe
42962,Portugal,PRT,1976,2.807,,9310218.0,Europe
42963,Portugal,PRT,1977,2.682,,9438127.0,Europe
42964,Portugal,PRT,1978,2.45,,9556347.0,Europe
42965,Portugal,PRT,1979,2.315,,9663252.0,Europe
42966,Portugal,PRT,1980,2.245,5.03,9763572.0,Europe
42967,Portugal,PRT,1981,2.131,,9837551.0,Europe
42968,Portugal,PRT,1982,2.07,,9885797.0,Europe
42969,Portugal,PRT,1983,1.955,,9925205.0,Europe
42970,Portugal,PRT,1984,1.895,,9956841.0,Europe
42971,Portugal,PRT,1985,1.729,5.74,9979431.0,Europe
42972,Portugal,PRT,1986,1.663,,9993048.0,Europe
42973,Portugal,PRT,1987,1.62,,10001937.0,Europe
42974,Portugal,PRT,1988,1.608,,10004538.0,Europe
42975,Portugal,PRT,1989,1.572,,10001339.0,Europe
42976,Portugal,PRT,1990,1.555,6.51,9989475.0,Europe
42977,Portugal,PRT,1991,1.557,,9969142.0,Europe
42978,Portugal,PRT,1992,1.536,,9960299.0,Europe
42979,Portugal,PRT,1993,1.513,,9972293.0,Europe
42980,Portugal,PRT,1994,1.445,,9998435.0,Europe
42981,Portugal,PRT,1995,1.411,7.41,10031702.0,Europe
42982,Portugal,PRT,1996,1.441,,10067607.0,Europe
42983,Portugal,PRT,1997,1.469,,10110494.0,Europe
42984,Portugal,PRT,1998,1.473,,10159472.0,Europe
42985,Portugal,PRT,1999,1.502,,10214832.0,Europe
42986,Portugal,PRT,2000,1.538,8.39,10283150.0,Europe
42987,Portugal,PRT,2001,1.455,,10354271.0,Europe
42988,Portugal,PRT,2002,1.46,,10412991.0,Europe
42989,Portugal,PRT,2003,1.437,,10454189.0,Europe
42990,Portugal,PRT,2004,1.405,,10481336.0,Europe
42991,Portugal,PRT,2005,1.408,8.24,10502943.0,Europe
42992,Portugal,PRT,2006,1.372,,10524070.0,Europe
42993,Portugal,PRT,2007,1.352,,10546768.0,Europe
42994,Portugal,PRT,2008,1.383,,10564037.0,Europe
42995,Portugal,PRT,2009,1.349,,10576213.0,Europe
42996,Portugal,PRT,2010,1.381,8.93,10578605.0,Europe
42997,Portugal,PRT,2011,1.343,,10556994.0,Europe
42998,Portugal,PRT,2012,1.277,,10513092.0,Europe
42999,Portugal,PRT,2013,1.213,,10458238.0,Europe
43000,Portugal,PRT,2014,1.23,,10406148.0,Europe
43001,Portugal,PRT,2015,1.302,9.43,10370222.0,Europe
43002,Portugal,PRT,2016,1.356,,10346328.0,Europe
43003,Portugal,PRT,2017,1.377,,10330784.0,Europe
43004,Portugal,PRT,2018,1.411,,10325307.0,Europe
43005,Portugal,PRT,2019,1.421,,10343168.0,Europe
43006,Portugal,PRT,2020,1.405,9.91,10370463.0,Europe
43201,Puerto Rico,PRI,1950,5.206,,2229048.0,North America
43202,Puerto Rico,PRI,1951,5.063,,2247479.0,North America
43203,Puerto Rico,PRI,1952,4.827,,2263619.0,North America
43204,Puerto Rico,PRI,1953,4.681,,2277833.0,North America
43205,Puerto Rico,PRI,1954,4.678,,2291073.0,North America
43206,Puerto Rico,PRI,1955,4.68,,2303439.0,North America
43207,Puerto Rico,PRI,1956,4.704,,2314849.0,North America
43208,Puerto Rico,PRI,1957,4.587,,2324690.0,North America
43209,Puerto Rico,PRI,1958,4.618,,2333163.0,North America
43210,Puerto Rico,PRI,1959,4.554,,2342023.0,North America
43211,Puerto Rico,PRI,1960,4.593,,2363867.0,North America
43212,Puerto Rico,PRI,1961,4.412,,2401129.0,North America
43213,Puerto Rico,PRI,1962,4.34,,2441206.0,North America
43214,Puerto Rico,PRI,1963,4.253,,2480526.0,North America
43215,Puerto Rico,PRI,1964,4.177,,2518993.0,North America
43216,Puerto Rico,PRI,1965,4.096,,2556604.0,North America
43217,Puerto Rico,PRI,1966,3.706,,2593801.0,North America
43218,Puerto Rico,PRI,1967,3.518,,2630463.0,North America
43219,Puerto Rico,PRI,1968,3.32,,2665737.0,North America
43220,Puerto Rico,PRI,1969,3.243,,2698376.0,North America
43221,Puerto Rico,PRI,1970,3.167,,2734378.0,North America
43222,Puerto Rico,PRI,1971,3.209,,2777930.0,North America
43223,Puerto Rico,PRI,1972,3.006,,2824318.0,North America
43224,Puerto Rico,PRI,1973,2.902,,2871077.0,North America
43225,Puerto Rico,PRI,1974,2.871,,2918139.0,North America
43226,Puerto Rico,PRI,1975,2.803,,2966060.0,North America
43227,Puerto Rico,PRI,1976,2.865,,3014920.0,North America
43228,Puerto Rico,PRI,1977,2.897,,3064399.0,North America
43229,Puerto Rico,PRI,1978,2.847,,3114102.0,North America
43230,Puerto Rico,PRI,1979,2.766,,3164976.0,North America
43231,Puerto Rico,PRI,1980,2.698,,3213630.0,North America
43232,Puerto Rico,PRI,1981,2.591,,3256516.0,North America
43233,Puerto Rico,PRI,1982,2.482,,3295874.0,North America
43234,Puerto Rico,PRI,1983,2.329,,3332594.0,North America
43235,Puerto Rico,PRI,1984,2.225,,3367143.0,North America
43236,Puerto Rico,PRI,1985,2.222,,3399269.0,North America
43237,Puerto Rico,PRI,1986,2.266,,3428728.0,North America
43238,Puerto Rico,PRI,1987,2.23,,3457093.0,North America
43239,Puerto Rico,PRI,1988,2.224,,3485015.0,North America
43240,Puerto Rico,PRI,1989,2.302,,3511949.0,North America
43241,Puerto Rico,PRI,1990,2.291,,3540994.0,North America
43242,Puerto Rico,PRI,1991,2.213,,3573617.0,North America
43243,Puerto Rico,PRI,1992,2.196,,3606342.0,North America
43244,Puerto Rico,PRI,1993,2.21,,3637164.0,North America
43245,Puerto Rico,PRI,1994,2.175,,3666034.0,North America
43246,Puerto Rico,PRI,1995,2.15,,3693536.0,North America
43247,Puerto Rico,PRI,1996,2.144,,3719905.0,North America
43248,Puerto Rico,PRI,1997,2.169,,3745534.0,North America
43249,Puerto Rico,PRI,1998,2.08,,3770520.0,North America
43250,Puerto Rico,PRI,1999,2.038,,3794434.0,North America
43251,Puerto Rico,PRI,2000,2.041,,3809813.0,North America
43252,Puerto Rico,PRI,2001,1.946,,3812964.0,North America
43253,Puerto Rico,PRI,2002,1.856,,3810656.0,North America
43254,Puerto Rico,PRI,2003,1.807,,3806003.0,North America
43255,Puerto Rico,PRI,2004,1.837,,3798608.0,North America
43256,Puerto Rico,PRI,2005,1.842,,3788359.0,North America
43257,Puerto Rico,PRI,2006,1.798,,3776169.0,North America
43258,Puerto Rico,PRI,2007,1.738,,3763039.0,North America
43259,Puerto Rico,PRI,2008,1.624,,3749079.0,North America
43260,Puerto Rico,PRI,2009,1.595,,3734961.0,North America
43261,Puerto Rico,PRI,2010,1.619,,3714784.0,North America
43262,Puerto Rico,PRI,2011,1.595,,3683652.0,North America
43263,Puerto Rico,PRI,2012,1.541,,3646361.0,North America
43264,Puerto Rico,PRI,2013,1.473,,3606729.0,North America
43265,Puerto Rico,PRI,2014,1.437,,3565314.0,North America
43266,Puerto Rico,PRI,2015,1.35,,3521769.0,North America
43267,Puerto Rico,PRI,2016,1.264,,3475952.0,North America
43268,Puerto Rico,PRI,2017,1.133,,3371836.0,North America
43269,Puerto Rico,PRI,2018,1.026,,3290016.0,North America
43270,Puerto Rico,PRI,2019,0.979,,3287976.0,North America
43271,Puerto Rico,PRI,2020,0.934,,3275743.0,North America
43320,Qatar,QAT,1950,6.544,,24266.0,Asia
43321,Qatar,QAT,1951,6.543,,25049.0,Asia
43322,Qatar,QAT,1952,6.55,,25866.0,Asia
43323,Qatar,QAT,1953,6.539,,26721.0,Asia
43324,Qatar,QAT,1954,6.546,,27596.0,Asia
43325,Qatar,QAT,1955,6.538,,28518.0,Asia
43326,Qatar,QAT,1956,6.538,,29505.0,Asia
43327,Qatar,QAT,1957,6.531,,30609.0,Asia
43328,Qatar,QAT,1958,6.53,,31951.0,Asia
43329,Qatar,QAT,1959,6.532,,33631.0,Asia
43330,Qatar,QAT,1960,6.531,,35981.0,Asia
43331,Qatar,QAT,1961,6.526,,39660.0,Asia
43332,Qatar,QAT,1962,6.53,,44607.0,Asia
43333,Qatar,QAT,1963,6.527,,50353.0,Asia
43334,Qatar,QAT,1964,6.525,,56841.0,Asia
43335,Qatar,QAT,1965,6.527,,64040.0,Asia
43336,Qatar,QAT,1966,6.521,,72160.0,Asia
43337,Qatar,QAT,1967,6.462,,81419.0,Asia
43338,Qatar,QAT,1968,6.392,,91720.0,Asia
43339,Qatar,QAT,1969,6.311,,102987.0,Asia
43340,Qatar,QAT,1970,6.228,,116331.0,Asia
43341,Qatar,QAT,1971,6.145,,131305.0,Asia
43342,Qatar,QAT,1972,6.073,,146469.0,Asia
43343,Qatar,QAT,1973,6.008,,161810.0,Asia
43344,Qatar,QAT,1974,5.935,,177334.0,Asia
43345,Qatar,QAT,1975,5.861,,193056.0,Asia
43346,Qatar,QAT,1976,5.782,,209017.0,Asia
43347,Qatar,QAT,1977,5.691,,225245.0,Asia
43348,Qatar,QAT,1978,5.577,,241773.0,Asia
43349,Qatar,QAT,1979,5.461,,258628.0,Asia
43350,Qatar,QAT,1980,5.329,,275871.0,Asia
43351,Qatar,QAT,1981,5.196,,293515.0,Asia
43352,Qatar,QAT,1982,5.044,,311501.0,Asia
43353,Qatar,QAT,1983,4.898,,329668.0,Asia
43354,Qatar,QAT,1984,4.756,,347854.0,Asia
43355,Qatar,QAT,1985,4.642,,365901.0,Asia
43356,Qatar,QAT,1986,4.565,,382378.0,Asia
43357,Qatar,QAT,1987,4.539,,396963.0,Asia
43358,Qatar,QAT,1988,4.515,,411227.0,Asia
43359,Qatar,QAT,1989,4.412,,425609.0,Asia
43360,Qatar,QAT,1990,4.23,,440133.0,Asia
43361,Qatar,QAT,1991,3.988,,454807.0,Asia
43362,Qatar,QAT,1992,3.852,,469606.0,Asia
43363,Qatar,QAT,1993,3.765,,484511.0,Asia
43364,Qatar,QAT,1994,3.665,,499420.0,Asia
43365,Qatar,QAT,1995,3.557,,514279.0,Asia
43366,Qatar,QAT,1996,3.444,,528984.0,Asia
43367,Qatar,QAT,1997,3.327,,550466.0,Asia
43368,Qatar,QAT,1998,3.211,,580493.0,Asia
43369,Qatar,QAT,1999,3.117,,612471.0,Asia
43370,Qatar,QAT,2000,3.073,,644945.0,Asia
43371,Qatar,QAT,2001,3.08,,677885.0,Asia
43372,Qatar,QAT,2002,3.011,,711170.0,Asia
43373,Qatar,QAT,2003,2.925,,744647.0,Asia
43374,Qatar,QAT,2004,2.794,,773295.0,Asia
43375,Qatar,QAT,2005,2.635,,825378.0,Asia
43376,Qatar,QAT,2006,2.509,,972793.0,Asia
43377,Qatar,QAT,2007,2.438,,1208548.0,Asia
43378,Qatar,QAT,2008,2.369,,1426881.0,Asia
43379,Qatar,QAT,2009,2.254,,1585999.0,Asia
43380,Qatar,QAT,2010,2.137,,1709205.0,Asia
43381,Qatar,QAT,2011,2.07,,1810913.0,Asia
43382,Qatar,QAT,2012,2.04,,1907074.0,Asia
43383,Qatar,QAT,2013,2.032,,2032602.0,Asia
43384,Qatar,QAT,2014,2.03,,2218318.0,Asia
43385,Qatar,QAT,2015,1.976,9.82,2427284.0,Asia
43386,Qatar,QAT,2016,1.856,,2599332.0,Asia
43387,Qatar,QAT,2017,1.834,,2706660.0,Asia
43388,Qatar,QAT,2018,1.756,,2761095.0,Asia
43389,Qatar,QAT,2019,1.731,,2797880.0,Asia
43390,Qatar,QAT,2020,1.675,9.92,2803329.0,Asia
43586,Reunion,REU,1950,6.963,2.95,249183.0,Africa
43587,Reunion,REU,1951,6.967,,258473.0,Africa
43588,Reunion,REU,1952,6.917,,268145.0,Africa
43589,Reunion,REU,1953,6.884,,278266.0,Africa
43590,Reunion,REU,1954,6.738,,289094.0,Africa
43591,Reunion,REU,1955,6.766,2.88,300393.0,Africa
43592,Reunion,REU,1956,6.596,,311556.0,Africa
43593,Reunion,REU,1957,6.531,,323195.0,Africa
43594,Reunion,REU,1958,6.177,,335026.0,Africa
43595,Reunion,REU,1959,6.106,,347010.0,Africa
43596,Reunion,REU,1960,6.105,2.9,359510.0,Africa
43597,Reunion,REU,1961,6.056,,372030.0,Africa
43598,Reunion,REU,1962,6.168,,383811.0,Africa
43599,Reunion,REU,1963,6.272,,395291.0,Africa
43600,Reunion,REU,1964,6.172,,407132.0,Africa
43601,Reunion,REU,1965,6.152,3.09,418670.0,Africa
43602,Reunion,REU,1966,5.979,,429695.0,Africa
43603,Reunion,REU,1967,5.672,,440277.0,Africa
43604,Reunion,REU,1968,5.458,,450340.0,Africa
43605,Reunion,REU,1969,5.045,,460025.0,Africa
43606,Reunion,REU,1970,4.299,3.73,469043.0,Africa
43607,Reunion,REU,1971,4.038,,477552.0,Africa
43608,Reunion,REU,1972,3.922,,485999.0,Africa
43609,Reunion,REU,1973,3.813,,494432.0,Africa
43610,Reunion,REU,1974,3.727,,502784.0,Africa
43611,Reunion,REU,1975,3.647,4.61,511264.0,Africa
43612,Reunion,REU,1976,3.529,,519889.0,Africa
43613,Reunion,REU,1977,3.414,,528529.0,Africa
43614,Reunion,REU,1978,3.282,,537044.0,Africa
43615,Reunion,REU,1979,3.116,,545331.0,Africa
43616,Reunion,REU,1980,2.874,5.45,553097.0,Africa
43617,Reunion,REU,1981,2.908,,560929.0,Africa
43618,Reunion,REU,1982,2.596,,569585.0,Africa
43619,Reunion,REU,1983,2.563,,579195.0,Africa
43620,Reunion,REU,1984,2.581,,589649.0,Africa
43621,Reunion,REU,1985,2.51,6.21,600375.0,Africa
43622,Reunion,REU,1986,2.39,,610845.0,Africa
43623,Reunion,REU,1987,2.373,,621060.0,Africa
43624,Reunion,REU,1988,2.364,,631207.0,Africa
43625,Reunion,REU,1989,2.4,,641435.0,Africa
43626,Reunion,REU,1990,2.571,6.91,652520.0,Africa
43627,Reunion,REU,1991,2.566,,664414.0,Africa
43628,Reunion,REU,1992,2.545,,676375.0,Africa
43629,Reunion,REU,1993,2.386,,688048.0,Africa
43630,Reunion,REU,1994,2.329,,699325.0,Africa
43631,Reunion,REU,1995,2.272,7.44,710420.0,Africa
43632,Reunion,REU,1996,2.256,,721410.0,Africa
43633,Reunion,REU,1997,2.343,,732663.0,Africa
43634,Reunion,REU,1998,2.312,,744022.0,Africa
43635,Reunion,REU,1999,2.337,,754063.0,Africa
43636,Reunion,REU,2000,2.499,7.88,763098.0,Africa
43637,Reunion,REU,2001,2.451,,772194.0,Africa
43638,Reunion,REU,2002,2.411,,781251.0,Africa
43639,Reunion,REU,2003,2.429,,790521.0,Africa
43640,Reunion,REU,2004,2.451,,796956.0,Africa
43641,Reunion,REU,2005,2.486,8.26,800176.0,Africa
43642,Reunion,REU,2006,2.443,,806637.0,Africa
43643,Reunion,REU,2007,2.468,,818682.0,Africa
43644,Reunion,REU,2008,2.466,,830448.0,Africa
43645,Reunion,REU,2009,2.366,,838410.0,Africa
43646,Reunion,REU,2010,2.189,8.78,844429.0,Africa
43647,Reunion,REU,2011,2.189,,846749.0,Africa
43648,Reunion,REU,2012,2.229,,845011.0,Africa
43649,Reunion,REU,2013,2.215,,847553.0,Africa
43650,Reunion,REU,2014,2.237,,858625.0,Africa
43651,Reunion,REU,2015,2.235,9.08,864960.0,Africa
43652,Reunion,REU,2016,2.219,,862812.0,Africa
43653,Reunion,REU,2017,2.226,,858713.0,Africa
43654,Reunion,REU,2018,2.165,,856894.0,Africa
43655,Reunion,REU,2019,2.133,,857291.0,Africa
43656,Reunion,REU,2020,2.146,9.37,861404.0,Africa
43699,Romania,ROU,1950,3.076,4.1,16397220.0,Europe
43700,Romania,ROU,1951,3.052,,16625556.0,Europe
43701,Romania,ROU,1952,3.016,,16846003.0,Europe
43702,Romania,ROU,1953,2.992,,17057656.0,Europe
43703,Romania,ROU,1954,2.993,,17266617.0,Europe
43704,Romania,ROU,1955,3.011,4.45,17475222.0,Europe
43705,Romania,ROU,1956,2.883,,17691451.0,Europe
43706,Romania,ROU,1957,2.711,,17887241.0,Europe
43707,Romania,ROU,1958,2.571,,18046078.0,Europe
43708,Romania,ROU,1959,2.422,,18187646.0,Europe
43709,Romania,ROU,1960,2.318,4.9,18313450.0,Europe
43710,Romania,ROU,1961,2.156,,18422476.0,Europe
43711,Romania,ROU,1962,2.023,,18511625.0,Europe
43712,Romania,ROU,1963,1.987,,18587371.0,Europe
43713,Romania,ROU,1964,1.95,,18655350.0,Europe
43714,Romania,ROU,1965,1.903,5.33,18713016.0,Europe
43715,Romania,ROU,1966,1.874,,18776209.0,Europe
43716,Romania,ROU,1967,3.588,,18998514.0,Europe
43717,Romania,ROU,1968,3.535,,19361014.0,Europe
43718,Romania,ROU,1969,3.112,,19701760.0,Europe
43719,Romania,ROU,1970,2.812,6.22,20011579.0,Europe
43720,Romania,ROU,1971,2.598,,20293435.0,Europe
43721,Romania,ROU,1972,2.479,,20555528.0,Europe
43722,Romania,ROU,1973,2.394,,20798279.0,Europe
43723,Romania,ROU,1974,2.66,,21033512.0,Europe
43724,Romania,ROU,1975,2.595,7.25,21268014.0,Europe
43725,Romania,ROU,1976,2.549,,21497631.0,Europe
43726,Romania,ROU,1977,2.566,,21700126.0,Europe
43727,Romania,ROU,1978,2.522,,21868027.0,Europe
43728,Romania,ROU,1979,2.49,,22019583.0,Europe
43729,Romania,ROU,1980,2.435,8.08,22154728.0,Europe
43730,Romania,ROU,1981,2.354,,22272743.0,Europe
43731,Romania,ROU,1982,2.174,,22374398.0,Europe
43732,Romania,ROU,1983,2.077,,22459163.0,Europe
43733,Romania,ROU,1984,2.251,,22533954.0,Europe
43734,Romania,ROU,1985,2.309,8.8,22605759.0,Europe
43735,Romania,ROU,1986,2.385,,22674684.0,Europe
43736,Romania,ROU,1987,2.38,,22745537.0,Europe
43737,Romania,ROU,1988,2.307,,22815389.0,Europe
43738,Romania,ROU,1989,2.204,,22887592.0,Europe
43739,Romania,ROU,1990,1.837,9.42,22939481.0,Europe
43740,Romania,ROU,1991,1.6,,22947368.0,Europe
43741,Romania,ROU,1992,1.51,,22912341.0,Europe
43742,Romania,ROU,1993,1.437,,22842206.0,Europe
43743,Romania,ROU,1994,1.4,,22756199.0,Europe
43744,Romania,ROU,1995,1.337,10.05,22657664.0,Europe
43745,Romania,ROU,1996,1.301,,22541865.0,Europe
43746,Romania,ROU,1997,1.317,,22411465.0,Europe
43747,Romania,ROU,1998,1.316,,22284853.0,Europe
43748,Romania,ROU,1999,1.304,,22166115.0,Europe
43749,Romania,ROU,2000,1.303,10.48,22046211.0,Europe
43750,Romania,ROU,2001,1.272,,21919873.0,Europe
43751,Romania,ROU,2002,1.27,,21769976.0,Europe
43752,Romania,ROU,2003,1.298,,21593390.0,Europe
43753,Romania,ROU,2004,1.335,,21403163.0,Europe
43754,Romania,ROU,2005,1.394,10.76,21213352.0,Europe
43755,Romania,ROU,2006,1.421,,21035673.0,Europe
43756,Romania,ROU,2007,1.449,,20870655.0,Europe
43757,Romania,ROU,2008,1.581,,20718693.0,Europe
43758,Romania,ROU,2009,1.636,,20576869.0,Europe
43759,Romania,ROU,2010,1.574,11.18,20432524.0,Europe
43760,Romania,ROU,2011,1.475,,20281955.0,Europe
43761,Romania,ROU,2012,1.51,,20158399.0,Europe
43762,Romania,ROU,2013,1.466,,20062861.0,Europe
43763,Romania,ROU,2014,1.56,,19968125.0,Europe
43764,Romania,ROU,2015,1.621,10.98,19870968.0,Europe
43765,Romania,ROU,2016,1.692,,19777001.0,Europe
43766,Romania,ROU,2017,1.77,,19689357.0,Europe
43767,Romania,ROU,2018,1.753,,19597823.0,Europe
43768,Romania,ROU,2019,1.711,,19501499.0,Europe
43769,Romania,ROU,2020,1.726,11.25,19392420.0,Europe
43964,Russia,RUS,1950,2.926,3.75,103392314.0,Europe
43965,Russia,RUS,1951,2.902,,104844598.0,Europe
43966,Russia,RUS,1952,2.863,,106326325.0,Europe
43967,Russia,RUS,1953,2.829,,107851622.0,Europe
43968,Russia,RUS,1954,2.852,,109463199.0,Europe
43969,Russia,RUS,1955,2.812,4.21,111160938.0,Europe
43970,Russia,RUS,1956,2.758,,112909053.0,Europe
43971,Russia,RUS,1957,2.729,,114730284.0,Europe
43972,Russia,RUS,1958,2.692,,116588722.0,Europe
43973,Russia,RUS,1959,2.663,,118293848.0,Europe
43974,Russia,RUS,1960,2.633,4.5,119934094.0,Europe
43975,Russia,RUS,1961,2.52,,121604257.0,Europe
43976,Russia,RUS,1962,2.362,,123111674.0,Europe
43977,Russia,RUS,1963,2.285,,124449700.0,Europe
43978,Russia,RUS,1964,2.176,,125630106.0,Europe
43979,Russia,RUS,1965,2.113,5.09,126634148.0,Europe
43980,Russia,RUS,1966,2.105,,127533583.0,Europe
43981,Russia,RUS,1967,2.023,,128342598.0,Europe
43982,Russia,RUS,1968,1.98,,129065006.0,Europe
43983,Russia,RUS,1969,1.988,,129762147.0,Europe
43984,Russia,RUS,1970,2.007,5.92,130367138.0,Europe
43985,Russia,RUS,1971,2.048,,130987057.0,Europe
43986,Russia,RUS,1972,2.068,,131726365.0,Europe
43987,Russia,RUS,1973,2.01,,132475094.0,Europe
43988,Russia,RUS,1974,2.027,,133259095.0,Europe
43989,Russia,RUS,1975,2.002,6.91,134136049.0,Europe
43990,Russia,RUS,1976,1.993,,135080647.0,Europe
43991,Russia,RUS,1977,1.978,,136040923.0,Europe
43992,Russia,RUS,1978,1.953,,136979036.0,Europe
43993,Russia,RUS,1979,1.92,,137816490.0,Europe
43994,Russia,RUS,1980,1.916,8.02,138572571.0,Europe
43995,Russia,RUS,1981,1.941,,139351451.0,Europe
43996,Russia,RUS,1982,2.022,,140247703.0,Europe
43997,Russia,RUS,1983,2.135,,141331232.0,Europe
43998,Russia,RUS,1984,2.099,,142464186.0,Europe
43999,Russia,RUS,1985,2.094,9.01,143569334.0,Europe
44000,Russia,RUS,1986,2.205,,144807772.0,Europe
44001,Russia,RUS,1987,2.249,,146147324.0,Europe
44002,Russia,RUS,1988,2.159,,147364443.0,Europe
44003,Russia,RUS,1989,2.034,,148281823.0,Europe
44004,Russia,RUS,1990,1.91,9.99,148979487.0,Europe
44005,Russia,RUS,1991,1.751,,149448388.0,Europe
44006,Russia,RUS,1992,1.566,,148915936.0,Europe
44007,Russia,RUS,1993,1.393,,148135377.0,Europe
44008,Russia,RUS,1994,1.398,,148200678.0,Europe
44009,Russia,RUS,1995,1.352,10.8,148291356.0,Europe
44010,Russia,RUS,1996,1.289,,148084532.0,Europe
44011,Russia,RUS,1997,1.243,,147853713.0,Europe
44012,Russia,RUS,1998,1.242,,147635488.0,Europe
44013,Russia,RUS,1999,1.183,,147241915.0,Europe
44014,Russia,RUS,2000,1.19,11.58,146717736.0,Europe
44015,Russia,RUS,2001,1.221,,146117233.0,Europe
44016,Russia,RUS,2002,1.287,,145939456.0,Europe
44017,Russia,RUS,2003,1.334,,145794184.0,Europe
44018,Russia,RUS,2004,1.345,,145180052.0,Europe
44019,Russia,RUS,2005,1.299,11.84,144597838.0,Europe
44020,Russia,RUS,2006,1.315,,144102900.0,Europe
44021,Russia,RUS,2007,1.428,,143859724.0,Europe
44022,Russia,RUS,2008,1.517,,143811787.0,Europe
44023,Russia,RUS,2009,1.559,,143869089.0,Europe
44024,Russia,RUS,2010,1.585,12.1,143934422.0,Europe
44025,Russia,RUS,2011,1.601,,144043700.0,Europe
44026,Russia,RUS,2012,1.708,,144290965.0,Europe
44027,Russia,RUS,2013,1.725,,144604052.0,Europe
44028,Russia,RUS,2014,1.766,,144925588.0,Europe
44029,Russia,RUS,2015,1.79,11.6,145307563.0,Europe
44030,Russia,RUS,2016,1.773,,145778617.0,Europe
44031,Russia,RUS,2017,1.627,,146186752.0,Europe
44032,Russia,RUS,2018,1.581,,146430090.0,Europe
44033,Russia,RUS,2019,1.504,,146533005.0,Europe
44034,Russia,RUS,2020,1.505,11.62,146371239.0,Europe
44229,Rwanda,RWA,1950,8.152,,2157051.0,Africa
44230,Rwanda,RWA,1951,8.156,,2236000.0,Africa
44231,Rwanda,RWA,1952,8.178,,2316463.0,Africa
44232,Rwanda,RWA,1953,8.198,,2398314.0,Africa
44233,Rwanda,RWA,1954,8.217,,2482091.0,Africa
44234,Rwanda,RWA,1955,8.214,,2568256.0,Africa
44235,Rwanda,RWA,1956,8.231,,2656768.0,Africa
44236,Rwanda,RWA,1957,8.256,,2747831.0,Africa
44237,Rwanda,RWA,1958,8.27,,2840083.0,Africa
44238,Rwanda,RWA,1959,8.288,,2932358.0,Africa
44239,Rwanda,RWA,1960,8.283,,3022249.0,Africa
44240,Rwanda,RWA,1961,8.279,,3106736.0,Africa
44241,Rwanda,RWA,1962,8.271,,3185973.0,Africa
44242,Rwanda,RWA,1963,8.269,,3258863.0,Africa
44243,Rwanda,RWA,1964,8.266,,3334797.0,Africa
44244,Rwanda,RWA,1965,8.249,,3423163.0,Africa
44245,Rwanda,RWA,1966,8.23,,3521575.0,Africa
44246,Rwanda,RWA,1967,8.211,,3629540.0,Africa
44247,Rwanda,RWA,1968,8.187,,3743957.0,Africa
44248,Rwanda,RWA,1969,8.176,,3861225.0,Africa
44249,Rwanda,RWA,1970,8.145,,3980619.0,Africa
44250,Rwanda,RWA,1971,8.092,,4099997.0,Africa
44251,Rwanda,RWA,1972,8.089,,4220286.0,Africa
44252,Rwanda,RWA,1973,8.092,,4344986.0,Africa
44253,Rwanda,RWA,1974,8.102,,4474181.0,Africa
44254,Rwanda,RWA,1975,8.096,,4607677.0,Africa
44255,Rwanda,RWA,1976,8.122,,4745909.0,Africa
44256,Rwanda,RWA,1977,8.138,,4888203.0,Africa
44257,Rwanda,RWA,1978,8.157,,5035122.0,Africa
44258,Rwanda,RWA,1979,8.13,,5189501.0,Africa
44259,Rwanda,RWA,1980,8.115,,5353220.0,Africa
44260,Rwanda,RWA,1981,8.102,,5527192.0,Africa
44261,Rwanda,RWA,1982,8.064,,5711508.0,Africa
44262,Rwanda,RWA,1983,8.001,,5905270.0,Africa
44263,Rwanda,RWA,1984,7.913,,6107580.0,Africa
44264,Rwanda,RWA,1985,7.786,,6317187.0,Africa
44265,Rwanda,RWA,1986,7.612,,6531836.0,Africa
44266,Rwanda,RWA,1987,7.426,,6749446.0,Africa
44267,Rwanda,RWA,1988,7.234,,6968018.0,Africa
44268,Rwanda,RWA,1989,7.029,,7184657.0,Africa
44269,Rwanda,RWA,1990,6.803,,7375269.0,Africa
44270,Rwanda,RWA,1991,6.622,,7526910.0,Africa
44271,Rwanda,RWA,1992,6.539,,7683212.0,Africa
44272,Rwanda,RWA,1993,6.479,,7981091.0,Africa
44273,Rwanda,RWA,1994,6.415,,6792303.0,Africa
44274,Rwanda,RWA,1995,6.345,,5674072.0,Africa
44275,Rwanda,RWA,1996,6.289,,6708729.0,Africa
44276,Rwanda,RWA,1997,6.235,,7755188.0,Africa
44277,Rwanda,RWA,1998,6.171,,8081636.0,Africa
44278,Rwanda,RWA,1999,6.059,,8147867.0,Africa
44279,Rwanda,RWA,2000,5.967,,8213890.0,Africa
44280,Rwanda,RWA,2001,5.893,,8287041.0,Africa
44281,Rwanda,RWA,2002,5.816,,8400138.0,Africa
44282,Rwanda,RWA,2003,5.737,,8586828.0,Africa
44283,Rwanda,RWA,2004,5.64,,8816799.0,Africa
44284,Rwanda,RWA,2005,5.5,,9054488.0,Africa
44285,Rwanda,RWA,2006,5.335,,9299203.0,Africa
44286,Rwanda,RWA,2007,5.141,,9549891.0,Africa
44287,Rwanda,RWA,2008,4.922,,9804219.0,Africa
44288,Rwanda,RWA,2009,4.707,,10060389.0,Africa
44289,Rwanda,RWA,2010,4.522,,10317499.0,Africa
44290,Rwanda,RWA,2011,4.332,,10573694.0,Africa
44291,Rwanda,RWA,2012,4.201,,10829851.0,Africa
44292,Rwanda,RWA,2013,4.136,,11093287.0,Africa
44293,Rwanda,RWA,2014,4.117,,11364711.0,Africa
44294,Rwanda,RWA,2015,4.108,4.62,11639989.0,Africa
44295,Rwanda,RWA,2016,4.106,,11919140.0,Africa
44296,Rwanda,RWA,2017,4.084,,12202006.0,Africa
44297,Rwanda,RWA,2018,4.047,,12487952.0,Africa
44298,Rwanda,RWA,2019,3.985,,12776068.0,Africa
44299,Rwanda,RWA,2020,3.913,5.3,13065796.0,Africa
44494,Saint Barthelemy,BLM,1950,3.221,,1994.0,North America
44495,Saint Barthelemy,BLM,1951,3.191,,2046.0,North America
44496,Saint Barthelemy,BLM,1952,3.161,,2069.0,North America
44497,Saint Barthelemy,BLM,1953,3.122,,2088.0,North America
44498,Saint Barthelemy,BLM,1954,3.08,,2119.0,North America
44499,Saint Barthelemy,BLM,1955,3.044,,2129.0,North America
44500,Saint Barthelemy,BLM,1956,3.0,,2119.0,North America
44501,Saint Barthelemy,BLM,1957,2.954,,2107.0,North America
44502,Saint Barthelemy,BLM,1958,2.907,,2129.0,North America
44503,Saint Barthelemy,BLM,1959,2.867,,2146.0,North America
44504,Saint Barthelemy,BLM,1960,2.802,,2167.0,North America
44505,Saint Barthelemy,BLM,1961,2.745,,2185.0,North America
44506,Saint Barthelemy,BLM,1962,2.675,,2216.0,North America
44507,Saint Barthelemy,BLM,1963,2.599,,2249.0,North America
44508,Saint Barthelemy,BLM,1964,2.523,,2278.0,North America
44509,Saint Barthelemy,BLM,1965,2.444,,2306.0,North America
44510,Saint Barthelemy,BLM,1966,2.365,,2350.0,North America
44511,Saint Barthelemy,BLM,1967,2.288,,2368.0,North America
44512,Saint Barthelemy,BLM,1968,2.219,,2372.0,North America
44513,Saint Barthelemy,BLM,1969,2.154,,2385.0,North America
44514,Saint Barthelemy,BLM,1970,2.089,,2398.0,North America
44515,Saint Barthelemy,BLM,1971,2.023,,2416.0,North America
44516,Saint Barthelemy,BLM,1972,1.959,,2436.0,North America
44517,Saint Barthelemy,BLM,1973,1.895,,2458.0,North America
44518,Saint Barthelemy,BLM,1974,1.815,,2484.0,North America
44519,Saint Barthelemy,BLM,1975,1.667,,2539.0,North America
44520,Saint Barthelemy,BLM,1976,1.51,,2605.0,North America
44521,Saint Barthelemy,BLM,1977,1.405,,2692.0,North America
44522,Saint Barthelemy,BLM,1978,1.362,,2792.0,North America
44523,Saint Barthelemy,BLM,1979,1.374,,2885.0,North America
44524,Saint Barthelemy,BLM,1980,1.437,,2950.0,North America
44525,Saint Barthelemy,BLM,1981,1.54,,3004.0,North America
44526,Saint Barthelemy,BLM,1982,1.63,,3166.0,North America
44527,Saint Barthelemy,BLM,1983,1.615,,3475.0,North America
44528,Saint Barthelemy,BLM,1984,1.589,,3759.0,North America
44529,Saint Barthelemy,BLM,1985,1.564,,4029.0,North America
44530,Saint Barthelemy,BLM,1986,1.536,,4302.0,North America
44531,Saint Barthelemy,BLM,1987,1.509,,4563.0,North America
44532,Saint Barthelemy,BLM,1988,1.472,,4799.0,North America
44533,Saint Barthelemy,BLM,1989,1.436,,5026.0,North America
44534,Saint Barthelemy,BLM,1990,1.411,,5231.0,North America
44535,Saint Barthelemy,BLM,1991,1.395,,5421.0,North America
44536,Saint Barthelemy,BLM,1992,1.384,,5605.0,North America
44537,Saint Barthelemy,BLM,1993,1.374,,5797.0,North America
44538,Saint Barthelemy,BLM,1994,1.372,,5973.0,North America
44539,Saint Barthelemy,BLM,1995,1.37,,6161.0,North America
44540,Saint Barthelemy,BLM,1996,1.369,,6341.0,North America
44541,Saint Barthelemy,BLM,1997,1.373,,6529.0,North America
44542,Saint Barthelemy,BLM,1998,1.393,,6698.0,North America
44543,Saint Barthelemy,BLM,1999,1.436,,6873.0,North America
44544,Saint Barthelemy,BLM,2000,1.491,,7052.0,North America
44545,Saint Barthelemy,BLM,2001,1.524,,7249.0,North America
44546,Saint Barthelemy,BLM,2002,1.538,,7446.0,North America
44547,Saint Barthelemy,BLM,2003,1.524,,7644.0,North America
44548,Saint Barthelemy,BLM,2004,1.514,,7829.0,North America
44549,Saint Barthelemy,BLM,2005,1.49,,8014.0,North America
44550,Saint Barthelemy,BLM,2006,1.45,,8202.0,North America
44551,Saint Barthelemy,BLM,2007,1.4,,8386.0,North America
44552,Saint Barthelemy,BLM,2008,1.34,,8582.0,North America
44553,Saint Barthelemy,BLM,2009,1.288,,8777.0,North America
44554,Saint Barthelemy,BLM,2010,1.252,,8947.0,North America
44555,Saint Barthelemy,BLM,2011,1.243,,9066.0,North America
44556,Saint Barthelemy,BLM,2012,1.245,,9177.0,North America
44557,Saint Barthelemy,BLM,2013,1.09,,9299.0,North America
44558,Saint Barthelemy,BLM,2014,0.928,,9426.0,North America
44559,Saint Barthelemy,BLM,2015,1.052,,9573.0,North America
44560,Saint Barthelemy,BLM,2016,0.966,,9727.0,North America
44561,Saint Barthelemy,BLM,2017,0.809,,9907.0,North America
44562,Saint Barthelemy,BLM,2018,0.706,,10096.0,North America
44563,Saint Barthelemy,BLM,2019,0.734,,10286.0,North America
44564,Saint Barthelemy,BLM,2020,0.758,,10524.0,North America
44572,Saint Helena,SHN,1950,5.621,,5215.0,Africa
44573,Saint Helena,SHN,1951,5.582,,5261.0,Africa
44574,Saint Helena,SHN,1952,5.537,,5282.0,Africa
44575,Saint Helena,SHN,1953,5.49,,5293.0,Africa
44576,Saint Helena,SHN,1954,5.448,,5294.0,Africa
44577,Saint Helena,SHN,1955,5.467,,5283.0,Africa
44578,Saint Helena,SHN,1956,5.436,,5270.0,Africa
44579,Saint Helena,SHN,1957,5.415,,5287.0,Africa
44580,Saint Helena,SHN,1958,5.384,,5308.0,Africa
44581,Saint Helena,SHN,1959,5.347,,5318.0,Africa
44582,Saint Helena,SHN,1960,5.285,,5343.0,Africa
44583,Saint Helena,SHN,1961,5.216,,5364.0,Africa
44584,Saint Helena,SHN,1962,5.141,,5404.0,Africa
44585,Saint Helena,SHN,1963,5.059,,5420.0,Africa
44586,Saint Helena,SHN,1964,4.994,,5448.0,Africa
44587,Saint Helena,SHN,1965,4.964,,5450.0,Africa
44588,Saint Helena,SHN,1966,4.943,,5477.0,Africa
44589,Saint Helena,SHN,1967,4.915,,5527.0,Africa
44590,Saint Helena,SHN,1968,4.863,,5608.0,Africa
44591,Saint Helena,SHN,1969,4.745,,5671.0,Africa
44592,Saint Helena,SHN,1970,4.412,,5762.0,Africa
44593,Saint Helena,SHN,1971,4.001,,5842.0,Africa
44594,Saint Helena,SHN,1972,3.696,,5909.0,Africa
44595,Saint Helena,SHN,1973,3.494,,5984.0,Africa
44596,Saint Helena,SHN,1974,3.38,,6048.0,Africa
44597,Saint Helena,SHN,1975,3.261,,6114.0,Africa
44598,Saint Helena,SHN,1976,3.09,,6155.0,Africa
44599,Saint Helena,SHN,1977,2.954,,6196.0,Africa
44600,Saint Helena,SHN,1978,2.858,,6265.0,Africa
44601,Saint Helena,SHN,1979,2.806,,6315.0,Africa
44602,Saint Helena,SHN,1980,2.791,,6365.0,Africa
44603,Saint Helena,SHN,1981,2.814,,6428.0,Africa
44604,Saint Helena,SHN,1982,2.775,,6502.0,Africa
44605,Saint Helena,SHN,1983,2.67,,6557.0,Africa
44606,Saint Helena,SHN,1984,2.542,,6599.0,Africa
44607,Saint Helena,SHN,1985,2.421,,6644.0,Africa
44608,Saint Helena,SHN,1986,2.351,,6661.0,Africa
44609,Saint Helena,SHN,1987,2.287,,6673.0,Africa
44610,Saint Helena,SHN,1988,2.25,,6664.0,Africa
44611,Saint Helena,SHN,1989,2.209,,6634.0,Africa
44612,Saint Helena,SHN,1990,2.144,,6591.0,Africa
44613,Saint Helena,SHN,1991,2.082,,6551.0,Africa
44614,Saint Helena,SHN,1992,2.023,,6506.0,Africa
44615,Saint Helena,SHN,1993,1.954,,6454.0,Africa
44616,Saint Helena,SHN,1994,1.881,,6396.0,Africa
44617,Saint Helena,SHN,1995,1.829,,6326.0,Africa
44618,Saint Helena,SHN,1996,1.771,,6262.0,Africa
44619,Saint Helena,SHN,1997,1.748,,6208.0,Africa
44620,Saint Helena,SHN,1998,1.724,,6147.0,Africa
44621,Saint Helena,SHN,1999,1.705,,6070.0,Africa
44622,Saint Helena,SHN,2000,1.68,,6004.0,Africa
44623,Saint Helena,SHN,2001,1.647,,5930.0,Africa
44624,Saint Helena,SHN,2002,1.621,,5838.0,Africa
44625,Saint Helena,SHN,2003,1.603,,5735.0,Africa
44626,Saint Helena,SHN,2004,1.59,,5642.0,Africa
44627,Saint Helena,SHN,2005,1.593,,5530.0,Africa
44628,Saint Helena,SHN,2006,1.599,,5413.0,Africa
44629,Saint Helena,SHN,2007,1.607,,5305.0,Africa
44630,Saint Helena,SHN,2008,1.616,,5250.0,Africa
44631,Saint Helena,SHN,2009,1.628,,5282.0,Africa
44632,Saint Helena,SHN,2010,1.652,,5310.0,Africa
44633,Saint Helena,SHN,2011,1.671,,5344.0,Africa
44634,Saint Helena,SHN,2012,1.686,,5388.0,Africa
44635,Saint Helena,SHN,2013,1.692,,5425.0,Africa
44636,Saint Helena,SHN,2014,1.699,,5446.0,Africa
44637,Saint Helena,SHN,2015,1.699,,5491.0,Africa
44638,Saint Helena,SHN,2016,1.697,,5500.0,Africa
44639,Saint Helena,SHN,2017,1.694,,5490.0,Africa
44640,Saint Helena,SHN,2018,1.681,,5457.0,Africa
44641,Saint Helena,SHN,2019,1.668,,5445.0,Africa
44642,Saint Helena,SHN,2020,1.656,,5404.0,Africa
44658,Saint Kitts and Nevis,KNA,1950,6.379,,47213.0,North America
44659,Saint Kitts and Nevis,KNA,1951,6.463,,48296.0,North America
44660,Saint Kitts and Nevis,KNA,1952,6.573,,49366.0,North America
44661,Saint Kitts and Nevis,KNA,1953,6.695,,50420.0,North America
44662,Saint Kitts and Nevis,KNA,1954,6.833,,51322.0,North America
44663,Saint Kitts and Nevis,KNA,1955,6.965,,52119.0,North America
44664,Saint Kitts and Nevis,KNA,1956,7.09,,52955.0,North America
44665,Saint Kitts and Nevis,KNA,1957,7.259,,53799.0,North America
44666,Saint Kitts and Nevis,KNA,1958,7.26,,54613.0,North America
44667,Saint Kitts and Nevis,KNA,1959,6.949,,55454.0,North America
44668,Saint Kitts and Nevis,KNA,1960,6.541,,55789.0,North America
44669,Saint Kitts and Nevis,KNA,1961,6.272,,55305.0,North America
44670,Saint Kitts and Nevis,KNA,1962,6.061,,54441.0,North America
44671,Saint Kitts and Nevis,KNA,1963,6.121,,53411.0,North America
44672,Saint Kitts and Nevis,KNA,1964,6.084,,52310.0,North America
44673,Saint Kitts and Nevis,KNA,1965,6.008,,51112.0,North America
44674,Saint Kitts and Nevis,KNA,1966,5.783,,49863.0,North America
44675,Saint Kitts and Nevis,KNA,1967,5.46,,48583.0,North America
44676,Saint Kitts and Nevis,KNA,1968,5.165,,47220.0,North America
44677,Saint Kitts and Nevis,KNA,1969,4.967,,45715.0,North America
44678,Saint Kitts and Nevis,KNA,1970,4.728,,44580.0,North America
44679,Saint Kitts and Nevis,KNA,1971,4.506,,44185.0,North America
44680,Saint Kitts and Nevis,KNA,1972,4.161,,44005.0,North America
44681,Saint Kitts and Nevis,KNA,1973,3.966,,43848.0,North America
44682,Saint Kitts and Nevis,KNA,1974,3.806,,43707.0,North America
44683,Saint Kitts and Nevis,KNA,1975,3.675,,43585.0,North America
44684,Saint Kitts and Nevis,KNA,1976,3.589,,43465.0,North America
44685,Saint Kitts and Nevis,KNA,1977,3.478,,43336.0,North America
44686,Saint Kitts and Nevis,KNA,1978,3.286,,43187.0,North America
44687,Saint Kitts and Nevis,KNA,1979,3.23,,43010.0,North America
44688,Saint Kitts and Nevis,KNA,1980,3.261,,42820.0,North America
44689,Saint Kitts and Nevis,KNA,1981,3.296,,42679.0,North America
44690,Saint Kitts and Nevis,KNA,1982,3.175,,42498.0,North America
44691,Saint Kitts and Nevis,KNA,1983,3.098,,42305.0,North America
44692,Saint Kitts and Nevis,KNA,1984,2.884,,42089.0,North America
44693,Saint Kitts and Nevis,KNA,1985,2.82,,41838.0,North America
44694,Saint Kitts and Nevis,KNA,1986,2.683,,41594.0,North America
44695,Saint Kitts and Nevis,KNA,1987,2.622,,41316.0,North America
44696,Saint Kitts and Nevis,KNA,1988,2.622,,41038.0,North America
44697,Saint Kitts and Nevis,KNA,1989,2.689,,40731.0,North America
44698,Saint Kitts and Nevis,KNA,1990,2.725,,40410.0,North America
44699,Saint Kitts and Nevis,KNA,1991,2.597,,40325.0,North America
44700,Saint Kitts and Nevis,KNA,1992,2.433,,40689.0,North America
44701,Saint Kitts and Nevis,KNA,1993,2.375,,41216.0,North America
44702,Saint Kitts and Nevis,KNA,1994,2.31,,41742.0,North America
44703,Saint Kitts and Nevis,KNA,1995,2.304,,42291.0,North America
44704,Saint Kitts and Nevis,KNA,1996,2.26,,42849.0,North America
44705,Saint Kitts and Nevis,KNA,1997,2.3,,43402.0,North America
44706,Saint Kitts and Nevis,KNA,1998,2.31,,43968.0,North America
44707,Saint Kitts and Nevis,KNA,1999,2.256,,44569.0,North America
44708,Saint Kitts and Nevis,KNA,2000,2.126,,45222.0,North America
44709,Saint Kitts and Nevis,KNA,2001,2.082,,45741.0,North America
44710,Saint Kitts and Nevis,KNA,2002,2.038,,45996.0,North America
44711,Saint Kitts and Nevis,KNA,2003,2.004,,46144.0,North America
44712,Saint Kitts and Nevis,KNA,2004,1.964,,46287.0,North America
44713,Saint Kitts and Nevis,KNA,2005,1.931,,46412.0,North America
44714,Saint Kitts and Nevis,KNA,2006,1.902,,46544.0,North America
44715,Saint Kitts and Nevis,KNA,2007,1.871,,46689.0,North America
44716,Saint Kitts and Nevis,KNA,2008,1.833,,46801.0,North America
44717,Saint Kitts and Nevis,KNA,2009,1.8,,46893.0,North America
44718,Saint Kitts and Nevis,KNA,2010,1.762,,46816.0,North America
44719,Saint Kitts and Nevis,KNA,2011,1.74,,46866.0,North America
44720,Saint Kitts and Nevis,KNA,2012,1.713,,47014.0,North America
44721,Saint Kitts and Nevis,KNA,2013,1.682,,47048.0,North America
44722,Saint Kitts and Nevis,KNA,2014,1.665,,47073.0,North America
44723,Saint Kitts and Nevis,KNA,2015,1.643,,47057.0,North America
44724,Saint Kitts and Nevis,KNA,2016,1.633,,47043.0,North America
44725,Saint Kitts and Nevis,KNA,2017,1.61,,47029.0,North America
44726,Saint Kitts and Nevis,KNA,2018,1.587,,46989.0,North America
44727,Saint Kitts and Nevis,KNA,2019,1.568,,46922.0,North America
44728,Saint Kitts and Nevis,KNA,2020,1.55,,46845.0,North America
44905,Saint Lucia,LCA,1950,6.42,,92965.0,North America
44906,Saint Lucia,LCA,1951,6.439,,93947.0,North America
44907,Saint Lucia,LCA,1952,6.46,,94379.0,North America
44908,Saint Lucia,LCA,1953,6.091,,94306.0,North America
44909,Saint Lucia,LCA,1954,6.245,,94074.0,North America
44910,Saint Lucia,LCA,1955,6.446,,93778.0,North America
44911,Saint Lucia,LCA,1956,6.598,,93423.0,North America
44912,Saint Lucia,LCA,1957,6.701,,93055.0,North America
44913,Saint Lucia,LCA,1958,6.759,,92680.0,North America
44914,Saint Lucia,LCA,1959,6.779,,92323.0,North America
44915,Saint Lucia,LCA,1960,6.767,,92559.0,North America
44916,Saint Lucia,LCA,1961,6.835,,93461.0,North America
44917,Saint Lucia,LCA,1962,6.818,,94470.0,North America
44918,Saint Lucia,LCA,1963,6.721,,95494.0,North America
44919,Saint Lucia,LCA,1964,6.758,,96485.0,North America
44920,Saint Lucia,LCA,1965,6.688,,97469.0,North America
44921,Saint Lucia,LCA,1966,6.607,,98444.0,North America
44922,Saint Lucia,LCA,1967,6.508,,99481.0,North America
44923,Saint Lucia,LCA,1968,6.387,,100655.0,North America
44924,Saint Lucia,LCA,1969,6.249,,101860.0,North America
44925,Saint Lucia,LCA,1970,6.101,,103144.0,North America
44926,Saint Lucia,LCA,1971,5.953,,104534.0,North America
44927,Saint Lucia,LCA,1972,5.813,,105969.0,North America
44928,Saint Lucia,LCA,1973,5.686,,107468.0,North America
44929,Saint Lucia,LCA,1974,5.571,,109054.0,North America
44930,Saint Lucia,LCA,1975,5.358,,110698.0,North America
44931,Saint Lucia,LCA,1976,5.161,,112398.0,North America
44932,Saint Lucia,LCA,1977,4.966,,114098.0,North America
44933,Saint Lucia,LCA,1978,4.825,,115815.0,North America
44934,Saint Lucia,LCA,1979,4.583,,117509.0,North America
44935,Saint Lucia,LCA,1980,4.412,,119261.0,North America
44936,Saint Lucia,LCA,1981,4.276,,121132.0,North America
44937,Saint Lucia,LCA,1982,4.169,,123047.0,North America
44938,Saint Lucia,LCA,1983,4.082,,125009.0,North America
44939,Saint Lucia,LCA,1984,4.018,,127043.0,North America
44940,Saint Lucia,LCA,1985,3.97,,129131.0,North America
44941,Saint Lucia,LCA,1986,3.801,,131218.0,North America
44942,Saint Lucia,LCA,1987,3.613,,133194.0,North America
44943,Saint Lucia,LCA,1988,3.435,,134969.0,North America
44944,Saint Lucia,LCA,1989,3.314,,136486.0,North America
44945,Saint Lucia,LCA,1990,3.238,,137810.0,North America
44946,Saint Lucia,LCA,1991,3.19,,139486.0,North America
44947,Saint Lucia,LCA,1992,3.11,,141580.0,North America
44948,Saint Lucia,LCA,1993,2.999,,143684.0,North America
44949,Saint Lucia,LCA,1994,3.028,,145851.0,North America
44950,Saint Lucia,LCA,1995,3.026,,148174.0,North America
44951,Saint Lucia,LCA,1996,2.712,,150406.0,North America
44952,Saint Lucia,LCA,1997,2.743,,152538.0,North America
44953,Saint Lucia,LCA,1998,2.403,,154649.0,North America
44954,Saint Lucia,LCA,1999,2.501,,156672.0,North America
44955,Saint Lucia,LCA,2000,2.207,,158582.0,North America
44956,Saint Lucia,LCA,2001,2.125,,160187.0,North America
44957,Saint Lucia,LCA,2002,2.032,,161609.0,North America
44958,Saint Lucia,LCA,2003,1.939,,162943.0,North America
44959,Saint Lucia,LCA,2004,1.863,,164207.0,North America
44960,Saint Lucia,LCA,2005,1.807,,165420.0,North America
44961,Saint Lucia,LCA,2006,1.765,,166622.0,North America
44962,Saint Lucia,LCA,2007,1.7,,167720.0,North America
44963,Saint Lucia,LCA,2008,1.7,,168771.0,North America
44964,Saint Lucia,LCA,2009,1.735,,169832.0,North America
44965,Saint Lucia,LCA,2010,1.673,,170869.0,North America
44966,Saint Lucia,LCA,2011,1.5,,171765.0,North America
44967,Saint Lucia,LCA,2012,1.5,,172541.0,North America
44968,Saint Lucia,LCA,2013,1.5,,173340.0,North America
44969,Saint Lucia,LCA,2014,1.485,,174099.0,North America
44970,Saint Lucia,LCA,2015,1.473,,174864.0,North America
44971,Saint Lucia,LCA,2016,1.461,,175606.0,North America
44972,Saint Lucia,LCA,2017,1.448,,176303.0,North America
44973,Saint Lucia,LCA,2018,1.436,,176982.0,North America
44974,Saint Lucia,LCA,2019,1.424,,177639.0,North America
44975,Saint Lucia,LCA,2020,1.411,,178207.0,North America
45166,Saint Martin (French part),MAF,1950,6.488,,2962.0,North America
45167,Saint Martin (French part),MAF,1951,6.481,,3094.0,North America
45168,Saint Martin (French part),MAF,1952,6.468,,3214.0,North America
45169,Saint Martin (French part),MAF,1953,6.457,,3338.0,North America
45170,Saint Martin (French part),MAF,1954,6.451,,3462.0,North America
45171,Saint Martin (French part),MAF,1955,6.436,,3588.0,North America
45172,Saint Martin (French part),MAF,1956,6.425,,3709.0,North America
45173,Saint Martin (French part),MAF,1957,6.416,,3831.0,North America
45174,Saint Martin (French part),MAF,1958,6.411,,3959.0,North America
45175,Saint Martin (French part),MAF,1959,6.409,,4099.0,North America
45176,Saint Martin (French part),MAF,1960,6.389,,4239.0,North America
45177,Saint Martin (French part),MAF,1961,6.395,,4377.0,North America
45178,Saint Martin (French part),MAF,1962,6.373,,4520.0,North America
45179,Saint Martin (French part),MAF,1963,6.36,,4667.0,North America
45180,Saint Martin (French part),MAF,1964,6.354,,4823.0,North America
45181,Saint Martin (French part),MAF,1965,6.345,,4984.0,North America
45182,Saint Martin (French part),MAF,1966,6.323,,5202.0,North America
45183,Saint Martin (French part),MAF,1967,6.302,,5454.0,North America
45184,Saint Martin (French part),MAF,1968,6.262,,5671.0,North America
45185,Saint Martin (French part),MAF,1969,6.186,,5848.0,North America
45186,Saint Martin (French part),MAF,1970,6.089,,6028.0,North America
45187,Saint Martin (French part),MAF,1971,5.97,,6206.0,North America
45188,Saint Martin (French part),MAF,1972,5.839,,6383.0,North America
45189,Saint Martin (French part),MAF,1973,5.638,,6577.0,North America
45190,Saint Martin (French part),MAF,1974,5.388,,6779.0,North America
45191,Saint Martin (French part),MAF,1975,5.1,,7024.0,North America
45192,Saint Martin (French part),MAF,1976,4.839,,7282.0,North America
45193,Saint Martin (French part),MAF,1977,4.576,,7553.0,North America
45194,Saint Martin (French part),MAF,1978,4.319,,7802.0,North America
45195,Saint Martin (French part),MAF,1979,4.111,,8049.0,North America
45196,Saint Martin (French part),MAF,1980,3.884,,8264.0,North America
45197,Saint Martin (French part),MAF,1981,3.64,,8485.0,North America
45198,Saint Martin (French part),MAF,1982,3.362,,9479.0,North America
45199,Saint Martin (French part),MAF,1983,3.149,,11471.0,North America
45200,Saint Martin (French part),MAF,1984,3.033,,13711.0,North America
45201,Saint Martin (French part),MAF,1985,2.952,,16081.0,North America
45202,Saint Martin (French part),MAF,1986,2.895,,18542.0,North America
45203,Saint Martin (French part),MAF,1987,2.855,,21089.0,North America
45204,Saint Martin (French part),MAF,1988,2.824,,23745.0,North America
45205,Saint Martin (French part),MAF,1989,2.788,,26440.0,North America
45206,Saint Martin (French part),MAF,1990,2.745,,28205.0,North America
45207,Saint Martin (French part),MAF,1991,2.708,,28778.0,North America
45208,Saint Martin (French part),MAF,1992,2.68,,29056.0,North America
45209,Saint Martin (French part),MAF,1993,2.665,,29252.0,North America
45210,Saint Martin (French part),MAF,1994,2.669,,29391.0,North America
45211,Saint Martin (French part),MAF,1995,2.688,,29447.0,North America
45212,Saint Martin (French part),MAF,1996,2.71,,29425.0,North America
45213,Saint Martin (French part),MAF,1997,2.746,,29304.0,North America
45214,Saint Martin (French part),MAF,1998,2.795,,29077.0,North America
45215,Saint Martin (French part),MAF,1999,2.839,,29254.0,North America
45216,Saint Martin (French part),MAF,2000,2.876,,29974.0,North America
45217,Saint Martin (French part),MAF,2001,2.897,,30787.0,North America
45218,Saint Martin (French part),MAF,2002,2.896,,31582.0,North America
45219,Saint Martin (French part),MAF,2003,2.872,,32367.0,North America
45220,Saint Martin (French part),MAF,2004,2.827,,33151.0,North America
45221,Saint Martin (French part),MAF,2005,2.779,,33906.0,North America
45222,Saint Martin (French part),MAF,2006,2.711,,34639.0,North America
45223,Saint Martin (French part),MAF,2007,2.633,,35312.0,North America
45224,Saint Martin (French part),MAF,2008,2.55,,35943.0,North America
45225,Saint Martin (French part),MAF,2009,2.464,,36481.0,North America
45226,Saint Martin (French part),MAF,2010,2.4,,36827.0,North America
45227,Saint Martin (French part),MAF,2011,2.424,,37046.0,North America
45228,Saint Martin (French part),MAF,2012,2.773,,37256.0,North America
45229,Saint Martin (French part),MAF,2013,2.719,,37390.0,North America
45230,Saint Martin (French part),MAF,2014,2.707,,37424.0,North America
45231,Saint Martin (French part),MAF,2015,2.665,,37332.0,North America
45232,Saint Martin (French part),MAF,2016,2.643,,37161.0,North America
45233,Saint Martin (French part),MAF,2017,2.657,,36820.0,North America
45234,Saint Martin (French part),MAF,2018,2.725,,35990.0,North America
45235,Saint Martin (French part),MAF,2019,2.791,,34243.0,North America
45236,Saint Martin (French part),MAF,2020,2.829,,31762.0,North America
45242,Saint Pierre and Miquelon,SPM,1950,3.857,,4470.0,North America
45243,Saint Pierre and Miquelon,SPM,1951,3.84,,4515.0,North America
45244,Saint Pierre and Miquelon,SPM,1952,3.75,,4568.0,North America
45245,Saint Pierre and Miquelon,SPM,1953,4.122,,4614.0,North America
45246,Saint Pierre and Miquelon,SPM,1954,4.498,,4680.0,North America
45247,Saint Pierre and Miquelon,SPM,1955,4.894,,4752.0,North America
45248,Saint Pierre and Miquelon,SPM,1956,5.419,,4797.0,North America
45249,Saint Pierre and Miquelon,SPM,1957,5.988,,4828.0,North America
45250,Saint Pierre and Miquelon,SPM,1958,5.778,,4890.0,North America
45251,Saint Pierre and Miquelon,SPM,1959,3.823,,4945.0,North America
45252,Saint Pierre and Miquelon,SPM,1960,4.602,,4970.0,North America
45253,Saint Pierre and Miquelon,SPM,1961,4.539,,4967.0,North America
45254,Saint Pierre and Miquelon,SPM,1962,4.254,,4988.0,North America
45255,Saint Pierre and Miquelon,SPM,1963,3.536,,5049.0,North America
45256,Saint Pierre and Miquelon,SPM,1964,3.609,,5136.0,North America
45257,Saint Pierre and Miquelon,SPM,1965,4.711,,5219.0,North America
45258,Saint Pierre and Miquelon,SPM,1966,4.506,,5293.0,North America
45259,Saint Pierre and Miquelon,SPM,1967,3.432,,5377.0,North America
45260,Saint Pierre and Miquelon,SPM,1968,3.22,,5448.0,North America
45261,Saint Pierre and Miquelon,SPM,1969,3.208,,5527.0,North America
45262,Saint Pierre and Miquelon,SPM,1970,3.259,,5622.0,North America
45263,Saint Pierre and Miquelon,SPM,1971,3.218,,5706.0,North America
45264,Saint Pierre and Miquelon,SPM,1972,3.115,,5791.0,North America
45265,Saint Pierre and Miquelon,SPM,1973,2.952,,5884.0,North America
45266,Saint Pierre and Miquelon,SPM,1974,2.751,,5955.0,North America
45267,Saint Pierre and Miquelon,SPM,1975,2.454,,6013.0,North America
45268,Saint Pierre and Miquelon,SPM,1976,2.173,,6055.0,North America
45269,Saint Pierre and Miquelon,SPM,1977,2.074,,6080.0,North America
45270,Saint Pierre and Miquelon,SPM,1978,2.124,,6118.0,North America
45271,Saint Pierre and Miquelon,SPM,1979,2.181,,6140.0,North America
45272,Saint Pierre and Miquelon,SPM,1980,2.242,,6152.0,North America
45273,Saint Pierre and Miquelon,SPM,1981,2.294,,6140.0,North America
45274,Saint Pierre and Miquelon,SPM,1982,2.335,,6119.0,North America
45275,Saint Pierre and Miquelon,SPM,1983,2.366,,6165.0,North America
45276,Saint Pierre and Miquelon,SPM,1984,2.381,,6219.0,North America
45277,Saint Pierre and Miquelon,SPM,1985,2.382,,6263.0,North America
45278,Saint Pierre and Miquelon,SPM,1986,2.358,,6299.0,North America
45279,Saint Pierre and Miquelon,SPM,1987,2.313,,6329.0,North America
45280,Saint Pierre and Miquelon,SPM,1988,2.29,,6333.0,North America
45281,Saint Pierre and Miquelon,SPM,1989,2.256,,6341.0,North America
45282,Saint Pierre and Miquelon,SPM,1990,2.226,,6332.0,North America
45283,Saint Pierre and Miquelon,SPM,1991,2.204,,6351.0,North America
45284,Saint Pierre and Miquelon,SPM,1992,2.18,,6381.0,North America
45285,Saint Pierre and Miquelon,SPM,1993,2.152,,6393.0,North America
45286,Saint Pierre and Miquelon,SPM,1994,2.119,,6411.0,North America
45287,Saint Pierre and Miquelon,SPM,1995,2.088,,6415.0,North America
45288,Saint Pierre and Miquelon,SPM,1996,2.057,,6411.0,North America
45289,Saint Pierre and Miquelon,SPM,1997,2.032,,6400.0,North America
45290,Saint Pierre and Miquelon,SPM,1998,2.009,,6343.0,North America
45291,Saint Pierre and Miquelon,SPM,1999,1.996,,6299.0,North America
45292,Saint Pierre and Miquelon,SPM,2000,1.982,,6276.0,North America
45293,Saint Pierre and Miquelon,SPM,2001,1.966,,6259.0,North America
45294,Saint Pierre and Miquelon,SPM,2002,1.957,,6233.0,North America
45295,Saint Pierre and Miquelon,SPM,2003,1.952,,6200.0,North America
45296,Saint Pierre and Miquelon,SPM,2004,1.949,,6157.0,North America
45297,Saint Pierre and Miquelon,SPM,2005,1.945,,6093.0,North America
45298,Saint Pierre and Miquelon,SPM,2006,1.951,,6051.0,North America
45299,Saint Pierre and Miquelon,SPM,2007,1.962,,6031.0,North America
45300,Saint Pierre and Miquelon,SPM,2008,1.971,,6019.0,North America
45301,Saint Pierre and Miquelon,SPM,2009,1.978,,6012.0,North America
45302,Saint Pierre and Miquelon,SPM,2010,1.956,,6007.0,North America
45303,Saint Pierre and Miquelon,SPM,2011,1.834,,5995.0,North America
45304,Saint Pierre and Miquelon,SPM,2012,1.675,,5978.0,North America
45305,Saint Pierre and Miquelon,SPM,2013,1.622,,5948.0,North America
45306,Saint Pierre and Miquelon,SPM,2014,1.543,,5934.0,North America
45307,Saint Pierre and Miquelon,SPM,2015,1.519,,5922.0,North America
45308,Saint Pierre and Miquelon,SPM,2016,1.505,,5913.0,North America
45309,Saint Pierre and Miquelon,SPM,2017,1.49,,5901.0,North America
45310,Saint Pierre and Miquelon,SPM,2018,1.456,,5893.0,North America
45311,Saint Pierre and Miquelon,SPM,2019,1.358,,5862.0,North America
45312,Saint Pierre and Miquelon,SPM,2020,1.319,,5813.0,North America
45351,Saint Vincent and the Grenadines,VCT,1950,7.285,,61640.0,North America
45352,Saint Vincent and the Grenadines,VCT,1951,7.295,,63327.0,North America
45353,Saint Vincent and the Grenadines,VCT,1952,7.31,,65156.0,North America
45354,Saint Vincent and the Grenadines,VCT,1953,7.321,,67132.0,North America
45355,Saint Vincent and the Grenadines,VCT,1954,7.337,,69268.0,North America
45356,Saint Vincent and the Grenadines,VCT,1955,7.359,,71577.0,North America
45357,Saint Vincent and the Grenadines,VCT,1956,7.34,,74028.0,North America
45358,Saint Vincent and the Grenadines,VCT,1957,7.323,,76591.0,North America
45359,Saint Vincent and the Grenadines,VCT,1958,7.304,,79283.0,North America
45360,Saint Vincent and the Grenadines,VCT,1959,7.284,,82123.0,North America
45361,Saint Vincent and the Grenadines,VCT,1960,7.247,,84359.0,North America
45362,Saint Vincent and the Grenadines,VCT,1961,7.157,,85843.0,North America
45363,Saint Vincent and the Grenadines,VCT,1962,7.033,,87219.0,North America
45364,Saint Vincent and the Grenadines,VCT,1963,6.921,,88502.0,North America
45365,Saint Vincent and the Grenadines,VCT,1964,6.828,,89736.0,North America
45366,Saint Vincent and the Grenadines,VCT,1965,6.735,,90910.0,North America
45367,Saint Vincent and the Grenadines,VCT,1966,6.639,,92027.0,North America
45368,Saint Vincent and the Grenadines,VCT,1967,6.533,,93098.0,North America
45369,Saint Vincent and the Grenadines,VCT,1968,6.416,,94097.0,North America
45370,Saint Vincent and the Grenadines,VCT,1969,6.275,,95026.0,North America
45371,Saint Vincent and the Grenadines,VCT,1970,6.116,,95935.0,North America
45372,Saint Vincent and the Grenadines,VCT,1971,5.946,,96837.0,North America
45373,Saint Vincent and the Grenadines,VCT,1972,5.774,,97753.0,North America
45374,Saint Vincent and the Grenadines,VCT,1973,5.587,,98656.0,North America
45375,Saint Vincent and the Grenadines,VCT,1974,5.379,,99527.0,North America
45376,Saint Vincent and the Grenadines,VCT,1975,5.165,,100358.0,North America
45377,Saint Vincent and the Grenadines,VCT,1976,4.949,,101168.0,North America
45378,Saint Vincent and the Grenadines,VCT,1977,4.748,,101964.0,North America
45379,Saint Vincent and the Grenadines,VCT,1978,4.554,,102748.0,North America
45380,Saint Vincent and the Grenadines,VCT,1979,4.291,,103443.0,North America
45381,Saint Vincent and the Grenadines,VCT,1980,3.923,,104179.0,North America
45382,Saint Vincent and the Grenadines,VCT,1981,3.845,,105040.0,North America
45383,Saint Vincent and the Grenadines,VCT,1982,3.743,,105941.0,North America
45384,Saint Vincent and the Grenadines,VCT,1983,3.561,,106810.0,North America
45385,Saint Vincent and the Grenadines,VCT,1984,3.283,,107661.0,North America
45386,Saint Vincent and the Grenadines,VCT,1985,3.081,,108479.0,North America
45387,Saint Vincent and the Grenadines,VCT,1986,2.924,,109254.0,North America
45388,Saint Vincent and the Grenadines,VCT,1987,2.819,,109979.0,North America
45389,Saint Vincent and the Grenadines,VCT,1988,2.753,,110632.0,North America
45390,Saint Vincent and the Grenadines,VCT,1989,2.73,,111241.0,North America
45391,Saint Vincent and the Grenadines,VCT,1990,2.731,,111769.0,North America
45392,Saint Vincent and the Grenadines,VCT,1991,2.747,,112190.0,North America
45393,Saint Vincent and the Grenadines,VCT,1992,2.759,,112467.0,North America
45394,Saint Vincent and the Grenadines,VCT,1993,2.737,,112705.0,North America
45395,Saint Vincent and the Grenadines,VCT,1994,2.678,,112879.0,North America
45396,Saint Vincent and the Grenadines,VCT,1995,2.609,,113012.0,North America
45397,Saint Vincent and the Grenadines,VCT,1996,2.526,,113088.0,North America
45398,Saint Vincent and the Grenadines,VCT,1997,2.433,,113103.0,North America
45399,Saint Vincent and the Grenadines,VCT,1998,2.345,,113152.0,North America
45400,Saint Vincent and the Grenadines,VCT,1999,2.307,,113344.0,North America
45401,Saint Vincent and the Grenadines,VCT,2000,2.306,,113508.0,North America
45402,Saint Vincent and the Grenadines,VCT,2001,2.3,,113463.0,North America
45403,Saint Vincent and the Grenadines,VCT,2002,2.218,,113322.0,North America
45404,Saint Vincent and the Grenadines,VCT,2003,2.142,,113108.0,North America
45405,Saint Vincent and the Grenadines,VCT,2004,2.087,,112809.0,North America
45406,Saint Vincent and the Grenadines,VCT,2005,2.068,,112420.0,North America
45407,Saint Vincent and the Grenadines,VCT,2006,2.033,,111976.0,North America
45408,Saint Vincent and the Grenadines,VCT,2007,2.063,,111483.0,North America
45409,Saint Vincent and the Grenadines,VCT,2008,2.15,,111001.0,North America
45410,Saint Vincent and the Grenadines,VCT,2009,2.174,,110479.0,North America
45411,Saint Vincent and the Grenadines,VCT,2010,2.144,,109933.0,North America
45412,Saint Vincent and the Grenadines,VCT,2011,2.076,,109314.0,North America
45413,Saint Vincent and the Grenadines,VCT,2012,2.113,,108706.0,North America
45414,Saint Vincent and the Grenadines,VCT,2013,2.106,,108110.0,North America
45415,Saint Vincent and the Grenadines,VCT,2014,2.141,,107508.0,North America
45416,Saint Vincent and the Grenadines,VCT,2015,2.133,,106931.0,North America
45417,Saint Vincent and the Grenadines,VCT,2016,2.055,,106311.0,North America
45418,Saint Vincent and the Grenadines,VCT,2017,1.94,,105626.0,North America
45419,Saint Vincent and the Grenadines,VCT,2018,1.9,,104887.0,North America
45420,Saint Vincent and the Grenadines,VCT,2019,1.864,,104143.0,North America
45421,Saint Vincent and the Grenadines,VCT,2020,1.83,,103489.0,North America
45599,Samoa,WSM,1950,7.553,,88247.0,Oceania
45600,Samoa,WSM,1951,7.599,,90479.0,Oceania
45601,Samoa,WSM,1952,7.632,,92676.0,Oceania
45602,Samoa,WSM,1953,7.658,,94737.0,Oceania
45603,Samoa,WSM,1954,7.687,,96842.0,Oceania
45604,Samoa,WSM,1955,7.711,,99001.0,Oceania
45605,Samoa,WSM,1956,7.734,,101285.0,Oceania
45606,Samoa,WSM,1957,7.756,,103860.0,Oceania
45607,Samoa,WSM,1958,7.771,,106658.0,Oceania
45608,Samoa,WSM,1959,7.787,,109528.0,Oceania
45609,Samoa,WSM,1960,7.779,,112464.0,Oceania
45610,Samoa,WSM,1961,7.771,,115466.0,Oceania
45611,Samoa,WSM,1962,7.759,,118562.0,Oceania
45612,Samoa,WSM,1963,7.729,,121728.0,Oceania
45613,Samoa,WSM,1964,7.703,,124867.0,Oceania
45614,Samoa,WSM,1965,7.653,,127958.0,Oceania
45615,Samoa,WSM,1966,7.596,,131042.0,Oceania
45616,Samoa,WSM,1967,7.551,,133736.0,Oceania
45617,Samoa,WSM,1968,7.499,,135980.0,Oceania
45618,Samoa,WSM,1969,7.432,,138196.0,Oceania
45619,Samoa,WSM,1970,7.338,,140374.0,Oceania
45620,Samoa,WSM,1971,7.224,,142468.0,Oceania
45621,Samoa,WSM,1972,7.07,,144495.0,Oceania
45622,Samoa,WSM,1973,6.908,,146477.0,Oceania
45623,Samoa,WSM,1974,6.747,,149392.0,Oceania
45624,Samoa,WSM,1975,6.606,,153303.0,Oceania
45625,Samoa,WSM,1976,6.473,,157076.0,Oceania
45626,Samoa,WSM,1977,6.313,,159722.0,Oceania
45627,Samoa,WSM,1978,6.146,,161337.0,Oceania
45628,Samoa,WSM,1979,5.991,,162840.0,Oceania
45629,Samoa,WSM,1980,5.861,,164285.0,Oceania
45630,Samoa,WSM,1981,5.749,,165642.0,Oceania
45631,Samoa,WSM,1982,5.677,,166443.0,Oceania
45632,Samoa,WSM,1983,5.617,,166687.0,Oceania
45633,Samoa,WSM,1984,5.553,,166760.0,Oceania
45634,Samoa,WSM,1985,5.489,,166812.0,Oceania
45635,Samoa,WSM,1986,5.421,,167025.0,Oceania
45636,Samoa,WSM,1987,5.316,,167628.0,Oceania
45637,Samoa,WSM,1988,5.207,,168321.0,Oceania
45638,Samoa,WSM,1989,5.107,,168736.0,Oceania
45639,Samoa,WSM,1990,5.007,,169011.0,Oceania
45640,Samoa,WSM,1991,4.912,,169329.0,Oceania
45641,Samoa,WSM,1992,4.865,,170295.0,Oceania
45642,Samoa,WSM,1993,4.826,,171735.0,Oceania
45643,Samoa,WSM,1994,4.792,,173120.0,Oceania
45644,Samoa,WSM,1995,4.767,,174539.0,Oceania
45645,Samoa,WSM,1996,4.739,,176046.0,Oceania
45646,Samoa,WSM,1997,4.695,,177525.0,Oceania
45647,Samoa,WSM,1998,4.645,,178877.0,Oceania
45648,Samoa,WSM,1999,4.572,,180235.0,Oceania
45649,Samoa,WSM,2000,4.523,,181649.0,Oceania
45650,Samoa,WSM,2001,4.477,,183137.0,Oceania
45651,Samoa,WSM,2002,4.444,,184434.0,Oceania
45652,Samoa,WSM,2003,4.392,,185396.0,Oceania
45653,Samoa,WSM,2004,4.343,,186219.0,Oceania
45654,Samoa,WSM,2005,4.322,,186940.0,Oceania
45655,Samoa,WSM,2006,4.322,,187686.0,Oceania
45656,Samoa,WSM,2007,4.358,,188722.0,Oceania
45657,Samoa,WSM,2008,4.417,,190075.0,Oceania
45658,Samoa,WSM,2009,4.466,,191492.0,Oceania
45659,Samoa,WSM,2010,4.52,,192987.0,Oceania
45660,Samoa,WSM,2011,4.56,,194668.0,Oceania
45661,Samoa,WSM,2012,4.545,,196469.0,Oceania
45662,Samoa,WSM,2013,4.491,,198245.0,Oceania
45663,Samoa,WSM,2014,4.423,,200009.0,Oceania
45664,Samoa,WSM,2015,4.344,,201744.0,Oceania
45665,Samoa,WSM,2016,4.262,,203459.0,Oceania
45666,Samoa,WSM,2017,4.196,,205372.0,Oceania
45667,Samoa,WSM,2018,4.136,,207552.0,Oceania
45668,Samoa,WSM,2019,4.061,,209753.0,Oceania
45669,Samoa,WSM,2020,4.002,,211900.0,Oceania
45850,San Marino,SMR,1950,2.821,,12923.0,Europe
45851,San Marino,SMR,1951,2.715,,13097.0,Europe
45852,San Marino,SMR,1952,2.646,,13258.0,Europe
45853,San Marino,SMR,1953,2.589,,13421.0,Europe
45854,San Marino,SMR,1954,2.541,,13591.0,Europe
45855,San Marino,SMR,1955,2.507,,13771.0,Europe
45856,San Marino,SMR,1956,2.472,,14028.0,Europe
45857,San Marino,SMR,1957,2.436,,14368.0,Europe
45858,San Marino,SMR,1958,2.402,,14700.0,Europe
45859,San Marino,SMR,1959,2.385,,15058.0,Europe
45860,San Marino,SMR,1960,2.428,,15407.0,Europe
45861,San Marino,SMR,1961,2.684,,15778.0,Europe
45862,San Marino,SMR,1962,2.434,,16157.0,Europe
45863,San Marino,SMR,1963,2.401,,16564.0,Europe
45864,San Marino,SMR,1964,2.368,,16950.0,Europe
45865,San Marino,SMR,1965,2.334,,17275.0,Europe
45866,San Marino,SMR,1966,2.326,,17502.0,Europe
45867,San Marino,SMR,1967,2.305,,17664.0,Europe
45868,San Marino,SMR,1968,2.299,,17833.0,Europe
45869,San Marino,SMR,1969,2.312,,18010.0,Europe
45870,San Marino,SMR,1970,2.316,,18151.0,Europe
45871,San Marino,SMR,1971,2.326,,18400.0,Europe
45872,San Marino,SMR,1972,2.286,,18762.0,Europe
45873,San Marino,SMR,1973,2.227,,18970.0,Europe
45874,San Marino,SMR,1974,2.134,,19012.0,Europe
45875,San Marino,SMR,1975,2.053,,19030.0,Europe
45876,San Marino,SMR,1976,1.947,,19086.0,Europe
45877,San Marino,SMR,1977,1.868,,19993.0,Europe
45878,San Marino,SMR,1978,1.771,,21005.0,Europe
45879,San Marino,SMR,1979,1.634,,21300.0,Europe
45880,San Marino,SMR,1980,1.525,,21560.0,Europe
45881,San Marino,SMR,1981,1.412,,21823.0,Europe
45882,San Marino,SMR,1982,1.304,,22038.0,Europe
45883,San Marino,SMR,1983,1.248,,22209.0,Europe
45884,San Marino,SMR,1984,1.198,,22320.0,Europe
45885,San Marino,SMR,1985,1.17,,22460.0,Europe
45886,San Marino,SMR,1986,1.147,,22627.0,Europe
45887,San Marino,SMR,1987,1.135,,22659.0,Europe
45888,San Marino,SMR,1988,1.14,,22819.0,Europe
45889,San Marino,SMR,1989,1.145,,23130.0,Europe
45890,San Marino,SMR,1990,1.162,,23455.0,Europe
45891,San Marino,SMR,1991,1.167,,23778.0,Europe
45892,San Marino,SMR,1992,1.15,,24098.0,Europe
45893,San Marino,SMR,1993,1.123,,24448.0,Europe
45894,San Marino,SMR,1994,1.138,,24808.0,Europe
45895,San Marino,SMR,1995,1.166,,25138.0,Europe
45896,San Marino,SMR,1996,1.212,,25456.0,Europe
45897,San Marino,SMR,1997,1.243,,25773.0,Europe
45898,San Marino,SMR,1998,1.263,,26103.0,Europe
45899,San Marino,SMR,1999,1.288,,26432.0,Europe
45900,San Marino,SMR,2000,1.404,,26774.0,Europe
45901,San Marino,SMR,2001,1.519,,27133.0,Europe
45902,San Marino,SMR,2002,1.432,,27473.0,Europe
45903,San Marino,SMR,2003,1.296,,27825.0,Europe
45904,San Marino,SMR,2004,1.298,,28178.0,Europe
45905,San Marino,SMR,2005,1.198,,28551.0,Europe
45906,San Marino,SMR,2006,1.242,,28911.0,Europe
45907,San Marino,SMR,2007,1.257,,29289.0,Europe
45908,San Marino,SMR,2008,1.521,,29666.0,Europe
45909,San Marino,SMR,2009,1.358,,30060.0,Europe
45910,San Marino,SMR,2010,1.459,,30593.0,Europe
45911,San Marino,SMR,2011,1.456,,32133.0,Europe
45912,San Marino,SMR,2012,1.289,,33441.0,Europe
45913,San Marino,SMR,2013,1.483,,33595.0,Europe
45914,San Marino,SMR,2014,1.259,,33699.0,Europe
45915,San Marino,SMR,2015,1.196,,33879.0,Europe
45916,San Marino,SMR,2016,1.127,,34143.0,Europe
45917,San Marino,SMR,2017,1.054,,34357.0,Europe
45918,San Marino,SMR,2018,1.077,,34504.0,Europe
45919,San Marino,SMR,2019,1.096,,34627.0,Europe
45920,San Marino,SMR,2020,1.113,,34739.0,Europe
46074,Sao Tome and Principe,STP,1950,6.227,,60852.0,Africa
46075,Sao Tome and Principe,STP,1951,6.218,,61734.0,Africa
46076,Sao Tome and Principe,STP,1952,6.202,,62562.0,Africa
46077,Sao Tome and Principe,STP,1953,6.191,,63311.0,Africa
46078,Sao Tome and Principe,STP,1954,6.185,,63965.0,Africa
46079,Sao Tome and Principe,STP,1955,6.184,,64578.0,Africa
46080,Sao Tome and Principe,STP,1956,6.187,,65200.0,Africa
46081,Sao Tome and Principe,STP,1957,6.195,,65839.0,Africa
46082,Sao Tome and Principe,STP,1958,6.208,,66525.0,Africa
46083,Sao Tome and Principe,STP,1959,6.223,,67260.0,Africa
46084,Sao Tome and Principe,STP,1960,6.242,,67989.0,Africa
46085,Sao Tome and Principe,STP,1961,6.263,,68676.0,Africa
46086,Sao Tome and Principe,STP,1962,6.284,,69373.0,Africa
46087,Sao Tome and Principe,STP,1963,6.306,,70087.0,Africa
46088,Sao Tome and Principe,STP,1964,6.327,,70835.0,Africa
46089,Sao Tome and Principe,STP,1965,6.349,,71645.0,Africa
46090,Sao Tome and Principe,STP,1966,6.371,,72554.0,Africa
46091,Sao Tome and Principe,STP,1967,6.394,,73563.0,Africa
46092,Sao Tome and Principe,STP,1968,6.419,,74743.0,Africa
46093,Sao Tome and Principe,STP,1969,6.444,,76051.0,Africa
46094,Sao Tome and Principe,STP,1970,6.468,,77589.0,Africa
46095,Sao Tome and Principe,STP,1971,6.49,,79304.0,Africa
46096,Sao Tome and Principe,STP,1972,6.51,,81015.0,Africa
46097,Sao Tome and Principe,STP,1973,6.525,,82768.0,Africa
46098,Sao Tome and Principe,STP,1974,6.534,,84639.0,Africa
46099,Sao Tome and Principe,STP,1975,6.534,,86680.0,Africa
46100,Sao Tome and Principe,STP,1976,6.524,,88890.0,Africa
46101,Sao Tome and Principe,STP,1977,6.504,,91271.0,Africa
46102,Sao Tome and Principe,STP,1978,6.473,,93764.0,Africa
46103,Sao Tome and Principe,STP,1979,6.434,,96219.0,Africa
46104,Sao Tome and Principe,STP,1980,6.386,,98516.0,Africa
46105,Sao Tome and Principe,STP,1981,6.333,,100589.0,Africa
46106,Sao Tome and Principe,STP,1982,6.276,,102479.0,Africa
46107,Sao Tome and Principe,STP,1983,6.217,,104353.0,Africa
46108,Sao Tome and Principe,STP,1984,6.158,,106370.0,Africa
46109,Sao Tome and Principe,STP,1985,6.101,,108626.0,Africa
46110,Sao Tome and Principe,STP,1986,6.046,,111123.0,Africa
46111,Sao Tome and Principe,STP,1987,5.992,,113887.0,Africa
46112,Sao Tome and Principe,STP,1988,5.938,,116912.0,Africa
46113,Sao Tome and Principe,STP,1989,5.884,,119943.0,Africa
46114,Sao Tome and Principe,STP,1990,5.828,,122945.0,Africa
46115,Sao Tome and Principe,STP,1991,5.769,,125669.0,Africa
46116,Sao Tome and Principe,STP,1992,5.704,,128084.0,Africa
46117,Sao Tome and Principe,STP,1993,5.635,,130427.0,Africa
46118,Sao Tome and Principe,STP,1994,5.562,,132704.0,Africa
46119,Sao Tome and Principe,STP,1995,5.554,,134864.0,Africa
46120,Sao Tome and Principe,STP,1996,5.474,,136926.0,Africa
46121,Sao Tome and Principe,STP,1997,5.396,,138893.0,Africa
46122,Sao Tome and Principe,STP,1998,5.304,,140719.0,Africa
46123,Sao Tome and Principe,STP,1999,5.228,,142416.0,Africa
46124,Sao Tome and Principe,STP,2000,5.157,,143980.0,Africa
46125,Sao Tome and Principe,STP,2001,5.097,,146344.0,Africa
46126,Sao Tome and Principe,STP,2002,5.062,,149887.0,Africa
46127,Sao Tome and Principe,STP,2003,5.013,,153780.0,Africa
46128,Sao Tome and Principe,STP,2004,4.962,,157681.0,Africa
46129,Sao Tome and Principe,STP,2005,4.939,,161603.0,Africa
46130,Sao Tome and Principe,STP,2006,4.933,,165608.0,Africa
46131,Sao Tome and Principe,STP,2007,4.957,,169668.0,Africa
46132,Sao Tome and Principe,STP,2008,4.906,,173755.0,Africa
46133,Sao Tome and Principe,STP,2009,4.838,,177829.0,Africa
46134,Sao Tome and Principe,STP,2010,4.769,,181774.0,Africa
46135,Sao Tome and Principe,STP,2011,4.718,,185618.0,Africa
46136,Sao Tome and Principe,STP,2012,4.664,,189406.0,Africa
46137,Sao Tome and Principe,STP,2013,4.584,,193111.0,Africa
46138,Sao Tome and Principe,STP,2014,4.485,,196726.0,Africa
46139,Sao Tome and Principe,STP,2015,4.354,,200250.0,Africa
46140,Sao Tome and Principe,STP,2016,4.203,,203653.0,Africa
46141,Sao Tome and Principe,STP,2017,4.069,,206942.0,Africa
46142,Sao Tome and Principe,STP,2018,3.977,,210148.0,Africa
46143,Sao Tome and Principe,STP,2019,3.9,,213358.0,Africa
46144,Sao Tome and Principe,STP,2020,3.827,,217412.0,Africa
46335,Saudi Arabia,SAU,1950,7.577,,1703232.0,Asia
46336,Saudi Arabia,SAU,1951,7.575,,1763563.0,Asia
46337,Saudi Arabia,SAU,1952,7.576,,1826476.0,Asia
46338,Saudi Arabia,SAU,1953,7.588,,1892130.0,Asia
46339,Saudi Arabia,SAU,1954,7.587,,1960587.0,Asia
46340,Saudi Arabia,SAU,1955,7.592,,2031914.0,Asia
46341,Saudi Arabia,SAU,1956,7.587,,2106180.0,Asia
46342,Saudi Arabia,SAU,1957,7.595,,2183497.0,Asia
46343,Saudi Arabia,SAU,1958,7.603,,2264056.0,Asia
46344,Saudi Arabia,SAU,1959,7.616,,2347970.0,Asia
46345,Saudi Arabia,SAU,1960,7.626,,2435361.0,Asia
46346,Saudi Arabia,SAU,1961,7.634,,2526302.0,Asia
46347,Saudi Arabia,SAU,1962,7.636,,2620861.0,Asia
46348,Saudi Arabia,SAU,1963,7.654,,2719296.0,Asia
46349,Saudi Arabia,SAU,1964,7.672,,2821922.0,Asia
46350,Saudi Arabia,SAU,1965,7.658,,2928727.0,Asia
46351,Saudi Arabia,SAU,1966,7.655,,3039841.0,Asia
46352,Saudi Arabia,SAU,1967,7.658,,3157200.0,Asia
46353,Saudi Arabia,SAU,1968,7.627,,3282655.0,Asia
46354,Saudi Arabia,SAU,1969,7.597,,3417085.0,Asia
46355,Saudi Arabia,SAU,1970,7.583,,3562426.0,Asia
46356,Saudi Arabia,SAU,1971,7.556,,3723991.0,Asia
46357,Saudi Arabia,SAU,1972,7.539,,3905675.0,Asia
46358,Saudi Arabia,SAU,1973,7.484,,4106302.0,Asia
46359,Saudi Arabia,SAU,1974,7.426,,4323580.0,Asia
46360,Saudi Arabia,SAU,1975,7.37,,4556246.0,Asia
46361,Saudi Arabia,SAU,1976,7.33,,4807882.0,Asia
46362,Saudi Arabia,SAU,1977,7.295,,5082994.0,Asia
46363,Saudi Arabia,SAU,1978,7.263,,5381855.0,Asia
46364,Saudi Arabia,SAU,1979,7.227,,5703651.0,Asia
46365,Saudi Arabia,SAU,1980,7.145,,6047948.0,Asia
46366,Saudi Arabia,SAU,1981,7.067,,6420504.0,Asia
46367,Saudi Arabia,SAU,1982,6.979,,6824441.0,Asia
46368,Saudi Arabia,SAU,1983,6.875,,7252903.0,Asia
46369,Saudi Arabia,SAU,1984,6.776,,7697259.0,Asia
46370,Saudi Arabia,SAU,1985,6.649,,8151737.0,Asia
46371,Saudi Arabia,SAU,1986,6.517,,8628583.0,Asia
46372,Saudi Arabia,SAU,1987,6.343,,9130167.0,Asia
46373,Saudi Arabia,SAU,1988,6.15,,9629123.0,Asia
46374,Saudi Arabia,SAU,1989,5.975,,10128344.0,Asia
46375,Saudi Arabia,SAU,1990,5.804,,10640660.0,Asia
46376,Saudi Arabia,SAU,1991,5.644,,11160699.0,Asia
46377,Saudi Arabia,SAU,1992,5.489,,11686632.0,Asia
46378,Saudi Arabia,SAU,1993,5.326,,12215814.0,Asia
46379,Saudi Arabia,SAU,1994,5.161,,12749987.0,Asia
46380,Saudi Arabia,SAU,1995,4.986,,13289193.0,Asia
46381,Saudi Arabia,SAU,1996,4.812,,13830949.0,Asia
46382,Saudi Arabia,SAU,1997,4.656,,14374902.0,Asia
46383,Saudi Arabia,SAU,1998,4.524,,14922138.0,Asia
46384,Saudi Arabia,SAU,1999,4.354,,15472018.0,Asia
46385,Saudi Arabia,SAU,2000,4.206,,16177682.0,Asia
46386,Saudi Arabia,SAU,2001,3.964,,17041344.0,Asia
46387,Saudi Arabia,SAU,2002,3.709,,17910859.0,Asia
46388,Saudi Arabia,SAU,2003,3.465,,18786715.0,Asia
46389,Saudi Arabia,SAU,2004,3.264,,19669438.0,Asia
46390,Saudi Arabia,SAU,2005,3.161,,20559827.0,Asia
46391,Saudi Arabia,SAU,2006,3.176,,21459088.0,Asia
46392,Saudi Arabia,SAU,2007,3.185,,22368262.0,Asia
46393,Saudi Arabia,SAU,2008,3.074,,23287838.0,Asia
46394,Saudi Arabia,SAU,2009,2.95,,24217606.0,Asia
46395,Saudi Arabia,SAU,2010,2.81,,25157085.0,Asia
46396,Saudi Arabia,SAU,2011,2.8,,26105592.0,Asia
46397,Saudi Arabia,SAU,2012,2.78,,27062388.0,Asia
46398,Saudi Arabia,SAU,2013,2.67,,28026782.0,Asia
46399,Saudi Arabia,SAU,2014,2.68,,28998069.0,Asia
46400,Saudi Arabia,SAU,2015,2.63,9.24,29974899.0,Asia
46401,Saudi Arabia,SAU,2016,2.65,,30717760.0,Asia
46402,Saudi Arabia,SAU,2017,2.67,,30782349.0,Asia
46403,Saudi Arabia,SAU,2018,2.67,,30365068.0,Asia
46404,Saudi Arabia,SAU,2019,2.49,,30472767.0,Asia
46405,Saudi Arabia,SAU,2020,2.27,9.75,30991155.0,Asia
46600,Senegal,SEN,1950,6.787,1.07,2555329.0,Africa
46601,Senegal,SEN,1951,6.788,,2619595.0,Africa
46602,Senegal,SEN,1952,6.792,,2686964.0,Africa
46603,Senegal,SEN,1953,6.801,,2757513.0,Africa
46604,Senegal,SEN,1954,6.815,,2831351.0,Africa
46605,Senegal,SEN,1955,6.834,1.14,2908467.0,Africa
46606,Senegal,SEN,1956,6.858,,2988892.0,Africa
46607,Senegal,SEN,1957,6.887,,3072326.0,Africa
46608,Senegal,SEN,1958,6.92,,3158723.0,Africa
46609,Senegal,SEN,1959,6.957,,3248277.0,Africa
46610,Senegal,SEN,1960,6.996,1.23,3340851.0,Africa
46611,Senegal,SEN,1961,7.038,,3436329.0,Africa
46612,Senegal,SEN,1962,7.079,,3534637.0,Africa
46613,Senegal,SEN,1963,7.12,,3635823.0,Africa
46614,Senegal,SEN,1964,7.157,,3740482.0,Africa
46615,Senegal,SEN,1965,7.19,1.32,3849748.0,Africa
46616,Senegal,SEN,1966,7.217,,3964250.0,Africa
46617,Senegal,SEN,1967,7.237,,4083822.0,Africa
46618,Senegal,SEN,1968,7.251,,4207543.0,Africa
46619,Senegal,SEN,1969,7.259,,4334927.0,Africa
46620,Senegal,SEN,1970,7.262,1.49,4466277.0,Africa
46621,Senegal,SEN,1971,7.261,,4601820.0,Africa
46622,Senegal,SEN,1972,7.258,,4741582.0,Africa
46623,Senegal,SEN,1973,7.255,,4885126.0,Africa
46624,Senegal,SEN,1974,7.252,,5029399.0,Africa
46625,Senegal,SEN,1975,7.252,1.66,5170759.0,Africa
46626,Senegal,SEN,1976,7.258,,5308523.0,Africa
46627,Senegal,SEN,1977,7.268,,5439512.0,Africa
46628,Senegal,SEN,1978,7.279,,5568047.0,Africa
46629,Senegal,SEN,1979,7.29,,5702849.0,Africa
46630,Senegal,SEN,1980,7.292,1.71,5845592.0,Africa
46631,Senegal,SEN,1981,7.279,,5997115.0,Africa
46632,Senegal,SEN,1982,7.245,,6156917.0,Africa
46633,Senegal,SEN,1983,7.189,,6324464.0,Africa
46634,Senegal,SEN,1984,7.111,,6499319.0,Africa
46635,Senegal,SEN,1985,7.013,1.68,6683247.0,Africa
46636,Senegal,SEN,1986,6.902,,6878156.0,Africa
46637,Senegal,SEN,1987,6.785,,7081482.0,Africa
46638,Senegal,SEN,1988,6.577,,7289576.0,Africa
46639,Senegal,SEN,1989,6.479,,7502168.0,Africa
46640,Senegal,SEN,1990,6.396,1.64,7720473.0,Africa
46641,Senegal,SEN,1991,6.267,,7943038.0,Africa
46642,Senegal,SEN,1992,6.149,,8168344.0,Africa
46643,Senegal,SEN,1993,6.049,,8396241.0,Africa
46644,Senegal,SEN,1994,5.915,,8624033.0,Africa
46645,Senegal,SEN,1995,5.819,1.59,8848068.0,Africa
46646,Senegal,SEN,1996,5.723,,9066977.0,Africa
46647,Senegal,SEN,1997,5.639,,9283463.0,Africa
46648,Senegal,SEN,1998,5.581,,9502907.0,Africa
46649,Senegal,SEN,1999,5.573,,9730850.0,Africa
46650,Senegal,SEN,2000,5.498,1.45,9968224.0,Africa
46651,Senegal,SEN,2001,5.397,,10212891.0,Africa
46652,Senegal,SEN,2002,5.301,,10466169.0,Africa
46653,Senegal,SEN,2003,5.246,,10721133.0,Africa
46654,Senegal,SEN,2004,5.192,,10975659.0,Africa
46655,Senegal,SEN,2005,5.133,1.25,11235423.0,Africa
46656,Senegal,SEN,2006,5.064,,11500045.0,Africa
46657,Senegal,SEN,2007,5.018,,11770292.0,Africa
46658,Senegal,SEN,2008,5.024,,12048913.0,Africa
46659,Senegal,SEN,2009,5.025,,12337348.0,Africa
46660,Senegal,SEN,2010,5.055,2.54,12635365.0,Africa
46661,Senegal,SEN,2011,5.099,,12958851.0,Africa
46662,Senegal,SEN,2012,5.129,,13310451.0,Africa
46663,Senegal,SEN,2013,5.049,,13710804.0,Africa
46664,Senegal,SEN,2014,4.884,,14152057.0,Africa
46665,Senegal,SEN,2015,4.751,3.18,14593290.0,Africa
46666,Senegal,SEN,2016,4.648,,15034460.0,Africa
46667,Senegal,SEN,2017,4.489,,15474954.0,Africa
46668,Senegal,SEN,2018,4.294,,15914437.0,Africa
46669,Senegal,SEN,2019,4.1,,16352874.0,Africa
46670,Senegal,SEN,2020,4.003,3.89,16789173.0,Africa
46865,Serbia,SRB,1950,2.928,3.43,6009148.0,Europe
46866,Serbia,SRB,1951,2.822,,6067002.0,Europe
46867,Serbia,SRB,1952,2.736,,6127217.0,Europe
46868,Serbia,SRB,1953,2.643,,6192368.0,Europe
46869,Serbia,SRB,1954,2.548,,6266844.0,Europe
46870,Serbia,SRB,1955,2.451,3.64,6346283.0,Europe
46871,Serbia,SRB,1956,2.361,,6422706.0,Europe
46872,Serbia,SRB,1957,2.281,,6496409.0,Europe
46873,Serbia,SRB,1958,2.225,,6567199.0,Europe
46874,Serbia,SRB,1959,2.183,,6635168.0,Europe
46875,Serbia,SRB,1960,2.155,4.11,6702911.0,Europe
46876,Serbia,SRB,1961,2.133,,6771344.0,Europe
46877,Serbia,SRB,1962,2.109,,6838593.0,Europe
46878,Serbia,SRB,1963,2.084,,6904122.0,Europe
46879,Serbia,SRB,1964,2.067,,6968173.0,Europe
46880,Serbia,SRB,1965,2.057,4.52,7031084.0,Europe
46881,Serbia,SRB,1966,2.041,,7093182.0,Europe
46882,Serbia,SRB,1967,2.02,,7154344.0,Europe
46883,Serbia,SRB,1968,2.005,,7213983.0,Europe
46884,Serbia,SRB,1969,1.986,,7271005.0,Europe
46885,Serbia,SRB,1970,1.973,5.27,7324375.0,Europe
46886,Serbia,SRB,1971,1.96,,7375091.0,Europe
46887,Serbia,SRB,1972,1.952,,7424698.0,Europe
46888,Serbia,SRB,1973,1.94,,7473472.0,Europe
46889,Serbia,SRB,1974,1.93,,7522434.0,Europe
46890,Serbia,SRB,1975,1.923,6.07,7572385.0,Europe
46891,Serbia,SRB,1976,1.913,,7622654.0,Europe
46892,Serbia,SRB,1977,1.901,,7671431.0,Europe
46893,Serbia,SRB,1978,1.889,,7716878.0,Europe
46894,Serbia,SRB,1979,1.875,,7758172.0,Europe
46895,Serbia,SRB,1980,1.863,6.72,7796241.0,Europe
46896,Serbia,SRB,1981,1.852,,7827808.0,Europe
46897,Serbia,SRB,1982,1.842,,7849602.0,Europe
46898,Serbia,SRB,1983,1.832,,7864546.0,Europe
46899,Serbia,SRB,1984,1.814,,7875004.0,Europe
46900,Serbia,SRB,1985,1.8,7.29,7881490.0,Europe
46901,Serbia,SRB,1986,1.778,,7884538.0,Europe
46902,Serbia,SRB,1987,1.749,,7885315.0,Europe
46903,Serbia,SRB,1988,1.72,,7884411.0,Europe
46904,Serbia,SRB,1989,1.685,,7881211.0,Europe
46905,Serbia,SRB,1990,1.649,7.66,7874543.0,Europe
46906,Serbia,SRB,1991,1.612,,7867015.0,Europe
46907,Serbia,SRB,1992,1.573,,7859760.0,Europe
46908,Serbia,SRB,1993,1.544,,7849677.0,Europe
46909,Serbia,SRB,1994,1.505,,7837112.0,Europe
46910,Serbia,SRB,1995,1.468,8.54,7823230.0,Europe
46911,Serbia,SRB,1996,1.436,,7807659.0,Europe
46912,Serbia,SRB,1997,1.398,,7789134.0,Europe
46913,Serbia,SRB,1998,1.37,,7765879.0,Europe
46914,Serbia,SRB,1999,1.354,,7734319.0,Europe
46915,Serbia,SRB,2000,1.353,9.28,7694563.0,Europe
46916,Serbia,SRB,2001,1.355,,7651885.0,Europe
46917,Serbia,SRB,2002,1.363,,7616690.0,Europe
46918,Serbia,SRB,2003,1.37,,7590893.0,Europe
46919,Serbia,SRB,2004,1.361,,7565790.0,Europe
46920,Serbia,SRB,2005,1.336,10.48,7539095.0,Europe
46921,Serbia,SRB,2006,1.319,,7511339.0,Europe
46922,Serbia,SRB,2007,1.316,,7482937.0,Europe
46923,Serbia,SRB,2008,1.331,,7454231.0,Europe
46924,Serbia,SRB,2009,1.362,,7425298.0,Europe
46925,Serbia,SRB,2010,1.399,11.51,7395821.0,Europe
46926,Serbia,SRB,2011,1.404,,7364807.0,Europe
46927,Serbia,SRB,2012,1.444,,7324574.0,Europe
46928,Serbia,SRB,2013,1.431,,7276136.0,Europe
46929,Serbia,SRB,2014,1.46,,7227156.0,Europe
46930,Serbia,SRB,2015,1.46,11.52,7177217.0,Europe
46931,Serbia,SRB,2016,1.462,,7126034.0,Europe
46932,Serbia,SRB,2017,1.483,,7073456.0,Europe
46933,Serbia,SRB,2018,1.487,,7019960.0,Europe
46934,Serbia,SRB,2019,1.513,,6966101.0,Europe
46935,Serbia,SRB,2020,1.485,11.82,6907777.0,Europe
47145,Serbia and Montenegro,OWID_SRM,1950,,,7126995.0,Europe
47146,Serbia and Montenegro,OWID_SRM,1951,,,7254164.0,Europe
47147,Serbia and Montenegro,OWID_SRM,1952,,,7373909.0,Europe
47148,Serbia and Montenegro,OWID_SRM,1953,,,7484900.0,Europe
47149,Serbia and Montenegro,OWID_SRM,1954,,,7586499.0,Europe
47150,Serbia and Montenegro,OWID_SRM,1955,,,7678717.0,Europe
47151,Serbia and Montenegro,OWID_SRM,1956,,,7762247.0,Europe
47152,Serbia and Montenegro,OWID_SRM,1957,,,7838494.0,Europe
47153,Serbia and Montenegro,OWID_SRM,1958,,,7909397.0,Europe
47154,Serbia and Montenegro,OWID_SRM,1959,,,7977234.0,Europe
47155,Serbia and Montenegro,OWID_SRM,1960,,,8044138.0,Europe
47156,Serbia and Montenegro,OWID_SRM,1961,,,8100765.0,Europe
47157,Serbia and Montenegro,OWID_SRM,1962,,,8157022.0,Europe
47158,Serbia and Montenegro,OWID_SRM,1963,,,8212916.0,Europe
47159,Serbia and Montenegro,OWID_SRM,1964,,,8268098.0,Europe
47160,Serbia and Montenegro,OWID_SRM,1965,,,8322495.0,Europe
47161,Serbia and Montenegro,OWID_SRM,1966,,,8376217.0,Europe
47162,Serbia and Montenegro,OWID_SRM,1967,,,8430053.0,Europe
47163,Serbia and Montenegro,OWID_SRM,1968,,,8485415.0,Europe
47164,Serbia and Montenegro,OWID_SRM,1969,,,8544078.0,Europe
47165,Serbia and Montenegro,OWID_SRM,1970,,,8607273.0,Europe
47166,Serbia and Montenegro,OWID_SRM,1971,,,8675404.0,Europe
47167,Serbia and Montenegro,OWID_SRM,1972,,,8748038.0,Europe
47168,Serbia and Montenegro,OWID_SRM,1973,,,8824489.0,Europe
47169,Serbia and Montenegro,OWID_SRM,1974,,,8903663.0,Europe
47170,Serbia and Montenegro,OWID_SRM,1975,,,8984583.0,Europe
47171,Serbia and Montenegro,OWID_SRM,1976,,,9067043.0,Europe
47172,Serbia and Montenegro,OWID_SRM,1977,,,9150738.0,Europe
47173,Serbia and Montenegro,OWID_SRM,1978,,,9234393.0,Europe
47174,Serbia and Montenegro,OWID_SRM,1979,,,9316449.0,Europe
47175,Serbia and Montenegro,OWID_SRM,1980,,,9395706.0,Europe
47176,Serbia and Montenegro,OWID_SRM,1981,,,9472007.0,Europe
47177,Serbia and Montenegro,OWID_SRM,1982,,,9545391.0,Europe
47178,Serbia and Montenegro,OWID_SRM,1983,,,9615090.0,Europe
47179,Serbia and Montenegro,OWID_SRM,1984,,,9680333.0,Europe
47180,Serbia and Montenegro,OWID_SRM,1985,,,9740818.0,Europe
47181,Serbia and Montenegro,OWID_SRM,1986,,,9793760.0,Europe
47182,Serbia and Montenegro,OWID_SRM,1987,,,9839563.0,Europe
47183,Serbia and Montenegro,OWID_SRM,1988,,,9884726.0,Europe
47184,Serbia and Montenegro,OWID_SRM,1989,,,9938183.0,Europe
47185,Serbia and Montenegro,OWID_SRM,1990,,,10005087.0,Europe
47186,Serbia and Montenegro,OWID_SRM,1991,,,10090354.0,Europe
47187,Serbia and Montenegro,OWID_SRM,1992,,,10188744.0,Europe
47188,Serbia and Montenegro,OWID_SRM,1993,,,10282967.0,Europe
47189,Serbia and Montenegro,OWID_SRM,1994,,,10349290.0,Europe
47190,Serbia and Montenegro,OWID_SRM,1995,,,10371560.0,Europe
47191,Serbia and Montenegro,OWID_SRM,1996,,,10342919.0,Europe
47192,Serbia and Montenegro,OWID_SRM,1997,,,10270806.0,Europe
47193,Serbia and Montenegro,OWID_SRM,1998,,,10171025.0,Europe
47194,Serbia and Montenegro,OWID_SRM,1999,,,10066727.0,Europe
47195,Serbia and Montenegro,OWID_SRM,2000,,,9975028.0,Europe
47196,Serbia and Montenegro,OWID_SRM,2001,,,9900831.0,Europe
47197,Serbia and Montenegro,OWID_SRM,2002,,,9840118.0,Europe
47198,Serbia and Montenegro,OWID_SRM,2003,,,9790282.0,Europe
47199,Serbia and Montenegro,OWID_SRM,2004,,,9745756.0,Europe
47200,Serbia and Montenegro,OWID_SRM,2005,,,9702399.0,Europe
47201,Serbia and Montenegro,OWID_SRM,2006,,,9660702.0,Europe
47203,Seychelles,SYC,1950,4.81,,38266.0,Africa
47204,Seychelles,SYC,1951,4.837,,38655.0,Africa
47205,Seychelles,SYC,1952,4.881,,38963.0,Africa
47206,Seychelles,SYC,1953,4.929,,39278.0,Africa
47207,Seychelles,SYC,1954,5.019,,39662.0,Africa
47208,Seychelles,SYC,1955,5.108,,40076.0,Africa
47209,Seychelles,SYC,1956,5.162,,40566.0,Africa
47210,Seychelles,SYC,1957,5.203,,41151.0,Africa
47211,Seychelles,SYC,1958,5.251,,41769.0,Africa
47212,Seychelles,SYC,1959,5.302,,42440.0,Africa
47213,Seychelles,SYC,1960,5.313,,43204.0,Africa
47214,Seychelles,SYC,1961,5.422,,44087.0,Africa
47215,Seychelles,SYC,1962,5.513,,45042.0,Africa
47216,Seychelles,SYC,1963,5.606,,46053.0,Africa
47217,Seychelles,SYC,1964,5.694,,47121.0,Africa
47218,Seychelles,SYC,1965,5.716,,48242.0,Africa
47219,Seychelles,SYC,1966,6.126,,49434.0,Africa
47220,Seychelles,SYC,1967,5.895,,50642.0,Africa
47221,Seychelles,SYC,1968,5.614,,51855.0,Africa
47222,Seychelles,SYC,1969,5.479,,53053.0,Africa
47223,Seychelles,SYC,1970,5.307,,54226.0,Africa
47224,Seychelles,SYC,1971,5.689,,55492.0,Africa
47225,Seychelles,SYC,1972,5.155,,56865.0,Africa
47226,Seychelles,SYC,1973,4.784,,58271.0,Africa
47227,Seychelles,SYC,1974,5.099,,59717.0,Africa
47228,Seychelles,SYC,1975,4.752,,61190.0,Africa
47229,Seychelles,SYC,1976,4.086,,62715.0,Africa
47230,Seychelles,SYC,1977,3.754,,64071.0,Africa
47231,Seychelles,SYC,1978,3.919,,64961.0,Africa
47232,Seychelles,SYC,1979,3.66,,65567.0,Africa
47233,Seychelles,SYC,1980,3.79,,66229.0,Africa
47234,Seychelles,SYC,1981,3.665,,66922.0,Africa
47235,Seychelles,SYC,1982,3.131,,67622.0,Africa
47236,Seychelles,SYC,1983,3.218,,68326.0,Africa
47237,Seychelles,SYC,1984,3.24,,69056.0,Africa
47238,Seychelles,SYC,1985,3.091,,69788.0,Africa
47239,Seychelles,SYC,1986,3.074,,70537.0,Africa
47240,Seychelles,SYC,1987,2.922,,71307.0,Africa
47241,Seychelles,SYC,1988,2.789,,72178.0,Africa
47242,Seychelles,SYC,1989,2.671,,73094.0,Africa
47243,Seychelles,SYC,1990,2.607,,73954.0,Africa
47244,Seychelles,SYC,1991,2.692,,74784.0,Africa
47245,Seychelles,SYC,1992,2.526,,75591.0,Africa
47246,Seychelles,SYC,1993,2.582,,76371.0,Africa
47247,Seychelles,SYC,1994,2.597,,77233.0,Africa
47248,Seychelles,SYC,1995,2.361,,78088.0,Africa
47249,Seychelles,SYC,1996,2.311,,78864.0,Africa
47250,Seychelles,SYC,1997,2.137,,79626.0,Africa
47251,Seychelles,SYC,1998,2.037,,80695.0,Africa
47252,Seychelles,SYC,1999,2.045,,81990.0,Africa
47253,Seychelles,SYC,2000,2.066,,83287.0,Africa
47254,Seychelles,SYC,2001,1.983,,84571.0,Africa
47255,Seychelles,SYC,2002,2.027,,85830.0,Africa
47256,Seychelles,SYC,2003,2.046,,87005.0,Africa
47257,Seychelles,SYC,2004,2.036,,88127.0,Africa
47258,Seychelles,SYC,2005,2.182,,89235.0,Africa
47259,Seychelles,SYC,2006,2.103,,90347.0,Africa
47260,Seychelles,SYC,2007,2.225,,91431.0,Africa
47261,Seychelles,SYC,2008,2.319,,92511.0,Africa
47262,Seychelles,SYC,2009,2.371,,93606.0,Africa
47263,Seychelles,SYC,2010,2.2,,94940.0,Africa
47264,Seychelles,SYC,2011,2.367,,96984.0,Africa
47265,Seychelles,SYC,2012,2.407,,99515.0,Africa
47266,Seychelles,SYC,2013,2.182,,102066.0,Africa
47267,Seychelles,SYC,2014,2.161,,104624.0,Africa
47268,Seychelles,SYC,2015,2.217,,107193.0,Africa
47269,Seychelles,SYC,2016,2.295,,109790.0,Africa
47270,Seychelles,SYC,2017,2.313,,112400.0,Africa
47271,Seychelles,SYC,2018,2.291,,115002.0,Africa
47272,Seychelles,SYC,2019,2.262,,117613.0,Africa
47273,Seychelles,SYC,2020,2.227,,120257.0,Africa
47427,Sierra Leone,SLE,1950,6.09,0.28,1999578.0,Africa
47428,Sierra Leone,SLE,1951,6.069,,2023241.0,Africa
47429,Sierra Leone,SLE,1952,6.034,,2047150.0,Africa
47430,Sierra Leone,SLE,1953,6.003,,2070766.0,Africa
47431,Sierra Leone,SLE,1954,6.048,,2095011.0,Africa
47432,Sierra Leone,SLE,1955,6.073,0.29,2120840.0,Africa
47433,Sierra Leone,SLE,1956,6.1,,2147935.0,Africa
47434,Sierra Leone,SLE,1957,6.115,,2176218.0,Africa
47435,Sierra Leone,SLE,1958,6.129,,2204791.0,Africa
47436,Sierra Leone,SLE,1959,6.146,,2234981.0,Africa
47437,Sierra Leone,SLE,1960,6.175,0.31,2268311.0,Africa
47438,Sierra Leone,SLE,1961,6.205,,2304180.0,Africa
47439,Sierra Leone,SLE,1962,6.222,,2342196.0,Africa
47440,Sierra Leone,SLE,1963,6.261,,2382206.0,Africa
47441,Sierra Leone,SLE,1964,6.294,,2424350.0,Africa
47442,Sierra Leone,SLE,1965,6.311,0.39,2468618.0,Africa
47443,Sierra Leone,SLE,1966,6.345,,2514598.0,Africa
47444,Sierra Leone,SLE,1967,6.383,,2562340.0,Africa
47445,Sierra Leone,SLE,1968,6.385,,2611492.0,Africa
47446,Sierra Leone,SLE,1969,6.393,,2661322.0,Africa
47447,Sierra Leone,SLE,1970,6.411,0.49,2712242.0,Africa
47448,Sierra Leone,SLE,1971,6.429,,2763179.0,Africa
47449,Sierra Leone,SLE,1972,6.447,,2814349.0,Africa
47450,Sierra Leone,SLE,1973,6.473,,2866912.0,Africa
47451,Sierra Leone,SLE,1974,6.534,,2920413.0,Africa
47452,Sierra Leone,SLE,1975,6.546,0.67,2974611.0,Africa
47453,Sierra Leone,SLE,1976,6.553,,3028779.0,Africa
47454,Sierra Leone,SLE,1977,6.568,,3085304.0,Africa
47455,Sierra Leone,SLE,1978,6.591,,3145470.0,Africa
47456,Sierra Leone,SLE,1979,6.582,,3207454.0,Africa
47457,Sierra Leone,SLE,1980,6.562,0.87,3272052.0,Africa
47458,Sierra Leone,SLE,1981,6.554,,3338897.0,Africa
47459,Sierra Leone,SLE,1982,6.563,,3408143.0,Africa
47460,Sierra Leone,SLE,1983,6.573,,3481588.0,Africa
47461,Sierra Leone,SLE,1984,6.592,,3558718.0,Africa
47462,Sierra Leone,SLE,1985,6.592,1.12,3638396.0,Africa
47463,Sierra Leone,SLE,1986,6.597,,3728330.0,Africa
47464,Sierra Leone,SLE,1987,6.609,,3829680.0,Africa
47465,Sierra Leone,SLE,1988,6.588,,3934469.0,Africa
47466,Sierra Leone,SLE,1989,6.571,,4033983.0,Africa
47467,Sierra Leone,SLE,1990,6.567,1.45,4196781.0,Africa
47468,Sierra Leone,SLE,1991,6.553,,4246212.0,Africa
47469,Sierra Leone,SLE,1992,6.555,,4166312.0,Africa
47470,Sierra Leone,SLE,1993,6.569,,4157079.0,Africa
47471,Sierra Leone,SLE,1994,6.557,,4173057.0,Africa
47472,Sierra Leone,SLE,1995,6.555,1.73,4179128.0,Africa
47473,Sierra Leone,SLE,1996,6.552,,4199156.0,Africa
47474,Sierra Leone,SLE,1997,6.531,,4253654.0,Africa
47475,Sierra Leone,SLE,1998,6.495,,4295732.0,Africa
47476,Sierra Leone,SLE,1999,6.423,,4317994.0,Africa
47477,Sierra Leone,SLE,2000,6.355,2.04,4423561.0,Africa
47478,Sierra Leone,SLE,2001,6.305,,4692675.0,Africa
47479,Sierra Leone,SLE,2002,6.23,,4971379.0,Africa
47480,Sierra Leone,SLE,2003,6.087,,5177633.0,Africa
47481,Sierra Leone,SLE,2004,5.919,,5355672.0,Africa
47482,Sierra Leone,SLE,2005,5.807,2.46,5501660.0,Africa
47483,Sierra Leone,SLE,2006,5.737,,5624421.0,Africa
47484,Sierra Leone,SLE,2007,5.643,,5749300.0,Africa
47485,Sierra Leone,SLE,2008,5.563,,5894681.0,Africa
47486,Sierra Leone,SLE,2009,5.448,,6055607.0,Africa
47487,Sierra Leone,SLE,2010,5.327,3.39,6222667.0,Africa
47488,Sierra Leone,SLE,2011,5.209,,6387207.0,Africa
47489,Sierra Leone,SLE,2012,5.064,,6551025.0,Africa
47490,Sierra Leone,SLE,2013,4.873,,6714007.0,Africa
47491,Sierra Leone,SLE,2014,4.703,,6876331.0,Africa
47492,Sierra Leone,SLE,2015,4.548,3.57,7037607.0,Africa
47493,Sierra Leone,SLE,2016,4.466,,7205291.0,Africa
47494,Sierra Leone,SLE,2017,4.389,,7379254.0,Africa
47495,Sierra Leone,SLE,2018,4.294,,7554518.0,Africa
47496,Sierra Leone,SLE,2019,4.192,,7731946.0,Africa
47497,Sierra Leone,SLE,2020,4.08,4.42,7912509.0,Africa
47692,Singapore,SGP,1950,6.225,,1013271.0,Asia
47693,Singapore,SGP,1951,6.253,,1067993.0,Asia
47694,Singapore,SGP,1952,6.286,,1126048.0,Asia
47695,Singapore,SGP,1953,6.321,,1187471.0,Asia
47696,Singapore,SGP,1954,6.346,,1252238.0,Asia
47697,Singapore,SGP,1955,6.375,,1320181.0,Asia
47698,Singapore,SGP,1956,6.444,,1390908.0,Asia
47699,Singapore,SGP,1957,6.404,,1458242.0,Asia
47700,Singapore,SGP,1958,6.316,,1515687.0,Asia
47701,Singapore,SGP,1959,6.121,,1567707.0,Asia
47702,Singapore,SGP,1960,5.765,,1619267.0,Asia
47703,Singapore,SGP,1961,5.418,,1670427.0,Asia
47704,Singapore,SGP,1962,5.216,,1721136.0,Asia
47705,Singapore,SGP,1963,5.159,,1771469.0,Asia
47706,Singapore,SGP,1964,4.971,,1821418.0,Asia
47707,Singapore,SGP,1965,4.667,,1870777.0,Asia
47708,Singapore,SGP,1966,4.452,,1919041.0,Asia
47709,Singapore,SGP,1967,3.914,,1965633.0,Asia
47710,Singapore,SGP,1968,3.528,,2010055.0,Asia
47711,Singapore,SGP,1969,3.222,,2052118.0,Asia
47712,Singapore,SGP,1970,3.068,,2091521.0,Asia
47713,Singapore,SGP,1971,3.02,,2128399.0,Asia
47714,Singapore,SGP,1972,3.031,,2164297.0,Asia
47715,Singapore,SGP,1973,2.782,,2200095.0,Asia
47716,Singapore,SGP,1974,2.351,,2235025.0,Asia
47717,Singapore,SGP,1975,2.08,,2268489.0,Asia
47718,Singapore,SGP,1976,2.09,,2300704.0,Asia
47719,Singapore,SGP,1977,1.826,,2331500.0,Asia
47720,Singapore,SGP,1978,1.787,,2360567.0,Asia
47721,Singapore,SGP,1979,1.789,,2388105.0,Asia
47722,Singapore,SGP,1980,1.739,,2437450.0,Asia
47723,Singapore,SGP,1981,1.711,,2531758.0,Asia
47724,Singapore,SGP,1982,1.672,,2627373.0,Asia
47725,Singapore,SGP,1983,1.54,,2685940.0,Asia
47726,Singapore,SGP,1984,1.54,,2720887.0,Asia
47727,Singapore,SGP,1985,1.533,,2734979.0,Asia
47728,Singapore,SGP,1986,1.347,,2744624.0,Asia
47729,Singapore,SGP,1987,1.487,,2781580.0,Asia
47730,Singapore,SGP,1988,1.75,,2848994.0,Asia
47731,Singapore,SGP,1989,1.527,,2938607.0,Asia
47732,Singapore,SGP,1990,1.583,,3039544.0,Asia
47733,Singapore,SGP,1991,1.495,,3136244.0,Asia
47734,Singapore,SGP,1992,1.485,,3226410.0,Asia
47735,Singapore,SGP,1993,1.498,,3317840.0,Asia
47736,Singapore,SGP,1994,1.471,,3417765.0,Asia
47737,Singapore,SGP,1995,1.443,,3533576.0,Asia
47738,Singapore,SGP,1996,1.424,,3664512.0,Asia
47739,Singapore,SGP,1997,1.372,,3796580.0,Asia
47740,Singapore,SGP,1998,1.261,,3901362.0,Asia
47741,Singapore,SGP,1999,1.239,,3966504.0,Asia
47742,Singapore,SGP,2000,1.342,,4035193.0,Asia
47743,Singapore,SGP,2001,1.186,,4116123.0,Asia
47744,Singapore,SGP,2002,1.172,,4146847.0,Asia
47745,Singapore,SGP,2003,1.081,,4138194.0,Asia
47746,Singapore,SGP,2004,1.071,,4172716.0,Asia
47747,Singapore,SGP,2005,1.072,,4268321.0,Asia
47748,Singapore,SGP,2006,1.068,,4407007.0,Asia
47749,Singapore,SGP,2007,1.069,,4596463.0,Asia
47750,Singapore,SGP,2008,1.044,,4806683.0,Asia
47751,Singapore,SGP,2009,1.002,,4968522.0,Asia
47752,Singapore,SGP,2010,0.934,,5076973.0,Asia
47753,Singapore,SGP,2011,0.964,,5182186.0,Asia
47754,Singapore,SGP,2012,1.027,,5293298.0,Asia
47755,Singapore,SGP,2013,0.949,,5385542.0,Asia
47756,Singapore,SGP,2014,1.003,,5457856.0,Asia
47757,Singapore,SGP,2015,0.977,12.46,5525299.0,Asia
47758,Singapore,SGP,2016,0.943,,5577892.0,Asia
47759,Singapore,SGP,2017,0.936,,5604041.0,Asia
47760,Singapore,SGP,2018,0.948,,5634310.0,Asia
47761,Singapore,SGP,2019,0.942,,5669500.0,Asia
47762,Singapore,SGP,2020,0.942,13.08,5620104.0,Asia
47948,Sint Maarten (Dutch part),SXM,1950,5.256,,1428.0,North America
47949,Sint Maarten (Dutch part),SXM,1951,5.216,,1535.0,North America
47950,Sint Maarten (Dutch part),SXM,1952,5.173,,1631.0,North America
47951,Sint Maarten (Dutch part),SXM,1953,5.133,,1726.0,North America
47952,Sint Maarten (Dutch part),SXM,1954,5.081,,1827.0,North America
47953,Sint Maarten (Dutch part),SXM,1955,5.037,,1940.0,North America
47954,Sint Maarten (Dutch part),SXM,1956,4.995,,2060.0,North America
47955,Sint Maarten (Dutch part),SXM,1957,4.963,,2190.0,North America
47956,Sint Maarten (Dutch part),SXM,1958,4.909,,2340.0,North America
47957,Sint Maarten (Dutch part),SXM,1959,4.845,,2503.0,North America
47958,Sint Maarten (Dutch part),SXM,1960,4.767,,2688.0,North America
47959,Sint Maarten (Dutch part),SXM,1961,4.678,,2943.0,North America
47960,Sint Maarten (Dutch part),SXM,1962,4.572,,3246.0,North America
47961,Sint Maarten (Dutch part),SXM,1963,4.467,,3571.0,North America
47962,Sint Maarten (Dutch part),SXM,1964,4.354,,3908.0,North America
47963,Sint Maarten (Dutch part),SXM,1965,4.233,,4261.0,North America
47964,Sint Maarten (Dutch part),SXM,1966,4.084,,4645.0,North America
47965,Sint Maarten (Dutch part),SXM,1967,3.941,,5056.0,North America
47966,Sint Maarten (Dutch part),SXM,1968,3.784,,5489.0,North America
47967,Sint Maarten (Dutch part),SXM,1969,3.634,,5934.0,North America
47968,Sint Maarten (Dutch part),SXM,1970,3.48,,6394.0,North America
47969,Sint Maarten (Dutch part),SXM,1971,3.346,,6870.0,North America
47970,Sint Maarten (Dutch part),SXM,1972,3.234,,7359.0,North America
47971,Sint Maarten (Dutch part),SXM,1973,3.111,,7892.0,North America
47972,Sint Maarten (Dutch part),SXM,1974,3.009,,8469.0,North America
47973,Sint Maarten (Dutch part),SXM,1975,2.921,,9072.0,North America
47974,Sint Maarten (Dutch part),SXM,1976,2.833,,9702.0,North America
47975,Sint Maarten (Dutch part),SXM,1977,2.752,,10348.0,North America
47976,Sint Maarten (Dutch part),SXM,1978,2.683,,11026.0,North America
47977,Sint Maarten (Dutch part),SXM,1979,2.629,,11710.0,North America
47978,Sint Maarten (Dutch part),SXM,1980,2.593,,12388.0,North America
47979,Sint Maarten (Dutch part),SXM,1981,2.546,,13287.0,North America
47980,Sint Maarten (Dutch part),SXM,1982,2.486,,14589.0,North America
47981,Sint Maarten (Dutch part),SXM,1983,2.398,,16107.0,North America
47982,Sint Maarten (Dutch part),SXM,1984,2.289,,17682.0,North America
47983,Sint Maarten (Dutch part),SXM,1985,2.181,,19277.0,North America
47984,Sint Maarten (Dutch part),SXM,1986,2.102,,20910.0,North America
47985,Sint Maarten (Dutch part),SXM,1987,2.031,,22600.0,North America
47986,Sint Maarten (Dutch part),SXM,1988,1.962,,24341.0,North America
47987,Sint Maarten (Dutch part),SXM,1989,1.902,,26150.0,North America
47988,Sint Maarten (Dutch part),SXM,1990,1.848,,28035.0,North America
47989,Sint Maarten (Dutch part),SXM,1991,1.847,,30022.0,North America
47990,Sint Maarten (Dutch part),SXM,1992,1.882,,31546.0,North America
47991,Sint Maarten (Dutch part),SXM,1993,1.942,,32008.0,North America
47992,Sint Maarten (Dutch part),SXM,1994,2.054,,31898.0,North America
47993,Sint Maarten (Dutch part),SXM,1995,2.143,,31751.0,North America
47994,Sint Maarten (Dutch part),SXM,1996,2.184,,31575.0,North America
47995,Sint Maarten (Dutch part),SXM,1997,2.173,,31376.0,North America
47996,Sint Maarten (Dutch part),SXM,1998,2.142,,31163.0,North America
47997,Sint Maarten (Dutch part),SXM,1999,2.066,,30960.0,North America
47998,Sint Maarten (Dutch part),SXM,2000,1.982,,30744.0,North America
47999,Sint Maarten (Dutch part),SXM,2001,1.892,,30701.0,North America
48000,Sint Maarten (Dutch part),SXM,2002,1.809,,30943.0,North America
48001,Sint Maarten (Dutch part),SXM,2003,1.742,,31296.0,North America
48002,Sint Maarten (Dutch part),SXM,2004,1.702,,31670.0,North America
48003,Sint Maarten (Dutch part),SXM,2005,1.708,,32042.0,North America
48004,Sint Maarten (Dutch part),SXM,2006,1.758,,32403.0,North America
48005,Sint Maarten (Dutch part),SXM,2007,1.572,,32765.0,North America
48006,Sint Maarten (Dutch part),SXM,2008,1.728,,33125.0,North America
48007,Sint Maarten (Dutch part),SXM,2009,1.713,,33478.0,North America
48008,Sint Maarten (Dutch part),SXM,2010,1.848,,33767.0,North America
48009,Sint Maarten (Dutch part),SXM,2011,1.99,,34241.0,North America
48010,Sint Maarten (Dutch part),SXM,2012,1.959,,34998.0,North America
48011,Sint Maarten (Dutch part),SXM,2013,1.894,,35832.0,North America
48012,Sint Maarten (Dutch part),SXM,2014,1.817,,36639.0,North America
48013,Sint Maarten (Dutch part),SXM,2015,1.732,,37445.0,North America
48014,Sint Maarten (Dutch part),SXM,2016,1.642,,38229.0,North America
48015,Sint Maarten (Dutch part),SXM,2017,1.571,,38968.0,North America
48016,Sint Maarten (Dutch part),SXM,2018,1.522,,39692.0,North America
48017,Sint Maarten (Dutch part),SXM,2019,1.481,,40373.0,North America
48018,Sint Maarten (Dutch part),SXM,2020,1.467,,40985.0,North America
48022,Slovakia,SVK,1950,3.608,,3465707.0,Europe
48023,Slovakia,SVK,1951,3.596,,3525338.0,Europe
48024,Slovakia,SVK,1952,3.565,,3591799.0,Europe
48025,Slovakia,SVK,1953,3.468,,3660026.0,Europe
48026,Slovakia,SVK,1954,3.414,,3727994.0,Europe
48027,Slovakia,SVK,1955,3.444,,3797306.0,Europe
48028,Slovakia,SVK,1956,3.432,,3868216.0,Europe
48029,Slovakia,SVK,1957,3.346,,3936791.0,Europe
48030,Slovakia,SVK,1958,3.188,,4002652.0,Europe
48031,Slovakia,SVK,1959,3.005,,4064629.0,Europe
48032,Slovakia,SVK,1960,3.024,,4124396.0,Europe
48033,Slovakia,SVK,1961,2.958,,4185297.0,Europe
48034,Slovakia,SVK,1962,2.833,,4235745.0,Europe
48035,Slovakia,SVK,1963,2.915,,4278421.0,Europe
48036,Slovakia,SVK,1964,2.888,,4323247.0,Europe
48037,Slovakia,SVK,1965,2.782,,4364999.0,Europe
48038,Slovakia,SVK,1966,2.661,,4402156.0,Europe
48039,Slovakia,SVK,1967,2.487,,4436060.0,Europe
48040,Slovakia,SVK,1968,2.394,,4466383.0,Europe
48041,Slovakia,SVK,1969,2.435,,4494987.0,Europe
48042,Slovakia,SVK,1970,2.415,,4525824.0,Europe
48043,Slovakia,SVK,1971,2.425,,4560368.0,Europe
48044,Slovakia,SVK,1972,2.483,,4599747.0,Europe
48045,Slovakia,SVK,1973,2.557,,4643635.0,Europe
48046,Slovakia,SVK,1974,2.606,,4690601.0,Europe
48047,Slovakia,SVK,1975,2.544,,4739131.0,Europe
48048,Slovakia,SVK,1976,2.538,,4788468.0,Europe
48049,Slovakia,SVK,1977,2.486,,4837648.0,Europe
48050,Slovakia,SVK,1978,2.471,,4885686.0,Europe
48051,Slovakia,SVK,1979,2.447,,4933398.0,Europe
48052,Slovakia,SVK,1980,2.323,,4976613.0,Europe
48053,Slovakia,SVK,1981,2.283,,5014906.0,Europe
48054,Slovakia,SVK,1982,2.277,,5051756.0,Europe
48055,Slovakia,SVK,1983,2.279,,5086399.0,Europe
48056,Slovakia,SVK,1984,2.258,,5119354.0,Europe
48057,Slovakia,SVK,1985,2.251,,5151107.0,Europe
48058,Slovakia,SVK,1986,2.193,,5180038.0,Europe
48059,Slovakia,SVK,1987,2.137,,5205843.0,Europe
48060,Slovakia,SVK,1988,2.131,,5229632.0,Europe
48061,Slovakia,SVK,1989,2.067,,5249882.0,Europe
48062,Slovakia,SVK,1990,2.076,,5266022.0,Europe
48063,Slovakia,SVK,1991,2.034,,5284824.0,Europe
48064,Slovakia,SVK,1992,1.925,,5306409.0,Europe
48065,Slovakia,SVK,1993,1.859,,5326307.0,Europe
48066,Slovakia,SVK,1994,1.666,,5343170.0,Europe
48067,Slovakia,SVK,1995,1.523,,5354244.0,Europe
48068,Slovakia,SVK,1996,1.469,,5362376.0,Europe
48069,Slovakia,SVK,1997,1.428,,5369731.0,Europe
48070,Slovakia,SVK,1998,1.376,,5374745.0,Europe
48071,Slovakia,SVK,1999,1.331,,5378056.0,Europe
48072,Slovakia,SVK,2000,1.293,,5379951.0,Europe
48073,Slovakia,SVK,2001,1.202,,5379393.0,Europe
48074,Slovakia,SVK,2002,1.185,,5377634.0,Europe
48075,Slovakia,SVK,2003,1.204,,5376146.0,Europe
48076,Slovakia,SVK,2004,1.246,,5375995.0,Europe
48077,Slovakia,SVK,2005,1.262,,5376650.0,Europe
48078,Slovakia,SVK,2006,1.254,,5376793.0,Europe
48079,Slovakia,SVK,2007,1.27,,5376949.0,Europe
48080,Slovakia,SVK,2008,1.342,,5379075.0,Europe
48081,Slovakia,SVK,2009,1.433,,5385027.0,Europe
48082,Slovakia,SVK,2010,1.43,,5391807.0,Europe
48083,Slovakia,SVK,2011,1.445,,5398048.0,Europe
48084,Slovakia,SVK,2012,1.394,,5404834.0,Europe
48085,Slovakia,SVK,2013,1.396,,5410370.0,Europe
48086,Slovakia,SVK,2014,1.422,,5415184.0,Europe
48087,Slovakia,SVK,2015,1.403,13.07,5420221.0,Europe
48088,Slovakia,SVK,2016,1.478,,5427217.0,Europe
48089,Slovakia,SVK,2017,1.521,,5435643.0,Europe
48090,Slovakia,SVK,2018,1.545,,5443188.0,Europe
48091,Slovakia,SVK,2019,1.566,,5450575.0,Europe
48092,Slovakia,SVK,2020,1.591,13.22,5454981.0,Europe
48287,Slovenia,SVN,1950,2.992,,1446309.0,Europe
48288,Slovenia,SVN,1951,2.828,,1462680.0,Europe
48289,Slovenia,SVN,1952,2.766,,1479622.0,Europe
48290,Slovenia,SVN,1953,2.764,,1497517.0,Europe
48291,Slovenia,SVN,1954,2.599,,1515552.0,Europe
48292,Slovenia,SVN,1955,2.589,,1532588.0,Europe
48293,Slovenia,SVN,1956,2.516,,1548714.0,Europe
48294,Slovenia,SVN,1957,2.383,,1564107.0,Europe
48295,Slovenia,SVN,1958,2.227,,1578490.0,Europe
48296,Slovenia,SVN,1959,2.224,,1592075.0,Europe
48297,Slovenia,SVN,1960,2.186,,1605033.0,Europe
48298,Slovenia,SVN,1961,2.268,,1618516.0,Europe
48299,Slovenia,SVN,1962,2.278,,1633036.0,Europe
48300,Slovenia,SVN,1963,2.302,,1647399.0,Europe
48301,Slovenia,SVN,1964,2.323,,1661305.0,Europe
48302,Slovenia,SVN,1965,2.445,,1675272.0,Europe
48303,Slovenia,SVN,1966,2.475,,1689595.0,Europe
48304,Slovenia,SVN,1967,2.379,,1703828.0,Europe
48305,Slovenia,SVN,1968,2.259,,1716881.0,Europe
48306,Slovenia,SVN,1969,2.177,,1728637.0,Europe
48307,Slovenia,SVN,1970,2.114,,1739819.0,Europe
48308,Slovenia,SVN,1971,2.158,,1752675.0,Europe
48309,Slovenia,SVN,1972,2.166,,1768179.0,Europe
48310,Slovenia,SVN,1973,2.201,,1784523.0,Europe
48311,Slovenia,SVN,1974,2.116,,1800978.0,Europe
48312,Slovenia,SVN,1975,2.172,,1817540.0,Europe
48313,Slovenia,SVN,1976,2.199,,1834309.0,Europe
48314,Slovenia,SVN,1977,2.166,,1851278.0,Europe
48315,Slovenia,SVN,1978,2.195,,1868470.0,Europe
48316,Slovenia,SVN,1979,2.21,,1885870.0,Europe
48317,Slovenia,SVN,1980,2.105,,1903036.0,Europe
48318,Slovenia,SVN,1981,1.96,,1914544.0,Europe
48319,Slovenia,SVN,1982,1.928,,1917933.0,Europe
48320,Slovenia,SVN,1983,1.812,,1923315.0,Europe
48321,Slovenia,SVN,1984,1.747,,1932657.0,Europe
48322,Slovenia,SVN,1985,1.719,,1941433.0,Europe
48323,Slovenia,SVN,1986,1.672,,1964786.0,Europe
48324,Slovenia,SVN,1987,1.652,,1987975.0,Europe
48325,Slovenia,SVN,1988,1.63,,1993477.0,Europe
48326,Slovenia,SVN,1989,1.525,,1995417.0,Europe
48327,Slovenia,SVN,1990,1.462,,1997968.0,Europe
48328,Slovenia,SVN,1991,1.422,,1999136.0,Europe
48329,Slovenia,SVN,1992,1.334,,1995805.0,Europe
48330,Slovenia,SVN,1993,1.329,,1990771.0,Europe
48331,Slovenia,SVN,1994,1.315,,1988211.0,Europe
48332,Slovenia,SVN,1995,1.288,,1988051.0,Europe
48333,Slovenia,SVN,1996,1.279,,1986738.0,Europe
48334,Slovenia,SVN,1997,1.247,,1984355.0,Europe
48335,Slovenia,SVN,1998,1.231,,1980016.0,Europe
48336,Slovenia,SVN,1999,1.212,,1981145.0,Europe
48337,Slovenia,SVN,2000,1.253,,1986774.0,Europe
48338,Slovenia,SVN,2001,1.208,,1989637.0,Europe
48339,Slovenia,SVN,2002,1.21,,1991524.0,Europe
48340,Slovenia,SVN,2003,1.203,,1992449.0,Europe
48341,Slovenia,SVN,2004,1.248,,1993503.0,Europe
48342,Slovenia,SVN,2005,1.263,,1996858.0,Europe
48343,Slovenia,SVN,2006,1.317,,2003069.0,Europe
48344,Slovenia,SVN,2007,1.386,,2014110.0,Europe
48345,Slovenia,SVN,2008,1.529,,2025041.0,Europe
48346,Slovenia,SVN,2009,1.538,,2035555.0,Europe
48347,Slovenia,SVN,2010,1.579,,2044566.0,Europe
48348,Slovenia,SVN,2011,1.57,,2048754.0,Europe
48349,Slovenia,SVN,2012,1.587,,2053274.0,Europe
48350,Slovenia,SVN,2013,1.553,,2056403.0,Europe
48351,Slovenia,SVN,2014,1.581,,2058351.0,Europe
48352,Slovenia,SVN,2015,1.576,12.1,2059899.0,Europe
48353,Slovenia,SVN,2016,1.587,,2061329.0,Europe
48354,Slovenia,SVN,2017,1.622,,2062366.0,Europe
48355,Slovenia,SVN,2018,1.606,,2069431.0,Europe
48356,Slovenia,SVN,2019,1.611,,2083395.0,Europe
48357,Slovenia,SVN,2020,1.594,12.24,2102370.0,Europe
48552,Solomon Islands,SLB,1950,7.15,,108610.0,Oceania
48553,Solomon Islands,SLB,1951,7.15,,110926.0,Oceania
48554,Solomon Islands,SLB,1952,7.159,,113453.0,Oceania
48555,Solomon Islands,SLB,1953,7.139,,116182.0,Oceania
48556,Solomon Islands,SLB,1954,7.132,,119079.0,Oceania
48557,Solomon Islands,SLB,1955,7.115,,122150.0,Oceania
48558,Solomon Islands,SLB,1956,7.1,,125312.0,Oceania
48559,Solomon Islands,SLB,1957,7.082,,128650.0,Oceania
48560,Solomon Islands,SLB,1958,7.08,,132273.0,Oceania
48561,Solomon Islands,SLB,1959,7.068,,136102.0,Oceania
48562,Solomon Islands,SLB,1960,7.065,,139653.0,Oceania
48563,Solomon Islands,SLB,1961,7.052,,142874.0,Oceania
48564,Solomon Islands,SLB,1962,7.042,,146158.0,Oceania
48565,Solomon Islands,SLB,1963,7.034,,149561.0,Oceania
48566,Solomon Islands,SLB,1964,7.047,,153046.0,Oceania
48567,Solomon Islands,SLB,1965,7.017,,156652.0,Oceania
48568,Solomon Islands,SLB,1966,6.997,,160364.0,Oceania
48569,Solomon Islands,SLB,1967,6.974,,164211.0,Oceania
48570,Solomon Islands,SLB,1968,6.948,,168253.0,Oceania
48571,Solomon Islands,SLB,1969,6.974,,172441.0,Oceania
48572,Solomon Islands,SLB,1970,6.983,,176546.0,Oceania
48573,Solomon Islands,SLB,1971,6.985,,180612.0,Oceania
48574,Solomon Islands,SLB,1972,6.992,,184950.0,Oceania
48575,Solomon Islands,SLB,1973,7.001,,189746.0,Oceania
48576,Solomon Islands,SLB,1974,7.01,,195012.0,Oceania
48577,Solomon Islands,SLB,1975,6.988,,200716.0,Oceania
48578,Solomon Islands,SLB,1976,6.954,,207162.0,Oceania
48579,Solomon Islands,SLB,1977,6.915,,214373.0,Oceania
48580,Solomon Islands,SLB,1978,6.871,,221984.0,Oceania
48581,Solomon Islands,SLB,1979,6.822,,229912.0,Oceania
48582,Solomon Islands,SLB,1980,6.768,,238096.0,Oceania
48583,Solomon Islands,SLB,1981,6.709,,246526.0,Oceania
48584,Solomon Islands,SLB,1982,6.64,,255170.0,Oceania
48585,Solomon Islands,SLB,1983,6.569,,264033.0,Oceania
48586,Solomon Islands,SLB,1984,6.489,,273128.0,Oceania
48587,Solomon Islands,SLB,1985,6.375,,282423.0,Oceania
48588,Solomon Islands,SLB,1986,6.259,,291804.0,Oceania
48589,Solomon Islands,SLB,1987,6.115,,301384.0,Oceania
48590,Solomon Islands,SLB,1988,5.99,,311230.0,Oceania
48591,Solomon Islands,SLB,1989,5.867,,321243.0,Oceania
48592,Solomon Islands,SLB,1990,5.74,,331409.0,Oceania
48593,Solomon Islands,SLB,1991,5.62,,341703.0,Oceania
48594,Solomon Islands,SLB,1992,5.509,,352168.0,Oceania
48595,Solomon Islands,SLB,1993,5.453,,362804.0,Oceania
48596,Solomon Islands,SLB,1994,5.398,,373642.0,Oceania
48597,Solomon Islands,SLB,1995,5.335,,384696.0,Oceania
48598,Solomon Islands,SLB,1996,5.221,,395966.0,Oceania
48599,Solomon Islands,SLB,1997,5.093,,407438.0,Oceania
48600,Solomon Islands,SLB,1998,4.977,,419034.0,Oceania
48601,Solomon Islands,SLB,1999,4.861,,430452.0,Oceania
48602,Solomon Islands,SLB,2000,4.757,,440432.0,Oceania
48603,Solomon Islands,SLB,2001,4.673,,449084.0,Oceania
48604,Solomon Islands,SLB,2002,4.602,,457630.0,Oceania
48605,Solomon Islands,SLB,2003,4.539,,466114.0,Oceania
48606,Solomon Islands,SLB,2004,4.466,,474559.0,Oceania
48607,Solomon Islands,SLB,2005,4.411,,483049.0,Oceania
48608,Solomon Islands,SLB,2006,4.39,,491552.0,Oceania
48609,Solomon Islands,SLB,2007,4.372,,500111.0,Oceania
48610,Solomon Islands,SLB,2008,4.358,,508753.0,Oceania
48611,Solomon Islands,SLB,2009,4.349,,518099.0,Oceania
48612,Solomon Islands,SLB,2010,4.341,,532932.0,Oceania
48613,Solomon Islands,SLB,2011,4.335,,552910.0,Oceania
48614,Solomon Islands,SLB,2012,4.332,,573574.0,Oceania
48615,Solomon Islands,SLB,2013,4.325,,594906.0,Oceania
48616,Solomon Islands,SLB,2014,4.36,,616865.0,Oceania
48617,Solomon Islands,SLB,2015,4.291,,639369.0,Oceania
48618,Solomon Islands,SLB,2016,4.2,,662342.0,Oceania
48619,Solomon Islands,SLB,2017,4.06,,685621.0,Oceania
48620,Solomon Islands,SLB,2018,3.93,,709057.0,Oceania
48621,Solomon Islands,SLB,2019,3.8,,728105.0,Oceania
48622,Solomon Islands,SLB,2020,3.749,,744451.0,Oceania
48807,Somalia,SOM,1950,7.248,,2213095.0,Africa
48808,Somalia,SOM,1951,7.249,,2276638.0,Africa
48809,Somalia,SOM,1952,7.25,,2340212.0,Africa
48810,Somalia,SOM,1953,7.251,,2403532.0,Africa
48811,Somalia,SOM,1954,7.251,,2467265.0,Africa
48812,Somalia,SOM,1955,7.251,,2532200.0,Africa
48813,Somalia,SOM,1956,7.25,,2598331.0,Africa
48814,Somalia,SOM,1957,7.25,,2665669.0,Africa
48815,Somalia,SOM,1958,7.25,,2733361.0,Africa
48816,Somalia,SOM,1959,7.25,,2803049.0,Africa
48817,Somalia,SOM,1960,7.25,,2876282.0,Africa
48818,Somalia,SOM,1961,7.252,,2952007.0,Africa
48819,Somalia,SOM,1962,7.255,,3030048.0,Africa
48820,Somalia,SOM,1963,7.258,,3110317.0,Africa
48821,Somalia,SOM,1964,7.261,,3192756.0,Africa
48822,Somalia,SOM,1965,7.261,,3277816.0,Africa
48823,Somalia,SOM,1966,7.257,,3365063.0,Africa
48824,Somalia,SOM,1967,7.248,,3454493.0,Africa
48825,Somalia,SOM,1968,7.231,,3546538.0,Africa
48826,Somalia,SOM,1969,7.209,,3640970.0,Africa
48827,Somalia,SOM,1970,7.182,,3738406.0,Africa
48828,Somalia,SOM,1971,7.151,,3837641.0,Africa
48829,Somalia,SOM,1972,7.118,,3939394.0,Africa
48830,Somalia,SOM,1973,7.086,,4045532.0,Africa
48831,Somalia,SOM,1974,7.057,,4151808.0,Africa
48832,Somalia,SOM,1975,7.033,,4257489.0,Africa
48833,Somalia,SOM,1976,7.016,,4365765.0,Africa
48834,Somalia,SOM,1977,7.004,,4484012.0,Africa
48835,Somalia,SOM,1978,7.13,,4814844.0,Africa
48836,Somalia,SOM,1979,7.161,,5449062.0,Africa
48837,Somalia,SOM,1980,7.178,,5936099.0,Africa
48838,Somalia,SOM,1981,7.227,,5982805.0,Africa
48839,Somalia,SOM,1982,7.252,,6003787.0,Africa
48840,Somalia,SOM,1983,7.277,,6198386.0,Africa
48841,Somalia,SOM,1984,7.3,,6428346.0,Africa
48842,Somalia,SOM,1985,7.327,,6693242.0,Africa
48843,Somalia,SOM,1986,7.349,,6974737.0,Africa
48844,Somalia,SOM,1987,7.373,,7228265.0,Africa
48845,Somalia,SOM,1988,7.398,,7235317.0,Africa
48846,Somalia,SOM,1989,7.424,,7114780.0,Africa
48847,Somalia,SOM,1990,7.44,,7082766.0,Africa
48848,Somalia,SOM,1991,7.47,,6813704.0,Africa
48849,Somalia,SOM,1992,7.5,,6495056.0,Africa
48850,Somalia,SOM,1993,7.526,,6681358.0,Africa
48851,Somalia,SOM,1994,7.544,,7026753.0,Africa
48852,Somalia,SOM,1995,7.581,,7284965.0,Africa
48853,Somalia,SOM,1996,7.621,,7554420.0,Africa
48854,Somalia,SOM,1997,7.662,,7824477.0,Africa
48855,Somalia,SOM,1998,7.656,,8155372.0,Africa
48856,Somalia,SOM,1999,7.657,,8492010.0,Africa
48857,Somalia,SOM,2000,7.645,,8838673.0,Africa
48858,Somalia,SOM,2001,7.636,,9198449.0,Africa
48859,Somalia,SOM,2002,7.626,,9550031.0,Africa
48860,Somalia,SOM,2003,7.603,,9909107.0,Africa
48861,Somalia,SOM,2004,7.568,,10280947.0,Africa
48862,Somalia,SOM,2005,7.527,,10644178.0,Africa
48863,Somalia,SOM,2006,7.49,,10975449.0,Africa
48864,Somalia,SOM,2007,7.457,,11322528.0,Africa
48865,Somalia,SOM,2008,7.415,,11663047.0,Africa
48866,Somalia,SOM,2009,7.376,,11961145.0,Africa
48867,Somalia,SOM,2010,7.322,,12261702.0,Africa
48868,Somalia,SOM,2011,7.268,,12348775.0,Africa
48869,Somalia,SOM,2012,7.211,,12461116.0,Africa
48870,Somalia,SOM,2013,7.14,,12869548.0,Africa
48871,Somalia,SOM,2014,7.061,,13339450.0,Africa
48872,Somalia,SOM,2015,6.975,,13806921.0,Africa
48873,Somalia,SOM,2016,6.878,,14348692.0,Africa
48874,Somalia,SOM,2017,6.766,,14916586.0,Africa
48875,Somalia,SOM,2018,6.662,,15452434.0,Africa
48876,Somalia,SOM,2019,6.56,,16030917.0,Africa
48877,Somalia,SOM,2020,6.453,,16651150.0,Africa
49068,South Africa,ZAF,1950,6.032,4.17,13038461.0,Africa
49069,South Africa,ZAF,1951,6.063,,13308974.0,Africa
49070,South Africa,ZAF,1952,6.081,,13595492.0,Africa
49071,South Africa,ZAF,1953,6.094,,13892858.0,Africa
49072,South Africa,ZAF,1954,6.109,,14203738.0,Africa
49073,South Africa,ZAF,1955,6.127,4.41,14533312.0,Africa
49074,South Africa,ZAF,1956,6.131,,14880635.0,Africa
49075,South Africa,ZAF,1957,6.136,,15244788.0,Africa
49076,South Africa,ZAF,1958,6.143,,15620370.0,Africa
49077,South Africa,ZAF,1959,6.126,,16014918.0,Africa
49078,South Africa,ZAF,1960,6.105,4.5,16440132.0,Africa
49079,South Africa,ZAF,1961,6.08,,16907992.0,Africa
49080,South Africa,ZAF,1962,6.046,,17418474.0,Africa
49081,South Africa,ZAF,1963,6.012,,17954514.0,Africa
49082,South Africa,ZAF,1964,5.955,,18511322.0,Africa
49083,South Africa,ZAF,1965,5.892,4.55,19089334.0,Africa
49084,South Africa,ZAF,1966,5.907,,19690028.0,Africa
49085,South Africa,ZAF,1967,5.852,,20314032.0,Africa
49086,South Africa,ZAF,1968,5.782,,20957242.0,Africa
49087,South Africa,ZAF,1969,5.719,,21614631.0,Africa
49088,South Africa,ZAF,1970,5.634,4.7,22279946.0,Africa
49089,South Africa,ZAF,1971,5.569,,22942096.0,Africa
49090,South Africa,ZAF,1972,5.49,,23609402.0,Africa
49091,South Africa,ZAF,1973,5.413,,24294211.0,Africa
49092,South Africa,ZAF,1974,5.298,,24989057.0,Africa
49093,South Africa,ZAF,1975,5.191,4.82,25690898.0,Africa
49094,South Africa,ZAF,1976,5.071,,26395398.0,Africa
49095,South Africa,ZAF,1977,4.942,,27118903.0,Africa
49096,South Africa,ZAF,1978,4.853,,27869456.0,Africa
49097,South Africa,ZAF,1979,4.818,,28634112.0,Africa
49098,South Africa,ZAF,1980,4.78,4.93,29518811.0,Africa
49099,South Africa,ZAF,1981,4.712,,30540997.0,Africa
49100,South Africa,ZAF,1982,4.696,,31615289.0,Africa
49101,South Africa,ZAF,1983,4.626,,32739263.0,Africa
49102,South Africa,ZAF,1984,4.566,,33892739.0,Africa
49103,South Africa,ZAF,1985,4.495,5.13,35042049.0,Africa
49104,South Africa,ZAF,1986,4.409,,36180469.0,Africa
49105,South Africa,ZAF,1987,4.352,,37326139.0,Africa
49106,South Africa,ZAF,1988,4.18,,38480593.0,Africa
49107,South Africa,ZAF,1989,3.983,,39628521.0,Africa
49108,South Africa,ZAF,1990,3.724,6.79,40746216.0,Africa
49109,South Africa,ZAF,1991,3.618,,41687861.0,Africa
49110,South Africa,ZAF,1992,3.479,,42443459.0,Africa
49111,South Africa,ZAF,1993,3.372,,43297110.0,Africa
49112,South Africa,ZAF,1994,3.258,,44004087.0,Africa
49113,South Africa,ZAF,1995,3.172,8.41,44541512.0,Africa
49114,South Africa,ZAF,1996,2.991,,45122972.0,Africa
49115,South Africa,ZAF,1997,2.734,,45666787.0,Africa
49116,South Africa,ZAF,1998,2.63,,46223832.0,Africa
49117,South Africa,ZAF,1999,2.559,,46730283.0,Africa
49118,South Africa,ZAF,2000,2.413,7.86,47159672.0,Africa
49119,South Africa,ZAF,2001,2.373,,47566761.0,Africa
49120,South Africa,ZAF,2002,2.324,,48019362.0,Africa
49121,South Africa,ZAF,2003,2.358,,48500305.0,Africa
49122,South Africa,ZAF,2004,2.436,,48991365.0,Africa
49123,South Africa,ZAF,2005,2.512,8.91,49489992.0,Africa
49124,South Africa,ZAF,2006,2.548,,49998227.0,Africa
49125,South Africa,ZAF,2007,2.545,,50528523.0,Africa
49126,South Africa,ZAF,2008,2.679,,51114550.0,Africa
49127,South Africa,ZAF,2009,2.501,,51728471.0,Africa
49128,South Africa,ZAF,2010,2.445,9.87,52344000.0,Africa
49129,South Africa,ZAF,2011,2.436,,52995162.0,Africa
49130,South Africa,ZAF,2012,2.447,,53782518.0,Africa
49131,South Africa,ZAF,2013,2.428,,54678742.0,Africa
49132,South Africa,ZAF,2014,2.424,,55594796.0,Africa
49133,South Africa,ZAF,2015,2.359,10.22,56723493.0,Africa
49134,South Africa,ZAF,2016,2.261,,57259496.0,Africa
49135,South Africa,ZAF,2017,2.283,,57635106.0,Africa
49136,South Africa,ZAF,2018,2.27,,58612952.0,Africa
49137,South Africa,ZAF,2019,2.264,,59587828.0,Africa
49138,South Africa,ZAF,2020,2.257,10.63,60562321.0,Africa
49599,South Korea,KOR,1950,6.063,3.72,19757280.0,Asia
49600,South Korea,KOR,1951,6.089,,19868939.0,Asia
49601,South Korea,KOR,1952,6.122,,20229831.0,Asia
49602,South Korea,KOR,1953,6.171,,20775277.0,Asia
49603,South Korea,KOR,1954,6.174,,21415533.0,Asia
49604,South Korea,KOR,1955,6.169,4.21,22125060.0,Asia
49605,South Korea,KOR,1956,6.175,,22874396.0,Asia
49606,South Korea,KOR,1957,6.178,,23660748.0,Asia
49607,South Korea,KOR,1958,6.152,,24473883.0,Asia
49608,South Korea,KOR,1959,6.096,,25298180.0,Asia
49609,South Korea,KOR,1960,5.994,3.19,26115344.0,Asia
49610,South Korea,KOR,1961,5.803,,26852912.0,Asia
49611,South Korea,KOR,1962,5.562,,27509190.0,Asia
49612,South Korea,KOR,1963,5.334,,28145499.0,Asia
49613,South Korea,KOR,1964,5.068,,28744931.0,Asia
49614,South Korea,KOR,1965,4.887,4.52,29284289.0,Asia
49615,South Korea,KOR,1966,4.782,,29845885.0,Asia
49616,South Korea,KOR,1967,4.615,,30495672.0,Asia
49617,South Korea,KOR,1968,4.51,,31175249.0,Asia
49618,South Korea,KOR,1969,4.447,,31852718.0,Asia
49619,South Korea,KOR,1970,4.459,5.49,32542154.0,Asia
49620,South Korea,KOR,1971,4.259,,33239813.0,Asia
49621,South Korea,KOR,1972,4.02,,33936429.0,Asia
49622,South Korea,KOR,1973,3.803,,34625799.0,Asia
49623,South Korea,KOR,1974,3.555,,35287790.0,Asia
49624,South Korea,KOR,1975,3.313,6.56,35875694.0,Asia
49625,South Korea,KOR,1976,3.119,,36379878.0,Asia
49626,South Korea,KOR,1977,2.954,,36843588.0,Asia
49627,South Korea,KOR,1978,2.699,,37281882.0,Asia
49628,South Korea,KOR,1979,2.748,,37710854.0,Asia
49629,South Korea,KOR,1980,2.734,7.69,38141057.0,Asia
49630,South Korea,KOR,1981,2.669,,38689143.0,Asia
49631,South Korea,KOR,1982,2.431,,39356105.0,Asia
49632,South Korea,KOR,1983,2.102,,40000897.0,Asia
49633,South Korea,KOR,1984,1.832,,40598253.0,Asia
49634,South Korea,KOR,1985,1.705,8.67,41148910.0,Asia
49635,South Korea,KOR,1986,1.623,,41718464.0,Asia
49636,South Korea,KOR,1987,1.571,,42322046.0,Asia
49637,South Korea,KOR,1988,1.558,,42922928.0,Asia
49638,South Korea,KOR,1989,1.564,,43524716.0,Asia
49639,South Korea,KOR,1990,1.603,9.75,44081380.0,Asia
49640,South Korea,KOR,1991,1.702,,44439112.0,Asia
49641,South Korea,KOR,1992,1.738,,44653652.0,Asia
49642,South Korea,KOR,1993,1.683,,44887672.0,Asia
49643,South Korea,KOR,1994,1.67,,45130788.0,Asia
49644,South Korea,KOR,1995,1.646,10.55,45368368.0,Asia
49645,South Korea,KOR,1996,1.599,,45638655.0,Asia
49646,South Korea,KOR,1997,1.555,,45941485.0,Asia
49647,South Korea,KOR,1998,1.497,,46230834.0,Asia
49648,South Korea,KOR,1999,1.469,,46500333.0,Asia
49649,South Korea,KOR,2000,1.467,11.3,46766608.0,Asia
49650,South Korea,KOR,2001,1.342,,47043411.0,Asia
49651,South Korea,KOR,2002,1.227,,47299074.0,Asia
49652,South Korea,KOR,2003,1.199,,47514113.0,Asia
49653,South Korea,KOR,2004,1.164,,47697022.0,Asia
49654,South Korea,KOR,2005,1.115,11.92,47851594.0,Asia
49655,South Korea,KOR,2006,1.145,,48006467.0,Asia
49656,South Korea,KOR,2007,1.215,,48178072.0,Asia
49657,South Korea,KOR,2008,1.19,,48356441.0,Asia
49658,South Korea,KOR,2009,1.178,,48546637.0,Asia
49659,South Korea,KOR,2010,1.226,12.65,48769268.0,Asia
49660,South Korea,KOR,2011,1.258,,49127592.0,Asia
49661,South Korea,KOR,2012,1.274,,49599543.0,Asia
49662,South Korea,KOR,2013,1.206,,50071119.0,Asia
49663,South Korea,KOR,2014,1.197,,50539008.0,Asia
49664,South Korea,KOR,2015,1.202,13.16,50983856.0,Asia
49665,South Korea,KOR,2016,1.14,,51297794.0,Asia
49666,South Korea,KOR,2017,1.035,,51486222.0,Asia
49667,South Korea,KOR,2018,0.951,,51640842.0,Asia
49668,South Korea,KOR,2019,0.881,,51767790.0,Asia
49669,South Korea,KOR,2020,0.812,13.65,51858440.0,Asia
49864,South Sudan,SSD,1950,7.124,,2493235.0,Africa
49865,South Sudan,SSD,1951,7.134,,2529575.0,Africa
49866,South Sudan,SSD,1952,7.131,,2569159.0,Africa
49867,South Sudan,SSD,1953,7.134,,2611687.0,Africa
49868,South Sudan,SSD,1954,7.136,,2657052.0,Africa
49869,South Sudan,SSD,1955,7.132,,2705037.0,Africa
49870,South Sudan,SSD,1956,7.134,,2754551.0,Africa
49871,South Sudan,SSD,1957,7.14,,2804061.0,Africa
49872,South Sudan,SSD,1958,7.137,,2848318.0,Africa
49873,South Sudan,SSD,1959,7.15,,2888738.0,Africa
49874,South Sudan,SSD,1960,7.161,,2931518.0,Africa
49875,South Sudan,SSD,1961,7.178,,2976684.0,Africa
49876,South Sudan,SSD,1962,7.195,,3024257.0,Africa
49877,South Sudan,SSD,1963,7.196,,3072627.0,Africa
49878,South Sudan,SSD,1964,7.22,,3129878.0,Africa
49879,South Sudan,SSD,1965,7.222,,3189790.0,Africa
49880,South Sudan,SSD,1966,7.254,,3236376.0,Africa
49881,South Sudan,SSD,1967,7.257,,3277603.0,Africa
49882,South Sudan,SSD,1968,7.264,,3321484.0,Africa
49883,South Sudan,SSD,1969,7.281,,3365491.0,Africa
49884,South Sudan,SSD,1970,7.286,,3409578.0,Africa
49885,South Sudan,SSD,1971,7.296,,3468601.0,Africa
49886,South Sudan,SSD,1972,7.311,,3542441.0,Africa
49887,South Sudan,SSD,1973,7.311,,3627336.0,Africa
49888,South Sudan,SSD,1974,7.314,,3723216.0,Africa
49889,South Sudan,SSD,1975,7.326,,3821448.0,Africa
49890,South Sudan,SSD,1976,7.331,,3921863.0,Africa
49891,South Sudan,SSD,1977,7.325,,4023988.0,Africa
49892,South Sudan,SSD,1978,7.329,,4127612.0,Africa
49893,South Sudan,SSD,1979,7.32,,4232567.0,Africa
49894,South Sudan,SSD,1980,7.328,,4338992.0,Africa
49895,South Sudan,SSD,1981,7.332,,4447222.0,Africa
49896,South Sudan,SSD,1982,7.343,,4557637.0,Africa
49897,South Sudan,SSD,1983,7.342,,4661527.0,Africa
49898,South Sudan,SSD,1984,7.346,,4750578.0,Africa
49899,South Sudan,SSD,1985,7.357,,4834246.0,Africa
49900,South Sudan,SSD,1986,7.378,,4921204.0,Africa
49901,South Sudan,SSD,1987,7.386,,4962358.0,Africa
49902,South Sudan,SSD,1988,7.376,,4847993.0,Africa
49903,South Sudan,SSD,1989,7.374,,4713194.0,Africa
49904,South Sudan,SSD,1990,7.377,,4737589.0,Africa
49905,South Sudan,SSD,1991,7.377,,4836630.0,Africa
49906,South Sudan,SSD,1992,7.37,,4909700.0,Africa
49907,South Sudan,SSD,1993,7.36,,4955961.0,Africa
49908,South Sudan,SSD,1994,7.346,,5071138.0,Africa
49909,South Sudan,SSD,1995,7.337,,5225783.0,Africa
49910,South Sudan,SSD,1996,7.321,,5356870.0,Africa
49911,South Sudan,SSD,1997,7.199,,5509093.0,Africa
49912,South Sudan,SSD,1998,7.078,,5620029.0,Africa
49913,South Sudan,SSD,1999,6.937,,5771579.0,Africa
49914,South Sudan,SSD,2000,6.803,,6032224.0,Africa
49915,South Sudan,SSD,2001,6.654,,6308358.0,Africa
49916,South Sudan,SSD,2002,6.515,,6596766.0,Africa
49917,South Sudan,SSD,2003,6.353,,6903072.0,Africa
49918,South Sudan,SSD,2004,6.19,,7232987.0,Africa
49919,South Sudan,SSD,2005,6.022,,7590093.0,Africa
49920,South Sudan,SSD,2006,5.853,,7976474.0,Africa
49921,South Sudan,SSD,2007,5.704,,8388741.0,Africa
49922,South Sudan,SSD,2008,5.569,,8817594.0,Africa
49923,South Sudan,SSD,2009,5.446,,9243507.0,Africa
49924,South Sudan,SSD,2010,5.318,,9745910.0,Africa
49925,South Sudan,SSD,2011,5.193,,10288063.0,Africa
49926,South Sudan,SSD,2012,5.061,,10756194.0,Africa
49927,South Sudan,SSD,2013,4.939,,11166237.0,Africa
49928,South Sudan,SSD,2014,4.818,,11235032.0,Africa
49929,South Sudan,SSD,2015,4.695,,11107511.0,Africa
49930,South Sudan,SSD,2016,4.579,,10830061.0,Africa
49931,South Sudan,SSD,2017,4.483,,10259104.0,Africa
49932,South Sudan,SSD,2018,4.37,,10122925.0,Africa
49933,South Sudan,SSD,2019,4.26,,10423340.0,Africa
49934,South Sudan,SSD,2020,4.16,,10698419.0,Africa
50090,Spain,ESP,1950,2.47,3.44,28077007.0,Europe
50091,Spain,ESP,1951,2.457,,28214807.0,Europe
50092,Spain,ESP,1952,2.539,,28405996.0,Europe
50093,Spain,ESP,1953,2.5,,28632656.0,Europe
50094,Spain,ESP,1954,2.438,,28857784.0,Europe
50095,Spain,ESP,1955,2.507,3.62,29089728.0,Europe
50096,Spain,ESP,1956,2.54,,29323627.0,Europe
50097,Spain,ESP,1957,2.688,,29569913.0,Europe
50098,Spain,ESP,1958,2.728,,29849614.0,Europe
50099,Spain,ESP,1959,2.754,,30140655.0,Europe
50100,Spain,ESP,1960,2.808,3.98,30404890.0,Europe
50101,Spain,ESP,1961,2.778,,30699526.0,Europe
50102,Spain,ESP,1962,2.804,,31040042.0,Europe
50103,Spain,ESP,1963,2.876,,31379779.0,Europe
50104,Spain,ESP,1964,2.998,,31741537.0,Europe
50105,Spain,ESP,1965,2.926,4.25,32110623.0,Europe
50106,Spain,ESP,1966,2.913,,32465832.0,Europe
50107,Spain,ESP,1967,2.971,,32820707.0,Europe
50108,Spain,ESP,1968,2.923,,33170058.0,Europe
50109,Spain,ESP,1969,2.901,,33496890.0,Europe
50110,Spain,ESP,1970,2.884,4.87,33812675.0,Europe
50111,Spain,ESP,1971,2.898,,34157399.0,Europe
50112,Spain,ESP,1972,2.869,,34539817.0,Europe
50113,Spain,ESP,1973,2.841,,34926478.0,Europe
50114,Spain,ESP,1974,2.871,,35361715.0,Europe
50115,Spain,ESP,1975,2.773,5.71,35795725.0,Europe
50116,Spain,ESP,1976,2.764,,36176229.0,Europe
50117,Spain,ESP,1977,2.653,,36551217.0,Europe
50118,Spain,ESP,1978,2.539,,36904917.0,Europe
50119,Spain,ESP,1979,2.368,,37230328.0,Europe
50120,Spain,ESP,1980,2.212,6.83,37537514.0,Europe
50121,Spain,ESP,1981,2.04,,37812657.0,Europe
50122,Spain,ESP,1982,1.936,,38047053.0,Europe
50123,Spain,ESP,1983,1.799,,38253195.0,Europe
50124,Spain,ESP,1984,1.722,,38437433.0,Europe
50125,Spain,ESP,1985,1.637,6.91,38601263.0,Europe
50126,Spain,ESP,1986,1.554,,38735655.0,Europe
50127,Spain,ESP,1987,1.492,,38851959.0,Europe
50128,Spain,ESP,1988,1.444,,38952207.0,Europe
50129,Spain,ESP,1989,1.396,,39029506.0,Europe
50130,Spain,ESP,1990,1.358,7.28,39084924.0,Europe
50131,Spain,ESP,1991,1.325,,39201702.0,Europe
50132,Spain,ESP,1992,1.306,,39420297.0,Europe
50133,Spain,ESP,1993,1.253,,39651575.0,Europe
50134,Spain,ESP,1994,1.19,,39858677.0,Europe
50135,Spain,ESP,1995,1.153,8.59,40052688.0,Europe
50136,Spain,ESP,1996,1.139,,40237332.0,Europe
50137,Spain,ESP,1997,1.145,,40423773.0,Europe
50138,Spain,ESP,1998,1.131,,40617392.0,Europe
50139,Spain,ESP,1999,1.165,,40812809.0,Europe
50140,Spain,ESP,2000,1.21,9.65,41019721.0,Europe
50141,Spain,ESP,2001,1.231,,41245551.0,Europe
50142,Spain,ESP,2002,1.251,,41755656.0,Europe
50143,Spain,ESP,2003,1.293,,42506499.0,Europe
50144,Spain,ESP,2004,1.313,,43234511.0,Europe
50145,Spain,ESP,2005,1.329,10.69,43958840.0,Europe
50146,Spain,ESP,2006,1.36,,44695400.0,Europe
50147,Spain,ESP,2007,1.379,,45516452.0,Europe
50148,Spain,ESP,2008,1.436,,46235010.0,Europe
50149,Spain,ESP,2009,1.381,,46635128.0,Europe
50150,Spain,ESP,2010,1.366,10.85,46840419.0,Europe
50151,Spain,ESP,2011,1.34,,46997994.0,Europe
50152,Spain,ESP,2012,1.318,,47018277.0,Europe
50153,Spain,ESP,2013,1.277,,46860345.0,Europe
50154,Spain,ESP,2014,1.315,,46720137.0,Europe
50155,Spain,ESP,2015,1.33,11.35,46683633.0,Europe
50156,Spain,ESP,2016,1.332,,46732712.0,Europe
50157,Spain,ESP,2017,1.305,,46868543.0,Europe
50158,Spain,ESP,2018,1.26,,47092764.0,Europe
50159,Spain,ESP,2019,1.23,,47435072.0,Europe
50160,Spain,ESP,2020,1.186,11.69,47679437.0,Europe
50355,Sri Lanka,LKA,1950,5.462,2.78,7811013.0,Asia
50356,Sri Lanka,LKA,1951,5.461,,7956289.0,Asia
50357,Sri Lanka,LKA,1952,5.431,,8111524.0,Asia
50358,Sri Lanka,LKA,1953,5.393,,8275086.0,Asia
50359,Sri Lanka,LKA,1954,5.35,,8445891.0,Asia
50360,Sri Lanka,LKA,1955,5.308,3.07,8623279.0,Asia
50361,Sri Lanka,LKA,1956,5.262,,8807176.0,Asia
50362,Sri Lanka,LKA,1957,5.337,,9000951.0,Asia
50363,Sri Lanka,LKA,1958,5.404,,9208759.0,Asia
50364,Sri Lanka,LKA,1959,5.414,,9430109.0,Asia
50365,Sri Lanka,LKA,1960,5.352,3.36,9661342.0,Asia
50366,Sri Lanka,LKA,1961,5.24,,9899317.0,Asia
50367,Sri Lanka,LKA,1962,5.177,,10143706.0,Asia
50368,Sri Lanka,LKA,1963,5.118,,10394993.0,Asia
50369,Sri Lanka,LKA,1964,5.057,,10653351.0,Asia
50370,Sri Lanka,LKA,1965,4.934,3.81,10916919.0,Asia
50371,Sri Lanka,LKA,1966,4.828,,11183880.0,Asia
50372,Sri Lanka,LKA,1967,4.787,,11457289.0,Asia
50373,Sri Lanka,LKA,1968,4.658,,11736040.0,Asia
50374,Sri Lanka,LKA,1969,4.499,,12013805.0,Asia
50375,Sri Lanka,LKA,1970,4.387,6.0,12287065.0,Asia
50376,Sri Lanka,LKA,1971,4.266,,12551856.0,Asia
50377,Sri Lanka,LKA,1972,4.156,,12809158.0,Asia
50378,Sri Lanka,LKA,1973,4.001,,13060872.0,Asia
50379,Sri Lanka,LKA,1974,3.855,,13305656.0,Asia
50380,Sri Lanka,LKA,1975,3.816,6.46,13548943.0,Asia
50381,Sri Lanka,LKA,1976,3.783,,13796735.0,Asia
50382,Sri Lanka,LKA,1977,3.741,,14049314.0,Asia
50383,Sri Lanka,LKA,1978,3.81,,14310071.0,Asia
50384,Sri Lanka,LKA,1979,3.822,,14579564.0,Asia
50385,Sri Lanka,LKA,1980,3.725,6.81,14847921.0,Asia
50386,Sri Lanka,LKA,1981,3.649,,15099368.0,Asia
50387,Sri Lanka,LKA,1982,3.32,,15286521.0,Asia
50388,Sri Lanka,LKA,1983,3.114,,15388762.0,Asia
50389,Sri Lanka,LKA,1984,3.006,,15441812.0,Asia
50390,Sri Lanka,LKA,1985,2.895,7.59,15544108.0,Asia
50391,Sri Lanka,LKA,1986,2.743,,15731202.0,Asia
50392,Sri Lanka,LKA,1987,2.644,,15916537.0,Asia
50393,Sri Lanka,LKA,1988,2.565,,16078570.0,Asia
50394,Sri Lanka,LKA,1989,2.578,,16248507.0,Asia
50395,Sri Lanka,LKA,1990,2.541,8.7,16352408.0,Asia
50396,Sri Lanka,LKA,1991,2.514,,16475313.0,Asia
50397,Sri Lanka,LKA,1992,2.487,,16739239.0,Asia
50398,Sri Lanka,LKA,1993,2.438,,17025877.0,Asia
50399,Sri Lanka,LKA,1994,2.405,,17275722.0,Asia
50400,Sri Lanka,LKA,1995,2.353,9.75,17564019.0,Asia
50401,Sri Lanka,LKA,1996,2.285,,17904972.0,Asia
50402,Sri Lanka,LKA,1997,2.215,,18248161.0,Asia
50403,Sri Lanka,LKA,1998,2.136,,18595959.0,Asia
50404,Sri Lanka,LKA,1999,2.142,,18944689.0,Asia
50405,Sri Lanka,LKA,2000,2.213,10.79,19293012.0,Asia
50406,Sri Lanka,LKA,2001,2.283,,19600303.0,Asia
50407,Sri Lanka,LKA,2002,2.31,,19805697.0,Asia
50408,Sri Lanka,LKA,2003,2.301,,19951470.0,Asia
50409,Sri Lanka,LKA,2004,2.271,,20087563.0,Asia
50410,Sri Lanka,LKA,2005,2.263,10.87,20216481.0,Asia
50411,Sri Lanka,LKA,2006,2.292,,20352372.0,Asia
50412,Sri Lanka,LKA,2007,2.295,,20492494.0,Asia
50413,Sri Lanka,LKA,2008,2.232,,20629321.0,Asia
50414,Sri Lanka,LKA,2009,2.179,,20756380.0,Asia
50415,Sri Lanka,LKA,2010,2.134,10.73,20879032.0,Asia
50416,Sri Lanka,LKA,2011,2.144,,21009008.0,Asia
50417,Sri Lanka,LKA,2012,2.173,,21169405.0,Asia
50418,Sri Lanka,LKA,2013,2.178,,21358787.0,Asia
50419,Sri Lanka,LKA,2014,2.134,,21547410.0,Asia
50420,Sri Lanka,LKA,2015,2.09,10.16,21729921.0,Asia
50421,Sri Lanka,LKA,2016,2.062,,21910711.0,Asia
50422,Sri Lanka,LKA,2017,2.044,,22087475.0,Asia
50423,Sri Lanka,LKA,2018,2.033,,22253066.0,Asia
50424,Sri Lanka,LKA,2019,2.022,,22410495.0,Asia
50425,Sri Lanka,LKA,2020,2.007,10.46,22561751.0,Asia
50620,Sudan,SDN,1950,6.663,0.09,6189859.0,Africa
50621,Sudan,SDN,1951,6.666,,6376017.0,Africa
50622,Sudan,SDN,1952,6.674,,6568566.0,Africa
50623,Sudan,SDN,1953,6.672,,6765862.0,Africa
50624,Sudan,SDN,1954,6.679,,6969592.0,Africa
50625,Sudan,SDN,1955,6.679,0.12,7181643.0,Africa
50626,Sudan,SDN,1956,6.68,,7401553.0,Africa
50627,Sudan,SDN,1957,6.674,,7629418.0,Africa
50628,Sudan,SDN,1958,6.675,,7862988.0,Africa
50629,Sudan,SDN,1959,6.663,,8106433.0,Africa
50630,Sudan,SDN,1960,6.663,0.16,8364442.0,Africa
50631,Sudan,SDN,1961,6.656,,8634881.0,Africa
50632,Sudan,SDN,1962,6.704,,8918978.0,Africa
50633,Sudan,SDN,1963,6.758,,9218030.0,Africa
50634,Sudan,SDN,1964,6.804,,9531059.0,Africa
50635,Sudan,SDN,1965,6.84,0.24,9857981.0,Africa
50636,Sudan,SDN,1966,6.879,,10197534.0,Africa
50637,Sudan,SDN,1967,6.909,,10550545.0,Africa
50638,Sudan,SDN,1968,6.946,,10917950.0,Africa
50639,Sudan,SDN,1969,6.967,,11298893.0,Africa
50640,Sudan,SDN,1970,6.986,0.33,11695723.0,Africa
50641,Sudan,SDN,1971,7.019,,12105496.0,Africa
50642,Sudan,SDN,1972,6.983,,12527814.0,Africa
50643,Sudan,SDN,1973,6.939,,13049276.0,Africa
50644,Sudan,SDN,1974,6.909,,13580671.0,Africa
50645,Sudan,SDN,1975,6.866,0.51,14064747.0,Africa
50646,Sudan,SDN,1976,6.823,,14569680.0,Africa
50647,Sudan,SDN,1977,6.775,,15086571.0,Africa
50648,Sudan,SDN,1978,6.72,,15694953.0,Africa
50649,Sudan,SDN,1979,6.651,,16355305.0,Africa
50650,Sudan,SDN,1980,6.592,0.8,17058857.0,Africa
50651,Sudan,SDN,1981,6.528,,17780532.0,Africa
50652,Sudan,SDN,1982,6.473,,18486597.0,Africa
50653,Sudan,SDN,1983,6.413,,19109728.0,Africa
50654,Sudan,SDN,1984,6.343,,19546493.0,Africa
50655,Sudan,SDN,1985,6.279,1.28,19905826.0,Africa
50656,Sudan,SDN,1986,6.225,,20288200.0,Africa
50657,Sudan,SDN,1987,6.175,,20704852.0,Africa
50658,Sudan,SDN,1988,6.132,,21138392.0,Africa
50659,Sudan,SDN,1989,6.106,,21577977.0,Africa
50660,Sudan,SDN,1990,6.074,1.75,22021425.0,Africa
50661,Sudan,SDN,1991,6.05,,22470633.0,Africa
50662,Sudan,SDN,1992,6.019,,22927309.0,Africa
50663,Sudan,SDN,1993,5.97,,23445550.0,Africa
50664,Sudan,SDN,1994,5.912,,24043904.0,Africa
50665,Sudan,SDN,1995,5.856,2.14,24672095.0,Africa
50666,Sudan,SDN,1996,5.792,,25231490.0,Africa
50667,Sudan,SDN,1997,5.717,,25799777.0,Africa
50668,Sudan,SDN,1998,5.646,,26458940.0,Africa
50669,Sudan,SDN,1999,5.622,,27130566.0,Africa
50670,Sudan,SDN,2000,5.596,2.5,27816698.0,Africa
50671,Sudan,SDN,2001,5.562,,28516727.0,Africa
50672,Sudan,SDN,2002,5.531,,29228670.0,Africa
50673,Sudan,SDN,2003,5.489,,29895989.0,Africa
50674,Sudan,SDN,2004,5.455,,30556584.0,Africa
50675,Sudan,SDN,2005,5.397,2.78,31262402.0,Africa
50676,Sudan,SDN,2006,5.332,,31992384.0,Africa
50677,Sudan,SDN,2007,5.27,,32764091.0,Africa
50678,Sudan,SDN,2008,5.212,,33623932.0,Africa
50679,Sudan,SDN,2009,5.173,,34569068.0,Africa
50680,Sudan,SDN,2010,5.141,3.03,35414359.0,Africa
50681,Sudan,SDN,2011,5.087,,36140767.0,Africa
50682,Sudan,SDN,2012,5.031,,36923122.0,Africa
50683,Sudan,SDN,2013,4.965,,37785804.0,Africa
50684,Sudan,SDN,2014,4.912,,38823281.0,Africa
50685,Sudan,SDN,2015,4.898,3.52,40024389.0,Africa
50686,Sudan,SDN,2016,4.829,,41259842.0,Africa
50687,Sudan,SDN,2017,4.761,,42714260.0,Africa
50688,Sudan,SDN,2018,4.681,,44230549.0,Africa
50689,Sudan,SDN,2019,4.617,,45548129.0,Africa
50690,Sudan,SDN,2020,4.542,4.2,46789187.0,Africa
50885,Suriname,SUR,1950,6.21,,195523.0,South America
50886,Suriname,SUR,1951,6.237,,200476.0,South America
50887,Suriname,SUR,1952,6.268,,206314.0,South America
50888,Suriname,SUR,1953,6.3,,212329.0,South America
50889,Suriname,SUR,1954,6.328,,218591.0,South America
50890,Suriname,SUR,1955,6.37,,225152.0,South America
50891,Suriname,SUR,1956,6.423,,232104.0,South America
50892,Suriname,SUR,1957,6.46,,239439.0,South America
50893,Suriname,SUR,1958,6.505,,247201.0,South America
50894,Suriname,SUR,1959,6.554,,255350.0,South America
50895,Suriname,SUR,1960,6.59,,263890.0,South America
50896,Suriname,SUR,1961,6.583,,272750.0,South America
50897,Suriname,SUR,1962,6.572,,283878.0,South America
50898,Suriname,SUR,1963,6.508,,296994.0,South America
50899,Suriname,SUR,1964,6.426,,308998.0,South America
50900,Suriname,SUR,1965,6.321,,319948.0,South America
50901,Suriname,SUR,1966,6.198,,331089.0,South America
50902,Suriname,SUR,1967,6.038,,342642.0,South America
50903,Suriname,SUR,1968,5.863,,354581.0,South America
50904,Suriname,SUR,1969,5.696,,366868.0,South America
50905,Suriname,SUR,1970,5.529,,379403.0,South America
50906,Suriname,SUR,1971,5.356,,391890.0,South America
50907,Suriname,SUR,1972,5.176,,397378.0,South America
50908,Suriname,SUR,1973,5.007,,395739.0,South America
50909,Suriname,SUR,1974,4.811,,393647.0,South America
50910,Suriname,SUR,1975,4.629,,391125.0,South America
50911,Suriname,SUR,1976,4.445,,388250.0,South America
50912,Suriname,SUR,1977,4.256,,385029.0,South America
50913,Suriname,SUR,1978,4.08,,381467.0,South America
50914,Suriname,SUR,1979,3.925,,377557.0,South America
50915,Suriname,SUR,1980,3.791,,375348.0,South America
50916,Suriname,SUR,1981,3.752,,375417.0,South America
50917,Suriname,SUR,1982,3.821,,376517.0,South America
50918,Suriname,SUR,1983,3.865,,378719.0,South America
50919,Suriname,SUR,1984,3.796,,382146.0,South America
50920,Suriname,SUR,1985,3.711,,386935.0,South America
50921,Suriname,SUR,1986,3.61,,392293.0,South America
50922,Suriname,SUR,1987,3.53,,396868.0,South America
50923,Suriname,SUR,1988,3.461,,402184.0,South America
50924,Suriname,SUR,1989,3.387,,408371.0,South America
50925,Suriname,SUR,1990,3.225,,412451.0,South America
50926,Suriname,SUR,1991,3.094,,414976.0,South America
50927,Suriname,SUR,1992,3.013,,417557.0,South America
50928,Suriname,SUR,1993,2.943,,419321.0,South America
50929,Suriname,SUR,1994,2.899,,422341.0,South America
50930,Suriname,SUR,1995,2.897,,429569.0,South America
50931,Suriname,SUR,1996,2.92,,438787.0,South America
50932,Suriname,SUR,1997,2.952,,448023.0,South America
50933,Suriname,SUR,1998,2.986,,457371.0,South America
50934,Suriname,SUR,1999,3.016,,466883.0,South America
50935,Suriname,SUR,2000,3.046,,476606.0,South America
50936,Suriname,SUR,2001,3.057,,486520.0,South America
50937,Suriname,SUR,2002,2.956,,496512.0,South America
50938,Suriname,SUR,2003,2.839,,506369.0,South America
50939,Suriname,SUR,2004,2.738,,513886.0,South America
50940,Suriname,SUR,2005,2.712,,519275.0,South America
50941,Suriname,SUR,2006,2.727,,524954.0,South America
50942,Suriname,SUR,2007,2.735,,530974.0,South America
50943,Suriname,SUR,2008,2.727,,537211.0,South America
50944,Suriname,SUR,2009,2.712,,543526.0,South America
50945,Suriname,SUR,2010,2.688,,549879.0,South America
50946,Suriname,SUR,2011,2.667,,556233.0,South America
50947,Suriname,SUR,2012,2.669,,562588.0,South America
50948,Suriname,SUR,2013,2.651,,568971.0,South America
50949,Suriname,SUR,2014,2.62,,575336.0,South America
50950,Suriname,SUR,2015,2.57,,581595.0,South America
50951,Suriname,SUR,2016,2.5,,587714.0,South America
50952,Suriname,SUR,2017,2.431,,593667.0,South America
50953,Suriname,SUR,2018,2.381,,599459.0,South America
50954,Suriname,SUR,2019,2.347,,605727.0,South America
50955,Suriname,SUR,2020,2.314,,612267.0,South America
51249,Sweden,SWE,1950,2.286,6.72,7016510.0,Europe
51250,Sweden,SWE,1951,2.212,,7072839.0,Europe
51251,Sweden,SWE,1952,2.232,,7124628.0,Europe
51252,Sweden,SWE,1953,2.253,,7171370.0,Europe
51253,Sweden,SWE,1954,2.182,,7213412.0,Europe
51254,Sweden,SWE,1955,2.248,7.02,7262277.0,Europe
51255,Sweden,SWE,1956,2.286,,7315475.0,Europe
51256,Sweden,SWE,1957,2.28,,7366840.0,Europe
51257,Sweden,SWE,1958,2.25,,7414302.0,Europe
51258,Sweden,SWE,1959,2.226,,7453507.0,Europe
51259,Sweden,SWE,1960,2.17,7.55,7484546.0,Europe
51260,Sweden,SWE,1961,2.202,,7519941.0,Europe
51261,Sweden,SWE,1962,2.236,,7561470.0,Europe
51262,Sweden,SWE,1963,2.315,,7604158.0,Europe
51263,Sweden,SWE,1964,2.448,,7661143.0,Europe
51264,Sweden,SWE,1965,2.401,8.07,7732959.0,Europe
51265,Sweden,SWE,1966,2.356,,7805532.0,Europe
51266,Sweden,SWE,1967,2.266,,7866351.0,Europe
51267,Sweden,SWE,1968,2.074,,7912065.0,Europe
51268,Sweden,SWE,1969,1.931,,7967962.0,Europe
51269,Sweden,SWE,1970,1.921,8.47,8042725.0,Europe
51270,Sweden,SWE,1971,1.957,,8098051.0,Europe
51271,Sweden,SWE,1972,1.91,,8122375.0,Europe
51272,Sweden,SWE,1973,1.868,,8137094.0,Europe
51273,Sweden,SWE,1974,1.867,,8160592.0,Europe
51274,Sweden,SWE,1975,1.767,9.42,8192612.0,Europe
51275,Sweden,SWE,1976,1.682,,8222333.0,Europe
51276,Sweden,SWE,1977,1.64,,8251652.0,Europe
51277,Sweden,SWE,1978,1.601,,8275740.0,Europe
51278,Sweden,SWE,1979,1.65,,8293702.0,Europe
51279,Sweden,SWE,1980,1.672,10.13,8310408.0,Europe
51280,Sweden,SWE,1981,1.633,,8320408.0,Europe
51281,Sweden,SWE,1982,1.618,,8325131.0,Europe
51282,Sweden,SWE,1983,1.613,,8328877.0,Europe
51283,Sweden,SWE,1984,1.655,,8336441.0,Europe
51284,Sweden,SWE,1985,1.734,10.63,8350190.0,Europe
51285,Sweden,SWE,1986,1.795,,8369633.0,Europe
51286,Sweden,SWE,1987,1.844,,8397600.0,Europe
51287,Sweden,SWE,1988,1.956,,8436315.0,Europe
51288,Sweden,SWE,1989,2.015,,8492778.0,Europe
51289,Sweden,SWE,1990,2.121,11.1,8558526.0,Europe
51290,Sweden,SWE,1991,2.109,,8616913.0,Europe
51291,Sweden,SWE,1992,2.078,,8667529.0,Europe
51292,Sweden,SWE,1993,1.987,,8717989.0,Europe
51293,Sweden,SWE,1994,1.878,,8780150.0,Europe
51294,Sweden,SWE,1995,1.73,11.56,8826250.0,Europe
51295,Sweden,SWE,1996,1.6,,8840281.0,Europe
51296,Sweden,SWE,1997,1.527,,8845470.0,Europe
51297,Sweden,SWE,1998,1.506,,8850553.0,Europe
51298,Sweden,SWE,1999,1.501,,8857642.0,Europe
51299,Sweden,SWE,2000,1.542,11.93,8872062.0,Europe
51300,Sweden,SWE,2001,1.569,,8895980.0,Europe
51301,Sweden,SWE,2002,1.648,,8924991.0,Europe
51302,Sweden,SWE,2003,1.712,,8958387.0,Europe
51303,Sweden,SWE,2004,1.751,,8993754.0,Europe
51304,Sweden,SWE,2005,1.772,12.1,9029713.0,Europe
51305,Sweden,SWE,2006,1.848,,9080584.0,Europe
51306,Sweden,SWE,2007,1.877,,9148219.0,Europe
51307,Sweden,SWE,2008,1.905,,9219853.0,Europe
51308,Sweden,SWE,2009,1.932,,9298692.0,Europe
51309,Sweden,SWE,2010,1.973,12.2,9378187.0,Europe
51310,Sweden,SWE,2011,1.902,,9449207.0,Europe
51311,Sweden,SWE,2012,1.9,,9519430.0,Europe
51312,Sweden,SWE,2013,1.885,,9600578.0,Europe
51313,Sweden,SWE,2014,1.876,,9696389.0,Europe
51314,Sweden,SWE,2015,1.847,12.05,9799437.0,Europe
51315,Sweden,SWE,2016,1.846,,9923227.0,Europe
51316,Sweden,SWE,2017,1.785,,10057811.0,Europe
51317,Sweden,SWE,2018,1.754,,10175356.0,Europe
51318,Sweden,SWE,2019,1.709,,10279068.0,Europe
51319,Sweden,SWE,2020,1.671,12.02,10353627.0,Europe
51514,Switzerland,CHE,1950,2.399,8.5,4692590.0,Europe
51515,Switzerland,CHE,1951,2.309,,4748035.0,Europe
51516,Switzerland,CHE,1952,2.324,,4811567.0,Europe
51517,Switzerland,CHE,1953,2.292,,4875613.0,Europe
51518,Switzerland,CHE,1954,2.287,,4938703.0,Europe
51519,Switzerland,CHE,1955,2.309,8.64,5002077.0,Europe
51520,Switzerland,CHE,1956,2.358,,5065574.0,Europe
51521,Switzerland,CHE,1957,2.411,,5130124.0,Europe
51522,Switzerland,CHE,1958,2.406,,5196405.0,Europe
51523,Switzerland,CHE,1959,2.423,,5262768.0,Europe
51524,Switzerland,CHE,1960,2.441,8.81,5327725.0,Europe
51525,Switzerland,CHE,1961,2.517,,5434068.0,Europe
51526,Switzerland,CHE,1962,2.58,,5573646.0,Europe
51527,Switzerland,CHE,1963,2.646,,5694111.0,Europe
51528,Switzerland,CHE,1964,2.653,,5789106.0,Europe
51529,Switzerland,CHE,1965,2.587,9.17,5856369.0,Europe
51530,Switzerland,CHE,1966,2.5,,5917922.0,Europe
51531,Switzerland,CHE,1967,2.394,,5991689.0,Europe
51532,Switzerland,CHE,1968,2.289,,6067615.0,Europe
51533,Switzerland,CHE,1969,2.191,,6136301.0,Europe
51534,Switzerland,CHE,1970,2.103,9.51,6180869.0,Europe
51535,Switzerland,CHE,1971,2.035,,6213495.0,Europe
51536,Switzerland,CHE,1972,1.913,,6261034.0,Europe
51537,Switzerland,CHE,1973,1.81,,6307356.0,Europe
51538,Switzerland,CHE,1974,1.729,,6341330.0,Europe
51539,Switzerland,CHE,1975,1.614,10.06,6338544.0,Europe
51540,Switzerland,CHE,1976,1.546,,6302508.0,Europe
51541,Switzerland,CHE,1977,1.528,,6281311.0,Europe
51542,Switzerland,CHE,1978,1.506,,6282000.0,Europe
51543,Switzerland,CHE,1979,1.519,,6294670.0,Europe
51544,Switzerland,CHE,1980,1.547,10.76,6319793.0,Europe
51545,Switzerland,CHE,1981,1.543,,6354514.0,Europe
51546,Switzerland,CHE,1982,1.549,,6391753.0,Europe
51547,Switzerland,CHE,1983,1.518,,6419255.0,Europe
51548,Switzerland,CHE,1984,1.523,,6442372.0,Europe
51549,Switzerland,CHE,1985,1.513,10.06,6470914.0,Europe
51550,Switzerland,CHE,1986,1.526,,6504692.0,Europe
51551,Switzerland,CHE,1987,1.516,,6545718.0,Europe
51552,Switzerland,CHE,1988,1.562,,6594095.0,Europe
51553,Switzerland,CHE,1989,1.563,,6647740.0,Europe
51554,Switzerland,CHE,1990,1.578,9.88,6713123.0,Europe
51555,Switzerland,CHE,1991,1.582,,6796900.0,Europe
51556,Switzerland,CHE,1992,1.572,,6875000.0,Europe
51557,Switzerland,CHE,1993,1.51,,6938058.0,Europe
51558,Switzerland,CHE,1994,1.488,,6993543.0,Europe
51559,Switzerland,CHE,1995,1.478,9.76,7040436.0,Europe
51560,Switzerland,CHE,1996,1.497,,7071835.0,Europe
51561,Switzerland,CHE,1997,1.477,,7089120.0,Europe
51562,Switzerland,CHE,1998,1.469,,7110242.0,Europe
51563,Switzerland,CHE,1999,1.48,,7144067.0,Europe
51564,Switzerland,CHE,2000,1.486,9.59,7183943.0,Europe
51565,Switzerland,CHE,2001,1.388,,7226349.0,Europe
51566,Switzerland,CHE,2002,1.383,,7278704.0,Europe
51567,Switzerland,CHE,2003,1.382,,7333404.0,Europe
51568,Switzerland,CHE,2004,1.409,,7384137.0,Europe
51569,Switzerland,CHE,2005,1.416,10.41,7431778.0,Europe
51570,Switzerland,CHE,2006,1.432,,7478464.0,Europe
51571,Switzerland,CHE,2007,1.452,,7545336.0,Europe
51572,Switzerland,CHE,2008,1.478,,7641679.0,Europe
51573,Switzerland,CHE,2009,1.492,,7737594.0,Europe
51574,Switzerland,CHE,2010,1.517,12.67,7825700.0,Europe
51575,Switzerland,CHE,2011,1.513,,7914333.0,Europe
51576,Switzerland,CHE,2012,1.52,,7998872.0,Europe
51577,Switzerland,CHE,2013,1.514,,8091148.0,Europe
51578,Switzerland,CHE,2014,1.534,,8190179.0,Europe
51579,Switzerland,CHE,2015,1.537,12.79,8283893.0,Europe
51580,Switzerland,CHE,2016,1.54,,8374857.0,Europe
51581,Switzerland,CHE,2017,1.519,,8453574.0,Europe
51582,Switzerland,CHE,2018,1.513,,8516296.0,Europe
51583,Switzerland,CHE,2019,1.478,,8577482.0,Europe
51584,Switzerland,CHE,2020,1.466,12.88,8640538.0,Europe
51779,Syria,SYR,1950,7.618,0.35,3612038.0,Asia
51780,Syria,SYR,1951,7.629,,3684814.0,Asia
51781,Syria,SYR,1952,7.63,,3765198.0,Asia
51782,Syria,SYR,1953,7.626,,3852781.0,Asia
51783,Syria,SYR,1954,7.63,,3947825.0,Asia
51784,Syria,SYR,1955,7.634,0.43,4050552.0,Asia
51785,Syria,SYR,1956,7.594,,4160582.0,Asia
51786,Syria,SYR,1957,7.557,,4277688.0,Asia
51787,Syria,SYR,1958,7.512,,4401949.0,Asia
51788,Syria,SYR,1959,7.506,,4533726.0,Asia
51789,Syria,SYR,1960,7.505,0.58,4673451.0,Asia
51790,Syria,SYR,1961,7.502,,4815408.0,Asia
51791,Syria,SYR,1962,7.51,,4959293.0,Asia
51792,Syria,SYR,1963,7.511,,5110417.0,Asia
51793,Syria,SYR,1964,7.525,,5269049.0,Asia
51794,Syria,SYR,1965,7.532,0.74,5435221.0,Asia
51795,Syria,SYR,1966,7.552,,5609003.0,Asia
51796,Syria,SYR,1967,7.556,,5790144.0,Asia
51797,Syria,SYR,1968,7.569,,5978683.0,Asia
51798,Syria,SYR,1969,7.586,,6175124.0,Asia
51799,Syria,SYR,1970,7.621,1.09,6380563.0,Asia
51800,Syria,SYR,1971,7.6,,6598058.0,Asia
51801,Syria,SYR,1972,7.573,,6825987.0,Asia
51802,Syria,SYR,1973,7.548,,7060276.0,Asia
51803,Syria,SYR,1974,7.52,,7302113.0,Asia
51804,Syria,SYR,1975,7.486,1.61,7554321.0,Asia
51805,Syria,SYR,1976,7.448,,7817258.0,Asia
51806,Syria,SYR,1977,7.418,,8090460.0,Asia
51807,Syria,SYR,1978,7.345,,8372710.0,Asia
51808,Syria,SYR,1979,7.247,,8661867.0,Asia
51809,Syria,SYR,1980,7.119,2.34,8957616.0,Asia
51810,Syria,SYR,1981,6.974,,9260138.0,Asia
51811,Syria,SYR,1982,6.811,,9572473.0,Asia
51812,Syria,SYR,1983,6.692,,9904757.0,Asia
51813,Syria,SYR,1984,6.586,,10258350.0,Asia
51814,Syria,SYR,1985,6.484,3.15,10625629.0,Asia
51815,Syria,SYR,1986,6.365,,11002795.0,Asia
51816,Syria,SYR,1987,6.201,,11388866.0,Asia
51817,Syria,SYR,1988,5.999,,11782217.0,Asia
51818,Syria,SYR,1989,5.777,,12179017.0,Asia
51819,Syria,SYR,1990,5.561,3.74,12579170.0,Asia
51820,Syria,SYR,1991,5.342,,12980777.0,Asia
51821,Syria,SYR,1992,5.141,,13385522.0,Asia
51822,Syria,SYR,1993,4.994,,13795647.0,Asia
51823,Syria,SYR,1994,4.856,,14208530.0,Asia
51824,Syria,SYR,1995,4.697,4.07,14616758.0,Asia
51825,Syria,SYR,1996,4.536,,15018059.0,Asia
51826,Syria,SYR,1997,4.371,,15417488.0,Asia
51827,Syria,SYR,1998,4.25,,15820359.0,Asia
51828,Syria,SYR,1999,4.144,,16228011.0,Asia
51829,Syria,SYR,2000,4.068,4.37,16637829.0,Asia
51830,Syria,SYR,2001,3.976,,17051298.0,Asia
51831,Syria,SYR,2002,3.865,,17468285.0,Asia
51832,Syria,SYR,2003,3.763,,17889248.0,Asia
51833,Syria,SYR,2004,3.679,,18336839.0,Asia
51834,Syria,SYR,2005,3.605,5.59,18814043.0,Asia
51835,Syria,SYR,2006,3.562,,19636966.0,Asia
51836,Syria,SYR,2007,3.538,,20884096.0,Asia
51837,Syria,SYR,2008,3.481,,21636510.0,Asia
51838,Syria,SYR,2009,3.415,,21976919.0,Asia
51839,Syria,SYR,2010,3.355,6.48,22482377.0,Asia
51840,Syria,SYR,2011,3.285,,22878049.0,Asia
51841,Syria,SYR,2012,3.221,,22759716.0,Asia
51842,Syria,SYR,2013,3.165,,21666877.0,Asia
51843,Syria,SYR,2014,3.117,,20273611.0,Asia
51844,Syria,SYR,2015,3.067,6.97,19424567.0,Asia
51845,Syria,SYR,2016,3.012,,19193793.0,Asia
51846,Syria,SYR,2017,2.972,,19224621.0,Asia
51847,Syria,SYR,2018,2.932,,19577802.0,Asia
51848,Syria,SYR,2019,2.878,,20353478.0,Asia
51849,Syria,SYR,2020,2.837,7.6,21049378.0,Asia
52044,Taiwan,TWN,1950,6.481,1.93,7596500.0,Asia
52045,Taiwan,TWN,1951,6.637,,7862760.0,Asia
52046,Taiwan,TWN,1952,6.687,,8148946.0,Asia
52047,Taiwan,TWN,1953,6.681,,8451334.0,Asia
52048,Taiwan,TWN,1954,6.656,,8767725.0,Asia
52049,Taiwan,TWN,1955,6.586,2.19,9104094.0,Asia
52050,Taiwan,TWN,1956,6.489,,9465663.0,Asia
52051,Taiwan,TWN,1957,6.334,,9850485.0,Asia
52052,Taiwan,TWN,1958,6.154,,10246114.0,Asia
52053,Taiwan,TWN,1959,5.942,,10644132.0,Asia
52054,Taiwan,TWN,1960,5.787,2.39,11046219.0,Asia
52055,Taiwan,TWN,1961,5.666,,11453473.0,Asia
52056,Taiwan,TWN,1962,5.535,,11866625.0,Asia
52057,Taiwan,TWN,1963,5.387,,12285681.0,Asia
52058,Taiwan,TWN,1964,5.202,,12706635.0,Asia
52059,Taiwan,TWN,1965,4.994,2.9,13124765.0,Asia
52060,Taiwan,TWN,1966,4.778,,13537665.0,Asia
52061,Taiwan,TWN,1967,4.534,,13901427.0,Asia
52062,Taiwan,TWN,1968,4.37,,14215526.0,Asia
52063,Taiwan,TWN,1969,4.184,,14523548.0,Asia
52064,Taiwan,TWN,1970,3.976,3.9,14815704.0,Asia
52065,Taiwan,TWN,1971,3.723,,15121090.0,Asia
52066,Taiwan,TWN,1972,3.436,,15450573.0,Asia
52067,Taiwan,TWN,1973,3.249,,15772639.0,Asia
52068,Taiwan,TWN,1974,3.089,,16082269.0,Asia
52069,Taiwan,TWN,1975,2.973,5.14,16365221.0,Asia
52070,Taiwan,TWN,1976,3.004,,16671445.0,Asia
52071,Taiwan,TWN,1977,2.738,,17020055.0,Asia
52072,Taiwan,TWN,1978,2.68,,17373683.0,Asia
52073,Taiwan,TWN,1979,2.645,,17735746.0,Asia
52074,Taiwan,TWN,1980,2.53,6.52,18086471.0,Asia
52075,Taiwan,TWN,1981,2.453,,18412786.0,Asia
52076,Taiwan,TWN,1982,2.327,,18723938.0,Asia
52077,Taiwan,TWN,1983,2.179,,19022579.0,Asia
52078,Taiwan,TWN,1984,2.046,,19306717.0,Asia
52079,Taiwan,TWN,1985,1.884,7.51,19571649.0,Asia
52080,Taiwan,TWN,1986,1.72,,19805937.0,Asia
52081,Taiwan,TWN,1987,1.715,,20015775.0,Asia
52082,Taiwan,TWN,1988,1.803,,20223611.0,Asia
52083,Taiwan,TWN,1989,1.743,,20418862.0,Asia
52084,Taiwan,TWN,1990,1.787,8.5,20594854.0,Asia
52085,Taiwan,TWN,1991,1.746,,20781705.0,Asia
52086,Taiwan,TWN,1992,1.744,,20982040.0,Asia
52087,Taiwan,TWN,1993,1.767,,21174631.0,Asia
52088,Taiwan,TWN,1994,1.771,,21357095.0,Asia
52089,Taiwan,TWN,1995,1.782,9.35,21534451.0,Asia
52090,Taiwan,TWN,1996,1.779,,21709218.0,Asia
52091,Taiwan,TWN,1997,1.736,,21885290.0,Asia
52092,Taiwan,TWN,1998,1.541,,22049170.0,Asia
52093,Taiwan,TWN,1999,1.533,,22203728.0,Asia
52094,Taiwan,TWN,2000,1.472,10.1,22332827.0,Asia
52095,Taiwan,TWN,2001,1.404,,22446204.0,Asia
52096,Taiwan,TWN,2002,1.327,,22566847.0,Asia
52097,Taiwan,TWN,2003,1.248,,22664087.0,Asia
52098,Taiwan,TWN,2004,1.185,,22745385.0,Asia
52099,Taiwan,TWN,2005,1.133,11.16,22824882.0,Asia
52100,Taiwan,TWN,2006,1.118,,22914594.0,Asia
52101,Taiwan,TWN,2007,1.102,,23006867.0,Asia
52102,Taiwan,TWN,2008,1.062,,23086191.0,Asia
52103,Taiwan,TWN,2009,1.005,,23164307.0,Asia
52104,Taiwan,TWN,2010,0.916,11.67,23223993.0,Asia
52105,Taiwan,TWN,2011,1.059,,23273026.0,Asia
52106,Taiwan,TWN,2012,1.188,,23345913.0,Asia
52107,Taiwan,TWN,2013,1.13,,23416820.0,Asia
52108,Taiwan,TWN,2014,1.162,,23472755.0,Asia
52109,Taiwan,TWN,2015,1.185,12.33,23529210.0,Asia
52110,Taiwan,TWN,2016,1.171,,23586094.0,Asia
52111,Taiwan,TWN,2017,1.121,,23632907.0,Asia
52112,Taiwan,TWN,2018,1.075,,23659256.0,Asia
52113,Taiwan,TWN,2019,1.045,,23674088.0,Asia
52114,Taiwan,TWN,2020,0.99,12.8,23663407.0,Asia
52309,Tajikistan,TJK,1950,5.609,,1528265.0,Asia
52310,Tajikistan,TJK,1951,5.603,,1588286.0,Asia
52311,Tajikistan,TJK,1952,5.601,,1645546.0,Asia
52312,Tajikistan,TJK,1953,5.66,,1701007.0,Asia
52313,Tajikistan,TJK,1954,5.721,,1755636.0,Asia
52314,Tajikistan,TJK,1955,5.785,,1810187.0,Asia
52315,Tajikistan,TJK,1956,5.847,,1865398.0,Asia
52316,Tajikistan,TJK,1957,5.917,,1922081.0,Asia
52317,Tajikistan,TJK,1958,6.045,,1981619.0,Asia
52318,Tajikistan,TJK,1959,6.131,,2045241.0,Asia
52319,Tajikistan,TJK,1960,6.235,,2112085.0,Asia
52320,Tajikistan,TJK,1961,6.353,,2181766.0,Asia
52321,Tajikistan,TJK,1962,6.479,,2254983.0,Asia
52322,Tajikistan,TJK,1963,6.62,,2331693.0,Asia
52323,Tajikistan,TJK,1964,6.68,,2411211.0,Asia
52324,Tajikistan,TJK,1965,6.743,,2492947.0,Asia
52325,Tajikistan,TJK,1966,6.815,,2577146.0,Asia
52326,Tajikistan,TJK,1967,6.886,,2664089.0,Asia
52327,Tajikistan,TJK,1968,6.912,,2753805.0,Asia
52328,Tajikistan,TJK,1969,6.911,,2845234.0,Asia
52329,Tajikistan,TJK,1970,6.911,,2936745.0,Asia
52330,Tajikistan,TJK,1971,6.911,,3028806.0,Asia
52331,Tajikistan,TJK,1972,6.893,,3123651.0,Asia
52332,Tajikistan,TJK,1973,6.841,,3222244.0,Asia
52333,Tajikistan,TJK,1974,6.772,,3324458.0,Asia
52334,Tajikistan,TJK,1975,6.692,,3430367.0,Asia
52335,Tajikistan,TJK,1976,6.601,,3540035.0,Asia
52336,Tajikistan,TJK,1977,6.494,,3653217.0,Asia
52337,Tajikistan,TJK,1978,6.4,,3768460.0,Asia
52338,Tajikistan,TJK,1979,6.311,,3882643.0,Asia
52339,Tajikistan,TJK,1980,6.212,,3995209.0,Asia
52340,Tajikistan,TJK,1981,6.117,,4108982.0,Asia
52341,Tajikistan,TJK,1982,6.034,,4227131.0,Asia
52342,Tajikistan,TJK,1983,5.981,,4350834.0,Asia
52343,Tajikistan,TJK,1984,5.956,,4479980.0,Asia
52344,Tajikistan,TJK,1985,5.944,,4618964.0,Asia
52345,Tajikistan,TJK,1986,5.906,,4772088.0,Asia
52346,Tajikistan,TJK,1987,5.839,,4939016.0,Asia
52347,Tajikistan,TJK,1988,5.754,,5114938.0,Asia
52348,Tajikistan,TJK,1989,5.609,,5267204.0,Asia
52349,Tajikistan,TJK,1990,5.456,,5398731.0,Asia
52350,Tajikistan,TJK,1991,5.276,,5541146.0,Asia
52351,Tajikistan,TJK,1992,5.056,,5649349.0,Asia
52352,Tajikistan,TJK,1993,4.921,,5724962.0,Asia
52353,Tajikistan,TJK,1994,4.792,,5825325.0,Asia
52354,Tajikistan,TJK,1995,4.664,,5948531.0,Asia
52355,Tajikistan,TJK,1996,3.94,,6066473.0,Asia
52356,Tajikistan,TJK,1997,4.06,,6139771.0,Asia
52357,Tajikistan,TJK,1998,4.07,,6176350.0,Asia
52358,Tajikistan,TJK,1999,3.85,,6208319.0,Asia
52359,Tajikistan,TJK,2000,3.49,,6284683.0,Asia
52360,Tajikistan,TJK,2001,3.49,,6407328.0,Asia
52361,Tajikistan,TJK,2002,3.47,,6531615.0,Asia
52362,Tajikistan,TJK,2003,3.42,,6658521.0,Asia
52363,Tajikistan,TJK,2004,3.507,,6790502.0,Asia
52364,Tajikistan,TJK,2005,3.398,,6924675.0,Asia
52365,Tajikistan,TJK,2006,3.341,,7057521.0,Asia
52366,Tajikistan,TJK,2007,3.367,,7194419.0,Asia
52367,Tajikistan,TJK,2008,3.388,,7338348.0,Asia
52368,Tajikistan,TJK,2009,3.43,,7490173.0,Asia
52369,Tajikistan,TJK,2010,3.457,,7652096.0,Asia
52370,Tajikistan,TJK,2011,3.456,,7824737.0,Asia
52371,Tajikistan,TJK,2012,3.421,,8014037.0,Asia
52372,Tajikistan,TJK,2013,3.433,,8216686.0,Asia
52373,Tajikistan,TJK,2014,3.459,,8425521.0,Asia
52374,Tajikistan,TJK,2015,3.459,10.54,8643796.0,Asia
52375,Tajikistan,TJK,2016,3.384,,8865574.0,Asia
52376,Tajikistan,TJK,2017,3.29,,9085890.0,Asia
52377,Tajikistan,TJK,2018,3.294,,9307292.0,Asia
52378,Tajikistan,TJK,2019,3.281,,9529924.0,Asia
52379,Tajikistan,TJK,2020,3.211,10.68,9749262.0,Asia
52574,Tanzania,TZA,1950,6.182,,7625104.0,Africa
52575,Tanzania,TZA,1951,6.204,,7812924.0,Africa
52576,Tanzania,TZA,1952,6.229,,8009033.0,Africa
52577,Tanzania,TZA,1953,6.248,,8213075.0,Africa
52578,Tanzania,TZA,1954,6.267,,8424745.0,Africa
52579,Tanzania,TZA,1955,6.305,,8644807.0,Africa
52580,Tanzania,TZA,1956,6.364,,8874729.0,Africa
52581,Tanzania,TZA,1957,6.437,,9115747.0,Africa
52582,Tanzania,TZA,1958,6.475,,9367551.0,Africa
52583,Tanzania,TZA,1959,6.501,,9629223.0,Africa
52584,Tanzania,TZA,1960,6.536,,9901365.0,Africa
52585,Tanzania,TZA,1961,6.562,,10187835.0,Africa
52586,Tanzania,TZA,1962,6.605,,10487703.0,Africa
52587,Tanzania,TZA,1963,6.647,,10799479.0,Africa
52588,Tanzania,TZA,1964,6.68,,11127775.0,Africa
52589,Tanzania,TZA,1965,6.727,,11470664.0,Africa
52590,Tanzania,TZA,1966,6.804,,11827409.0,Africa
52591,Tanzania,TZA,1967,6.864,,12200057.0,Africa
52592,Tanzania,TZA,1968,6.9,,12602028.0,Africa
52593,Tanzania,TZA,1969,6.954,,13036661.0,Africa
52594,Tanzania,TZA,1970,7.001,,13492620.0,Africa
52595,Tanzania,TZA,1971,7.044,,13971404.0,Africa
52596,Tanzania,TZA,1972,7.052,,14479267.0,Africa
52597,Tanzania,TZA,1973,7.062,,15010051.0,Africa
52598,Tanzania,TZA,1974,7.123,,15561576.0,Africa
52599,Tanzania,TZA,1975,7.101,,16138309.0,Africa
52600,Tanzania,TZA,1976,7.086,,16736161.0,Africa
52601,Tanzania,TZA,1977,7.072,,17352887.0,Africa
52602,Tanzania,TZA,1978,7.06,,17976524.0,Africa
52603,Tanzania,TZA,1979,7.043,,18591993.0,Africa
52604,Tanzania,TZA,1980,6.991,,19189712.0,Africa
52605,Tanzania,TZA,1981,6.93,,19784665.0,Africa
52606,Tanzania,TZA,1982,6.868,,20398524.0,Africa
52607,Tanzania,TZA,1983,6.805,,21079828.0,Africa
52608,Tanzania,TZA,1984,6.715,,21779010.0,Africa
52609,Tanzania,TZA,1985,6.598,,22501649.0,Africa
52610,Tanzania,TZA,1986,6.488,,23258913.0,Africa
52611,Tanzania,TZA,1987,6.406,,24030329.0,Africa
52612,Tanzania,TZA,1988,6.379,,24769647.0,Africa
52613,Tanzania,TZA,1989,6.303,,25438705.0,Africa
52614,Tanzania,TZA,1990,6.201,,26110150.0,Africa
52615,Tanzania,TZA,1991,6.135,,26780391.0,Africa
52616,Tanzania,TZA,1992,6.078,,27457553.0,Africa
52617,Tanzania,TZA,1993,5.997,,28332637.0,Africa
52618,Tanzania,TZA,1994,5.894,,29442315.0,Africa
52619,Tanzania,TZA,1995,5.822,,30383451.0,Africa
52620,Tanzania,TZA,1996,5.826,,30945706.0,Africa
52621,Tanzania,TZA,1997,5.836,,31578042.0,Africa
52622,Tanzania,TZA,1998,5.811,,32420413.0,Africa
52623,Tanzania,TZA,1999,5.747,,33300297.0,Africa
52624,Tanzania,TZA,2000,5.67,,34260098.0,Africa
52625,Tanzania,TZA,2001,5.617,,35198252.0,Africa
52626,Tanzania,TZA,2002,5.57,,36121250.0,Africa
52627,Tanzania,TZA,2003,5.578,,37089505.0,Africa
52628,Tanzania,TZA,2004,5.597,,38109614.0,Africa
52629,Tanzania,TZA,2005,5.579,,39182037.0,Africa
52630,Tanzania,TZA,2006,5.511,,40294845.0,Africa
52631,Tanzania,TZA,2007,5.403,,41435458.0,Africa
52632,Tanzania,TZA,2008,5.324,,42570675.0,Africa
52633,Tanzania,TZA,2009,5.26,,43633923.0,Africa
52634,Tanzania,TZA,2010,5.225,,44758438.0,Africa
52635,Tanzania,TZA,2011,5.141,,46029314.0,Africa
52636,Tanzania,TZA,2012,5.137,,47374207.0,Africa
52637,Tanzania,TZA,2013,5.156,,48824088.0,Africa
52638,Tanzania,TZA,2014,5.122,,50351462.0,Africa
52639,Tanzania,TZA,2015,5.025,6.21,52020910.0,Africa
52640,Tanzania,TZA,2016,5.006,,53823964.0,Africa
52641,Tanzania,TZA,2017,4.988,,55652838.0,Africa
52642,Tanzania,TZA,2018,4.932,,57437090.0,Africa
52643,Tanzania,TZA,2019,4.866,,59174848.0,Africa
52644,Tanzania,TZA,2020,4.801,6.75,60972752.0,Africa
52839,Thailand,THA,1950,6.359,1.66,20428361.0,Asia
52840,Thailand,THA,1951,6.384,,20965131.0,Asia
52841,Thailand,THA,1952,6.396,,21527526.0,Asia
52842,Thailand,THA,1953,6.416,,22109280.0,Asia
52843,Thailand,THA,1954,6.408,,22713296.0,Asia
52844,Thailand,THA,1955,6.391,1.97,23343130.0,Asia
52845,Thailand,THA,1956,6.373,,23997214.0,Asia
52846,Thailand,THA,1957,6.355,,24674780.0,Asia
52847,Thailand,THA,1958,6.345,,25366957.0,Asia
52848,Thailand,THA,1959,6.332,,26087970.0,Asia
52849,Thailand,THA,1960,6.325,2.23,26851697.0,Asia
52850,Thailand,THA,1961,6.324,,27650280.0,Asia
52851,Thailand,THA,1962,6.331,,28480998.0,Asia
52852,Thailand,THA,1963,6.342,,29342265.0,Asia
52853,Thailand,THA,1964,6.309,,30232087.0,Asia
52854,Thailand,THA,1965,6.258,2.01,31149288.0,Asia
52855,Thailand,THA,1966,6.182,,32086029.0,Asia
52856,Thailand,THA,1967,6.077,,33037740.0,Asia
52857,Thailand,THA,1968,5.928,,34002512.0,Asia
52858,Thailand,THA,1969,5.704,,34973741.0,Asia
52859,Thailand,THA,1970,5.452,2.41,35954351.0,Asia
52860,Thailand,THA,1971,5.253,,36937346.0,Asia
52861,Thailand,THA,1972,5.077,,37933883.0,Asia
52862,Thailand,THA,1973,4.845,,38947738.0,Asia
52863,Thailand,THA,1974,4.598,,39952848.0,Asia
52864,Thailand,THA,1975,4.364,2.9,40939945.0,Asia
52865,Thailand,THA,1976,4.119,,41896460.0,Asia
52866,Thailand,THA,1977,3.865,,42843925.0,Asia
52867,Thailand,THA,1978,3.617,,43788931.0,Asia
52868,Thailand,THA,1979,3.451,,44718383.0,Asia
52869,Thailand,THA,1980,3.293,3.59,45649981.0,Asia
52870,Thailand,THA,1981,3.127,,46575803.0,Asia
52871,Thailand,THA,1982,2.943,,47494539.0,Asia
52872,Thailand,THA,1983,2.755,,48423256.0,Asia
52873,Thailand,THA,1984,2.582,,49351665.0,Asia
52874,Thailand,THA,1985,2.45,4.2,50270704.0,Asia
52875,Thailand,THA,1986,2.358,,51177780.0,Asia
52876,Thailand,THA,1987,2.255,,52074054.0,Asia
52877,Thailand,THA,1988,2.171,,52969542.0,Asia
52878,Thailand,THA,1989,2.136,,53848913.0,Asia
52879,Thailand,THA,1990,2.065,5.02,54738282.0,Asia
52880,Thailand,THA,1991,2.036,,55637391.0,Asia
52881,Thailand,THA,1992,2.008,,56528779.0,Asia
52882,Thailand,THA,1993,1.967,,57408155.0,Asia
52883,Thailand,THA,1994,1.928,,58260809.0,Asia
52884,Thailand,THA,1995,1.888,5.48,59098195.0,Asia
52885,Thailand,THA,1996,1.865,,59920009.0,Asia
52886,Thailand,THA,1997,1.845,,60724538.0,Asia
52887,Thailand,THA,1998,1.815,,61522574.0,Asia
52888,Thailand,THA,1999,1.768,,62298991.0,Asia
52889,Thailand,THA,2000,1.734,5.89,63007767.0,Asia
52890,Thailand,THA,2001,1.711,,63651090.0,Asia
52891,Thailand,THA,2002,1.688,,64266381.0,Asia
52892,Thailand,THA,2003,1.673,,64868110.0,Asia
52893,Thailand,THA,2004,1.665,,65451997.0,Asia
52894,Thailand,THA,2005,1.644,7.3,66017363.0,Asia
52895,Thailand,THA,2006,1.631,,66567647.0,Asia
52896,Thailand,THA,2007,1.616,,67102346.0,Asia
52897,Thailand,THA,2008,1.587,,67619781.0,Asia
52898,Thailand,THA,2009,1.565,,68121030.0,Asia
52899,Thailand,THA,2010,1.562,8.45,68579392.0,Asia
52900,Thailand,THA,2011,1.571,,69007158.0,Asia
52901,Thailand,THA,2012,1.563,,69436048.0,Asia
52902,Thailand,THA,2013,1.526,,69845062.0,Asia
52903,Thailand,THA,2014,1.484,,70216319.0,Asia
52904,Thailand,THA,2015,1.451,8.72,70540737.0,Asia
52905,Thailand,THA,2016,1.4,,70859797.0,Asia
52906,Thailand,THA,2017,1.363,,71160146.0,Asia
52907,Thailand,THA,2018,1.323,,71376039.0,Asia
52908,Thailand,THA,2019,1.285,,71522216.0,Asia
52909,Thailand,THA,2020,1.259,9.36,71641437.0,Asia
53104,Togo,TGO,1950,6.598,0.11,1399556.0,Africa
53105,Togo,TGO,1951,6.62,,1424357.0,Africa
53106,Togo,TGO,1952,6.642,,1449880.0,Africa
53107,Togo,TGO,1953,6.652,,1476023.0,Africa
53108,Togo,TGO,1954,6.661,,1502718.0,Africa
53109,Togo,TGO,1955,6.665,0.14,1529892.0,Africa
53110,Togo,TGO,1956,6.691,,1557595.0,Africa
53111,Togo,TGO,1957,6.711,,1585837.0,Africa
53112,Togo,TGO,1958,6.732,,1614584.0,Africa
53113,Togo,TGO,1959,6.765,,1643713.0,Africa
53114,Togo,TGO,1960,6.797,0.19,1673073.0,Africa
53115,Togo,TGO,1961,6.821,,1702667.0,Africa
53116,Togo,TGO,1962,6.857,,1732917.0,Africa
53117,Togo,TGO,1963,6.893,,1765028.0,Africa
53118,Togo,TGO,1964,6.916,,1803400.0,Africa
53119,Togo,TGO,1965,6.937,0.25,1853721.0,Africa
53120,Togo,TGO,1966,6.956,,1918467.0,Africa
53121,Togo,TGO,1967,6.959,,1995845.0,Africa
53122,Togo,TGO,1968,6.97,,2080188.0,Africa
53123,Togo,TGO,1969,7.015,,2164784.0,Africa
53124,Togo,TGO,1970,7.035,0.4,2244732.0,Africa
53125,Togo,TGO,1971,7.064,,2317941.0,Africa
53126,Togo,TGO,1972,7.069,,2384954.0,Africa
53127,Togo,TGO,1973,7.081,,2448717.0,Africa
53128,Togo,TGO,1974,7.09,,2511715.0,Africa
53129,Togo,TGO,1975,7.088,1.01,2574588.0,Africa
53130,Togo,TGO,1976,7.063,,2637749.0,Africa
53131,Togo,TGO,1977,7.025,,2701851.0,Africa
53132,Togo,TGO,1978,6.983,,2768101.0,Africa
53133,Togo,TGO,1979,6.935,,2839808.0,Africa
53134,Togo,TGO,1980,6.876,1.64,2920854.0,Africa
53135,Togo,TGO,1981,6.809,,3012989.0,Africa
53136,Togo,TGO,1982,6.725,,3114987.0,Africa
53137,Togo,TGO,1983,6.633,,3222849.0,Africa
53138,Togo,TGO,1984,6.542,,3332791.0,Africa
53139,Togo,TGO,1985,6.457,2.15,3441058.0,Africa
53140,Togo,TGO,1986,6.382,,3547910.0,Africa
53141,Togo,TGO,1987,6.304,,3657474.0,Africa
53142,Togo,TGO,1988,6.228,,3769711.0,Africa
53143,Togo,TGO,1989,6.149,,3883375.0,Africa
53144,Togo,TGO,1990,6.067,2.72,3998711.0,Africa
53145,Togo,TGO,1991,5.987,,4115519.0,Africa
53146,Togo,TGO,1992,5.886,,4233571.0,Africa
53147,Togo,TGO,1993,5.782,,4207411.0,Africa
53148,Togo,TGO,1994,5.672,,4222903.0,Africa
53149,Togo,TGO,1995,5.565,3.09,4410784.0,Africa
53150,Togo,TGO,1996,5.459,,4577814.0,Africa
53151,Togo,TGO,1997,5.363,,4724988.0,Africa
53152,Togo,TGO,1998,5.288,,4860872.0,Africa
53153,Togo,TGO,1999,5.226,,5000229.0,Africa
53154,Togo,TGO,2000,5.165,3.49,5139999.0,Africa
53155,Togo,TGO,2001,5.128,,5277338.0,Africa
53156,Togo,TGO,2002,5.092,,5413233.0,Africa
53157,Togo,TGO,2003,5.048,,5552120.0,Africa
53158,Togo,TGO,2004,4.995,,5696467.0,Africa
53159,Togo,TGO,2005,5.038,3.99,5844590.0,Africa
53160,Togo,TGO,2006,5.076,,6010623.0,Africa
53161,Togo,TGO,2007,5.102,,6188301.0,Africa
53162,Togo,TGO,2008,5.1,,6368770.0,Africa
53163,Togo,TGO,2009,5.104,,6551820.0,Africa
53164,Togo,TGO,2010,5.087,4.75,6732545.0,Africa
53165,Togo,TGO,2011,4.984,,6916427.0,Africa
53166,Togo,TGO,2012,4.854,,7100693.0,Africa
53167,Togo,TGO,2013,4.754,,7285399.0,Africa
53168,Togo,TGO,2014,4.702,,7472415.0,Africa
53169,Togo,TGO,2015,4.662,5.59,7663160.0,Africa
53170,Togo,TGO,2016,4.634,,7858247.0,Africa
53171,Togo,TGO,2017,4.576,,8057086.0,Africa
53172,Togo,TGO,2018,4.513,,8258739.0,Africa
53173,Togo,TGO,2019,4.45,,8463021.0,Africa
53174,Togo,TGO,2020,4.386,6.53,8669667.0,Africa
53369,Tokelau,TKL,1950,5.118,,1581.0,Oceania
53370,Tokelau,TKL,1951,5.221,,1548.0,Oceania
53371,Tokelau,TKL,1952,5.308,,1544.0,Oceania
53372,Tokelau,TKL,1953,5.381,,1558.0,Oceania
53373,Tokelau,TKL,1954,5.392,,1580.0,Oceania
53374,Tokelau,TKL,1955,5.497,,1582.0,Oceania
53375,Tokelau,TKL,1956,5.6,,1589.0,Oceania
53376,Tokelau,TKL,1957,5.625,,1613.0,Oceania
53377,Tokelau,TKL,1958,5.668,,1659.0,Oceania
53378,Tokelau,TKL,1959,5.706,,1708.0,Oceania
53379,Tokelau,TKL,1960,5.728,,1764.0,Oceania
53380,Tokelau,TKL,1961,5.717,,1819.0,Oceania
53381,Tokelau,TKL,1962,5.692,,1843.0,Oceania
53382,Tokelau,TKL,1963,5.657,,1860.0,Oceania
53383,Tokelau,TKL,1964,5.621,,1868.0,Oceania
53384,Tokelau,TKL,1965,5.552,,1880.0,Oceania
53385,Tokelau,TKL,1966,5.462,,1878.0,Oceania
53386,Tokelau,TKL,1967,5.369,,1860.0,Oceania
53387,Tokelau,TKL,1968,5.27,,1811.0,Oceania
53388,Tokelau,TKL,1969,5.162,,1764.0,Oceania
53389,Tokelau,TKL,1970,5.037,,1716.0,Oceania
53390,Tokelau,TKL,1971,4.926,,1656.0,Oceania
53391,Tokelau,TKL,1972,4.804,,1638.0,Oceania
53392,Tokelau,TKL,1973,4.656,,1633.0,Oceania
53393,Tokelau,TKL,1974,4.517,,1630.0,Oceania
53394,Tokelau,TKL,1975,4.41,,1629.0,Oceania
53395,Tokelau,TKL,1976,4.317,,1624.0,Oceania
53396,Tokelau,TKL,1977,4.223,,1637.0,Oceania
53397,Tokelau,TKL,1978,4.157,,1648.0,Oceania
53398,Tokelau,TKL,1979,4.097,,1651.0,Oceania
53399,Tokelau,TKL,1980,4.079,,1644.0,Oceania
53400,Tokelau,TKL,1981,4.059,,1643.0,Oceania
53401,Tokelau,TKL,1982,4.055,,1652.0,Oceania
53402,Tokelau,TKL,1983,4.092,,1680.0,Oceania
53403,Tokelau,TKL,1984,4.146,,1720.0,Oceania
53404,Tokelau,TKL,1985,4.194,,1750.0,Oceania
53405,Tokelau,TKL,1986,4.259,,1773.0,Oceania
53406,Tokelau,TKL,1987,4.325,,1764.0,Oceania
53407,Tokelau,TKL,1988,4.417,,1754.0,Oceania
53408,Tokelau,TKL,1989,4.507,,1747.0,Oceania
53409,Tokelau,TKL,1990,4.564,,1754.0,Oceania
53410,Tokelau,TKL,1991,4.598,,1755.0,Oceania
53411,Tokelau,TKL,1992,4.606,,1761.0,Oceania
53412,Tokelau,TKL,1993,4.579,,1762.0,Oceania
53413,Tokelau,TKL,1994,4.521,,1752.0,Oceania
53414,Tokelau,TKL,1995,4.468,,1757.0,Oceania
53415,Tokelau,TKL,1996,4.381,,1758.0,Oceania
53416,Tokelau,TKL,1997,4.267,,1768.0,Oceania
53417,Tokelau,TKL,1998,4.137,,1783.0,Oceania
53418,Tokelau,TKL,1999,3.996,,1810.0,Oceania
53419,Tokelau,TKL,2000,3.823,,1825.0,Oceania
53420,Tokelau,TKL,2001,3.672,,1851.0,Oceania
53421,Tokelau,TKL,2002,3.57,,1819.0,Oceania
53422,Tokelau,TKL,2003,3.514,,1751.0,Oceania
53423,Tokelau,TKL,2004,3.47,,1677.0,Oceania
53424,Tokelau,TKL,2005,3.44,,1614.0,Oceania
53425,Tokelau,TKL,2006,3.42,,1557.0,Oceania
53426,Tokelau,TKL,2007,3.4,,1538.0,Oceania
53427,Tokelau,TKL,2008,3.378,,1548.0,Oceania
53428,Tokelau,TKL,2009,3.342,,1564.0,Oceania
53429,Tokelau,TKL,2010,3.249,,1582.0,Oceania
53430,Tokelau,TKL,2011,3.164,,1590.0,Oceania
53431,Tokelau,TKL,2012,3.095,,1651.0,Oceania
53432,Tokelau,TKL,2013,3.042,,1721.0,Oceania
53433,Tokelau,TKL,2014,2.987,,1714.0,Oceania
53434,Tokelau,TKL,2015,2.924,,1676.0,Oceania
53435,Tokelau,TKL,2016,2.864,,1662.0,Oceania
53436,Tokelau,TKL,2017,2.811,,1721.0,Oceania
53437,Tokelau,TKL,2018,2.777,,1860.0,Oceania
53438,Tokelau,TKL,2019,2.745,,2002.0,Oceania
53439,Tokelau,TKL,2020,2.711,,2113.0,Oceania
53448,Tonga,TON,1950,6.699,,49640.0,Oceania
53449,Tonga,TON,1951,6.69,,50930.0,Oceania
53450,Tonga,TON,1952,6.692,,52328.0,Oceania
53451,Tonga,TON,1953,6.702,,53848.0,Oceania
53452,Tonga,TON,1954,6.696,,55499.0,Oceania
53453,Tonga,TON,1955,6.683,,57236.0,Oceania
53454,Tonga,TON,1956,6.663,,59071.0,Oceania
53455,Tonga,TON,1957,6.652,,60861.0,Oceania
53456,Tonga,TON,1958,6.648,,62555.0,Oceania
53457,Tonga,TON,1959,6.644,,64328.0,Oceania
53458,Tonga,TON,1960,6.651,,66138.0,Oceania
53459,Tonga,TON,1961,6.61,,68011.0,Oceania
53460,Tonga,TON,1962,6.571,,69909.0,Oceania
53461,Tonga,TON,1963,6.517,,71856.0,Oceania
53462,Tonga,TON,1964,6.464,,73847.0,Oceania
53463,Tonga,TON,1965,6.408,,75891.0,Oceania
53464,Tonga,TON,1966,6.349,,77969.0,Oceania
53465,Tonga,TON,1967,6.293,,79789.0,Oceania
53466,Tonga,TON,1968,6.226,,81333.0,Oceania
53467,Tonga,TON,1969,6.166,,82871.0,Oceania
53468,Tonga,TON,1970,6.071,,84369.0,Oceania
53469,Tonga,TON,1971,5.958,,85878.0,Oceania
53470,Tonga,TON,1972,5.862,,87317.0,Oceania
53471,Tonga,TON,1973,5.801,,88765.0,Oceania
53472,Tonga,TON,1974,5.765,,90654.0,Oceania
53473,Tonga,TON,1975,5.746,,92987.0,Oceania
53474,Tonga,TON,1976,5.726,,95293.0,Oceania
53475,Tonga,TON,1977,5.699,,96699.0,Oceania
53476,Tonga,TON,1978,5.684,,97176.0,Oceania
53477,Tonga,TON,1979,5.647,,97517.0,Oceania
53478,Tonga,TON,1980,5.599,,97741.0,Oceania
53479,Tonga,TON,1981,5.554,,97886.0,Oceania
53480,Tonga,TON,1982,5.497,,97951.0,Oceania
53481,Tonga,TON,1983,5.45,,97971.0,Oceania
53482,Tonga,TON,1984,5.407,,97957.0,Oceania
53483,Tonga,TON,1985,5.344,,97960.0,Oceania
53484,Tonga,TON,1986,5.273,,97979.0,Oceania
53485,Tonga,TON,1987,5.192,,98356.0,Oceania
53486,Tonga,TON,1988,5.103,,98944.0,Oceania
53487,Tonga,TON,1989,5.006,,99369.0,Oceania
53488,Tonga,TON,1990,4.929,,99666.0,Oceania
53489,Tonga,TON,1991,4.852,,99865.0,Oceania
53490,Tonga,TON,1992,4.787,,100000.0,Oceania
53491,Tonga,TON,1993,4.726,,100077.0,Oceania
53492,Tonga,TON,1994,4.658,,100140.0,Oceania
53493,Tonga,TON,1995,4.563,,100194.0,Oceania
53494,Tonga,TON,1996,4.455,,100242.0,Oceania
53495,Tonga,TON,1997,4.378,,100661.0,Oceania
53496,Tonga,TON,1998,4.309,,101365.0,Oceania
53497,Tonga,TON,1999,4.228,,102016.0,Oceania
53498,Tonga,TON,2000,4.159,,102653.0,Oceania
53499,Tonga,TON,2001,4.127,,103260.0,Oceania
53500,Tonga,TON,2002,4.138,,103834.0,Oceania
53501,Tonga,TON,2003,4.175,,104427.0,Oceania
53502,Tonga,TON,2004,4.186,,105043.0,Oceania
53503,Tonga,TON,2005,4.195,,105633.0,Oceania
53504,Tonga,TON,2006,4.141,,106220.0,Oceania
53505,Tonga,TON,2007,4.086,,106693.0,Oceania
53506,Tonga,TON,2008,4.012,,106992.0,Oceania
53507,Tonga,TON,2009,3.946,,107176.0,Oceania
53508,Tonga,TON,2010,3.879,,107366.0,Oceania
53509,Tonga,TON,2011,3.829,,107533.0,Oceania
53510,Tonga,TON,2012,3.768,,107425.0,Oceania
53511,Tonga,TON,2013,3.696,,107037.0,Oceania
53512,Tonga,TON,2014,3.619,,106586.0,Oceania
53513,Tonga,TON,2015,3.54,11.3,106055.0,Oceania
53514,Tonga,TON,2016,3.463,,105490.0,Oceania
53515,Tonga,TON,2017,3.388,,105330.0,Oceania
53516,Tonga,TON,2018,3.326,,105543.0,Oceania
53517,Tonga,TON,2019,3.274,,105643.0,Oceania
53518,Tonga,TON,2020,3.234,11.49,105673.0,Oceania
53704,Trinidad and Tobago,TTO,1950,5.182,4.95,648729.0,North America
53705,Trinidad and Tobago,TTO,1951,5.214,,665703.0,North America
53706,Trinidad and Tobago,TTO,1952,5.244,,683396.0,North America
53707,Trinidad and Tobago,TTO,1953,5.279,,701821.0,North America
53708,Trinidad and Tobago,TTO,1954,5.343,,721110.0,North America
53709,Trinidad and Tobago,TTO,1955,5.349,5.15,741203.0,North America
53710,Trinidad and Tobago,TTO,1956,5.266,,761657.0,North America
53711,Trinidad and Tobago,TTO,1957,5.279,,782463.0,North America
53712,Trinidad and Tobago,TTO,1958,5.298,,803789.0,North America
53713,Trinidad and Tobago,TTO,1959,5.348,,824972.0,North America
53714,Trinidad and Tobago,TTO,1960,5.405,5.52,844903.0,North America
53715,Trinidad and Tobago,TTO,1961,5.405,,863101.0,North America
53716,Trinidad and Tobago,TTO,1962,5.358,,880153.0,North America
53717,Trinidad and Tobago,TTO,1963,5.242,,896765.0,North America
53718,Trinidad and Tobago,TTO,1964,5.081,,912928.0,North America
53719,Trinidad and Tobago,TTO,1965,4.88,5.84,928394.0,North America
53720,Trinidad and Tobago,TTO,1966,4.62,,942897.0,North America
53721,Trinidad and Tobago,TTO,1967,4.35,,956386.0,North America
53722,Trinidad and Tobago,TTO,1968,4.106,,968956.0,North America
53723,Trinidad and Tobago,TTO,1969,3.856,,980660.0,North America
53724,Trinidad and Tobago,TTO,1970,3.709,6.33,991441.0,North America
53725,Trinidad and Tobago,TTO,1971,3.612,,1002549.0,North America
53726,Trinidad and Tobago,TTO,1972,3.551,,1014867.0,North America
53727,Trinidad and Tobago,TTO,1973,3.466,,1027803.0,North America
53728,Trinidad and Tobago,TTO,1974,3.319,,1040719.0,North America
53729,Trinidad and Tobago,TTO,1975,3.214,6.9,1053421.0,North America
53730,Trinidad and Tobago,TTO,1976,3.138,,1066261.0,North America
53731,Trinidad and Tobago,TTO,1977,3.121,,1079510.0,North America
53732,Trinidad and Tobago,TTO,1978,3.129,,1093341.0,North America
53733,Trinidad and Tobago,TTO,1979,3.126,,1107595.0,North America
53734,Trinidad and Tobago,TTO,1980,3.145,7.59,1121697.0,North America
53735,Trinidad and Tobago,TTO,1981,3.133,,1135095.0,North America
53736,Trinidad and Tobago,TTO,1982,3.108,,1147881.0,North America
53737,Trinidad and Tobago,TTO,1983,3.07,,1160489.0,North America
53738,Trinidad and Tobago,TTO,1984,3.017,,1172927.0,North America
53739,Trinidad and Tobago,TTO,1985,2.988,8.11,1187321.0,North America
53740,Trinidad and Tobago,TTO,1986,2.903,,1203085.0,North America
53741,Trinidad and Tobago,TTO,1987,2.775,,1217320.0,North America
53742,Trinidad and Tobago,TTO,1988,2.646,,1230022.0,North America
53743,Trinidad and Tobago,TTO,1989,2.526,,1241570.0,North America
53744,Trinidad and Tobago,TTO,1990,2.394,8.65,1252162.0,North America
53745,Trinidad and Tobago,TTO,1991,2.29,,1262128.0,North America
53746,Trinidad and Tobago,TTO,1992,2.213,,1271625.0,North America
53747,Trinidad and Tobago,TTO,1993,2.129,,1280417.0,North America
53748,Trinidad and Tobago,TTO,1994,2.064,,1288301.0,North America
53749,Trinidad and Tobago,TTO,1995,1.967,9.21,1295122.0,North America
53750,Trinidad and Tobago,TTO,1996,1.894,,1300883.0,North America
53751,Trinidad and Tobago,TTO,1997,1.831,,1305786.0,North America
53752,Trinidad and Tobago,TTO,1998,1.784,,1310176.0,North America
53753,Trinidad and Tobago,TTO,1999,1.76,,1314664.0,North America
53754,Trinidad and Tobago,TTO,2000,1.732,9.76,1319730.0,North America
53755,Trinidad and Tobago,TTO,2001,1.705,,1325528.0,North America
53756,Trinidad and Tobago,TTO,2002,1.672,,1331963.0,North America
53757,Trinidad and Tobago,TTO,2003,1.648,,1338674.0,North America
53758,Trinidad and Tobago,TTO,2004,1.627,,1345344.0,North America
53759,Trinidad and Tobago,TTO,2005,1.625,10.34,1351993.0,North America
53760,Trinidad and Tobago,TTO,2006,1.624,,1358660.0,North America
53761,Trinidad and Tobago,TTO,2007,1.622,,1365342.0,North America
53762,Trinidad and Tobago,TTO,2008,1.617,,1372044.0,North America
53763,Trinidad and Tobago,TTO,2009,1.618,,1379001.0,North America
53764,Trinidad and Tobago,TTO,2010,1.614,11.03,1386606.0,North America
53765,Trinidad and Tobago,TTO,2011,1.611,,1394948.0,North America
53766,Trinidad and Tobago,TTO,2012,1.609,,1403767.0,North America
53767,Trinidad and Tobago,TTO,2013,1.603,,1412610.0,North America
53768,Trinidad and Tobago,TTO,2014,1.602,,1421085.0,North America
53769,Trinidad and Tobago,TTO,2015,1.598,11.08,1429148.0,North America
53770,Trinidad and Tobago,TTO,2016,1.601,,1436989.0,North America
53771,Trinidad and Tobago,TTO,2017,1.594,,1445217.0,North America
53772,Trinidad and Tobago,TTO,2018,1.588,,1470471.0,North America
53773,Trinidad and Tobago,TTO,2019,1.578,,1484843.0,North America
53774,Trinidad and Tobago,TTO,2020,1.572,11.39,1480979.0,North America
53950,Tunisia,TUN,1950,6.68,0.32,3608948.0,Africa
53951,Tunisia,TUN,1951,6.739,,3682051.0,Africa
53952,Tunisia,TUN,1952,6.804,,3758133.0,Africa
53953,Tunisia,TUN,1953,6.866,,3837355.0,Africa
53954,Tunisia,TUN,1954,6.93,,3919480.0,Africa
53955,Tunisia,TUN,1955,6.973,0.37,4005088.0,Africa
53956,Tunisia,TUN,1956,7.016,,4082553.0,Africa
53957,Tunisia,TUN,1957,7.063,,4136556.0,Africa
53958,Tunisia,TUN,1958,7.106,,4177663.0,Africa
53959,Tunisia,TUN,1959,7.15,,4220851.0,Africa
53960,Tunisia,TUN,1960,7.157,0.44,4267245.0,Africa
53961,Tunisia,TUN,1961,7.159,,4316241.0,Africa
53962,Tunisia,TUN,1962,7.168,,4369097.0,Africa
53963,Tunisia,TUN,1963,7.17,,4427084.0,Africa
53964,Tunisia,TUN,1964,7.166,,4489825.0,Africa
53965,Tunisia,TUN,1965,7.113,0.72,4561349.0,Africa
53966,Tunisia,TUN,1966,7.055,,4652243.0,Africa
53967,Tunisia,TUN,1967,6.952,,4760918.0,Africa
53968,Tunisia,TUN,1968,6.806,,4879864.0,Africa
53969,Tunisia,TUN,1969,6.623,,5004657.0,Africa
53970,Tunisia,TUN,1970,6.426,1.1,5131336.0,Africa
53971,Tunisia,TUN,1971,6.29,,5261600.0,Africa
53972,Tunisia,TUN,1972,6.187,,5396520.0,Africa
53973,Tunisia,TUN,1973,6.12,,5537204.0,Africa
53974,Tunisia,TUN,1974,6.048,,5684633.0,Africa
53975,Tunisia,TUN,1975,5.972,1.71,5839207.0,Africa
53976,Tunisia,TUN,1976,5.873,,5996939.0,Africa
53977,Tunisia,TUN,1977,5.681,,6155878.0,Africa
53978,Tunisia,TUN,1978,5.401,,6309337.0,Africa
53979,Tunisia,TUN,1979,5.184,,6456365.0,Africa
53980,Tunisia,TUN,1980,5.033,2.32,6606149.0,Africa
53981,Tunisia,TUN,1981,5.023,,6758245.0,Africa
53982,Tunisia,TUN,1982,4.89,,6908597.0,Africa
53983,Tunisia,TUN,1983,4.771,,7053746.0,Africa
53984,Tunisia,TUN,1984,4.664,,7220002.0,Africa
53985,Tunisia,TUN,1985,4.521,2.76,7409853.0,Africa
53986,Tunisia,TUN,1986,4.361,,7600254.0,Africa
53987,Tunisia,TUN,1987,4.104,,7789942.0,Africa
53988,Tunisia,TUN,1988,3.833,,7974393.0,Africa
53989,Tunisia,TUN,1989,3.569,,8151614.0,Africa
53990,Tunisia,TUN,1990,3.441,3.53,8324459.0,Africa
53991,Tunisia,TUN,1991,3.31,,8501781.0,Africa
53992,Tunisia,TUN,1992,3.189,,8682454.0,Africa
53993,Tunisia,TUN,1993,3.058,,8857863.0,Africa
53994,Tunisia,TUN,1994,2.874,,9018389.0,Africa
53995,Tunisia,TUN,1995,2.67,4.41,9161208.0,Africa
53996,Tunisia,TUN,1996,2.488,,9294385.0,Africa
53997,Tunisia,TUN,1997,2.338,,9421219.0,Africa
53998,Tunisia,TUN,1998,2.197,,9541629.0,Africa
53999,Tunisia,TUN,1999,2.082,,9655915.0,Africa
54000,Tunisia,TUN,2000,2.025,5.37,9764887.0,Africa
54001,Tunisia,TUN,2001,1.975,,9869638.0,Africa
54002,Tunisia,TUN,2002,1.941,,9971483.0,Africa
54003,Tunisia,TUN,2003,1.956,,10071594.0,Africa
54004,Tunisia,TUN,2004,1.95,,10166114.0,Africa
54005,Tunisia,TUN,2005,1.953,6.43,10255431.0,Africa
54006,Tunisia,TUN,2006,1.952,,10346362.0,Africa
54007,Tunisia,TUN,2007,1.957,,10441654.0,Africa
54008,Tunisia,TUN,2008,1.975,,10542588.0,Africa
54009,Tunisia,TUN,2009,2.004,,10650632.0,Africa
54010,Tunisia,TUN,2010,2.075,7.44,10765930.0,Africa
54011,Tunisia,TUN,2011,2.189,,10885997.0,Africa
54012,Tunisia,TUN,2012,2.277,,11009606.0,Africa
54013,Tunisia,TUN,2013,2.31,,11141316.0,Africa
54014,Tunisia,TUN,2014,2.316,,11274241.0,Africa
54015,Tunisia,TUN,2015,2.306,8.14,11402217.0,Africa
54016,Tunisia,TUN,2016,2.275,,11528628.0,Africa
54017,Tunisia,TUN,2017,2.205,,11650449.0,Africa
54018,Tunisia,TUN,2018,2.133,,11765461.0,Africa
54019,Tunisia,TUN,2019,2.1,,11875033.0,Africa
54020,Tunisia,TUN,2020,2.0,8.94,11974015.0,Africa
54215,Turkey,TUR,1950,6.468,0.66,21021088.0,Asia
54216,Turkey,TUR,1951,6.468,,21643819.0,Asia
54217,Turkey,TUR,1952,6.47,,22290049.0,Asia
54218,Turkey,TUR,1953,6.477,,22958508.0,Asia
54219,Turkey,TUR,1954,6.468,,23636059.0,Asia
54220,Turkey,TUR,1955,6.463,0.83,24310462.0,Asia
54221,Turkey,TUR,1956,6.463,,25057552.0,Asia
54222,Turkey,TUR,1957,6.454,,25880873.0,Asia
54223,Turkey,TUR,1958,6.434,,26704921.0,Asia
54224,Turkey,TUR,1959,6.416,,27526283.0,Asia
54225,Turkey,TUR,1960,6.383,1.1,28329854.0,Asia
54226,Turkey,TUR,1961,6.419,,29119190.0,Asia
54227,Turkey,TUR,1962,6.382,,29916095.0,Asia
54228,Turkey,TUR,1963,6.339,,30726798.0,Asia
54229,Turkey,TUR,1964,6.291,,31543026.0,Asia
54230,Turkey,TUR,1965,6.22,1.31,32345163.0,Asia
54231,Turkey,TUR,1966,6.152,,33177623.0,Asia
54232,Turkey,TUR,1967,6.057,,34050379.0,Asia
54233,Turkey,TUR,1968,5.962,,34921630.0,Asia
54234,Turkey,TUR,1969,5.872,,35787738.0,Asia
54235,Turkey,TUR,1970,5.775,1.58,36638405.0,Asia
54236,Turkey,TUR,1971,5.671,,37518565.0,Asia
54237,Turkey,TUR,1972,5.548,,38430168.0,Asia
54238,Turkey,TUR,1973,5.41,,39329490.0,Asia
54239,Turkey,TUR,1974,5.243,,40210180.0,Asia
54240,Turkey,TUR,1975,5.087,2.17,41053082.0,Asia
54241,Turkey,TUR,1976,4.931,,41899942.0,Asia
54242,Turkey,TUR,1977,4.784,,42773248.0,Asia
54243,Turkey,TUR,1978,4.691,,43645257.0,Asia
54244,Turkey,TUR,1979,4.579,,44510374.0,Asia
54245,Turkey,TUR,1980,4.453,2.73,45408765.0,Asia
54246,Turkey,TUR,1981,4.351,,46321145.0,Asia
54247,Turkey,TUR,1982,4.205,,47322049.0,Asia
54248,Turkey,TUR,1983,4.056,,48447362.0,Asia
54249,Turkey,TUR,1984,3.911,,49574017.0,Asia
54250,Turkey,TUR,1985,3.779,3.76,50687071.0,Asia
54251,Turkey,TUR,1986,3.658,,51777719.0,Asia
54252,Turkey,TUR,1987,3.542,,52843620.0,Asia
54253,Turkey,TUR,1988,3.445,,53909576.0,Asia
54254,Turkey,TUR,1989,3.336,,54976671.0,Asia
54255,Turkey,TUR,1990,3.107,4.15,56015570.0,Asia
54256,Turkey,TUR,1991,3.003,,57009853.0,Asia
54257,Turkey,TUR,1992,2.939,,57990062.0,Asia
54258,Turkey,TUR,1993,2.916,,58999121.0,Asia
54259,Turkey,TUR,1994,2.874,,60033776.0,Asia
54260,Turkey,TUR,1995,2.835,4.75,61024457.0,Asia
54261,Turkey,TUR,1996,2.779,,61951087.0,Asia
54262,Turkey,TUR,1997,2.744,,62852916.0,Asia
54263,Turkey,TUR,1998,2.707,,63734336.0,Asia
54264,Turkey,TUR,1999,2.63,,64591859.0,Asia
54265,Turkey,TUR,2000,2.487,5.4,65425910.0,Asia
54266,Turkey,TUR,2001,2.392,,66245077.0,Asia
54267,Turkey,TUR,2002,2.268,,67048743.0,Asia
54268,Turkey,TUR,2003,2.202,,67831688.0,Asia
54269,Turkey,TUR,2004,2.197,,68592567.0,Asia
54270,Turkey,TUR,2005,2.197,5.97,69329509.0,Asia
54271,Turkey,TUR,2006,2.193,,70045304.0,Asia
54272,Turkey,TUR,2007,2.183,,70750548.0,Asia
54273,Turkey,TUR,2008,2.167,,71562297.0,Asia
54274,Turkey,TUR,2009,2.145,,72464795.0,Asia
54275,Turkey,TUR,2010,2.08,6.77,73346724.0,Asia
54276,Turkey,TUR,2011,2.047,,74215158.0,Asia
54277,Turkey,TUR,2012,2.109,,75197146.0,Asia
54278,Turkey,TUR,2013,2.107,,76402978.0,Asia
54279,Turkey,TUR,2014,2.186,,78036104.0,Asia
54280,Turkey,TUR,2015,2.157,7.57,80014170.0,Asia
54281,Turkey,TUR,2016,2.115,,81652039.0,Asia
54282,Turkey,TUR,2017,2.082,,83083616.0,Asia
54283,Turkey,TUR,2018,2.004,,84415922.0,Asia
54284,Turkey,TUR,2019,1.886,,85357615.0,Asia
54285,Turkey,TUR,2020,1.768,8.07,86091644.0,Asia
54480,Turkmenistan,TKM,1950,5.256,,1269132.0,Asia
54481,Turkmenistan,TKM,1951,5.251,,1294030.0,Asia
54482,Turkmenistan,TKM,1952,5.254,,1320496.0,Asia
54483,Turkmenistan,TKM,1953,5.568,,1349634.0,Asia
54484,Turkmenistan,TKM,1954,5.77,,1382313.0,Asia
54485,Turkmenistan,TKM,1955,5.966,,1418125.0,Asia
54486,Turkmenistan,TKM,1956,6.156,,1457157.0,Asia
54487,Turkmenistan,TKM,1957,6.336,,1499505.0,Asia
54488,Turkmenistan,TKM,1958,6.505,,1545135.0,Asia
54489,Turkmenistan,TKM,1959,6.557,,1593376.0,Asia
54490,Turkmenistan,TKM,1960,6.59,,1643419.0,Asia
54491,Turkmenistan,TKM,1961,6.689,,1695351.0,Asia
54492,Turkmenistan,TKM,1962,6.756,,1749176.0,Asia
54493,Turkmenistan,TKM,1963,6.788,,1804220.0,Asia
54494,Turkmenistan,TKM,1964,6.787,,1859949.0,Asia
54495,Turkmenistan,TKM,1965,6.756,,1915872.0,Asia
54496,Turkmenistan,TKM,1966,6.703,,1971690.0,Asia
54497,Turkmenistan,TKM,1967,6.635,,2027357.0,Asia
54498,Turkmenistan,TKM,1968,6.56,,2083025.0,Asia
54499,Turkmenistan,TKM,1969,6.482,,2138995.0,Asia
54500,Turkmenistan,TKM,1970,6.404,,2195564.0,Asia
54501,Turkmenistan,TKM,1971,6.323,,2253077.0,Asia
54502,Turkmenistan,TKM,1972,6.2,,2311387.0,Asia
54503,Turkmenistan,TKM,1973,6.152,,2370871.0,Asia
54504,Turkmenistan,TKM,1974,6.087,,2431984.0,Asia
54505,Turkmenistan,TKM,1975,6.004,,2494530.0,Asia
54506,Turkmenistan,TKM,1976,5.901,,2558480.0,Asia
54507,Turkmenistan,TKM,1977,5.77,,2623901.0,Asia
54508,Turkmenistan,TKM,1978,5.61,,2691037.0,Asia
54509,Turkmenistan,TKM,1979,5.457,,2760310.0,Asia
54510,Turkmenistan,TKM,1980,5.303,,2832147.0,Asia
54511,Turkmenistan,TKM,1981,5.162,,2907153.0,Asia
54512,Turkmenistan,TKM,1982,5.042,,2985513.0,Asia
54513,Turkmenistan,TKM,1983,4.967,,3067482.0,Asia
54514,Turkmenistan,TKM,1984,4.964,,3154029.0,Asia
54515,Turkmenistan,TKM,1985,4.966,,3247499.0,Asia
54516,Turkmenistan,TKM,1986,4.936,,3347770.0,Asia
54517,Turkmenistan,TKM,1987,4.842,,3452682.0,Asia
54518,Turkmenistan,TKM,1988,4.675,,3559317.0,Asia
54519,Turkmenistan,TKM,1989,4.463,,3662424.0,Asia
54520,Turkmenistan,TKM,1990,4.288,,3760508.0,Asia
54521,Turkmenistan,TKM,1991,4.145,,3855848.0,Asia
54522,Turkmenistan,TKM,1992,3.957,,3944649.0,Asia
54523,Turkmenistan,TKM,1993,3.778,,4032366.0,Asia
54524,Turkmenistan,TKM,1994,3.623,,4116616.0,Asia
54525,Turkmenistan,TKM,1995,3.491,,4191159.0,Asia
54526,Turkmenistan,TKM,1996,3.292,,4263771.0,Asia
54527,Turkmenistan,TKM,1997,3.18,,4336684.0,Asia
54528,Turkmenistan,TKM,1998,3.075,,4410461.0,Asia
54529,Turkmenistan,TKM,1999,2.976,,4492116.0,Asia
54530,Turkmenistan,TKM,2000,2.9,,4582628.0,Asia
54531,Turkmenistan,TKM,2001,2.814,,4675373.0,Asia
54532,Turkmenistan,TKM,2002,2.71,,4769411.0,Asia
54533,Turkmenistan,TKM,2003,2.667,,4863821.0,Asia
54534,Turkmenistan,TKM,2004,2.674,,4958043.0,Asia
54535,Turkmenistan,TKM,2005,2.706,,5052212.0,Asia
54536,Turkmenistan,TKM,2006,2.724,,5147061.0,Asia
54537,Turkmenistan,TKM,2007,2.734,,5243998.0,Asia
54538,Turkmenistan,TKM,2008,2.75,,5344980.0,Asia
54539,Turkmenistan,TKM,2009,2.794,,5451545.0,Asia
54540,Turkmenistan,TKM,2010,2.848,,5564305.0,Asia
54541,Turkmenistan,TKM,2011,2.9,,5683365.0,Asia
54542,Turkmenistan,TKM,2012,2.955,,5808503.0,Asia
54543,Turkmenistan,TKM,2013,3.007,,5939302.0,Asia
54544,Turkmenistan,TKM,2014,3.023,,6075239.0,Asia
54545,Turkmenistan,TKM,2015,3.033,,6215727.0,Asia
54546,Turkmenistan,TKM,2016,2.99,,6359994.0,Asia
54547,Turkmenistan,TKM,2017,2.934,,6507023.0,Asia
54548,Turkmenistan,TKM,2018,2.875,,6655474.0,Asia
54549,Turkmenistan,TKM,2019,2.834,,6803896.0,Asia
54550,Turkmenistan,TKM,2020,2.793,,6949869.0,Asia
54741,Turks and Caicos Islands,TCA,1950,5.939,,5029.0,North America
54742,Turks and Caicos Islands,TCA,1951,5.996,,5036.0,North America
54743,Turks and Caicos Islands,TCA,1952,6.04,,4998.0,North America
54744,Turks and Caicos Islands,TCA,1953,6.084,,4970.0,North America
54745,Turks and Caicos Islands,TCA,1954,6.132,,5004.0,North America
54746,Turks and Caicos Islands,TCA,1955,6.171,,5111.0,North America
54747,Turks and Caicos Islands,TCA,1956,6.167,,5234.0,North America
54748,Turks and Caicos Islands,TCA,1957,6.144,,5348.0,North America
54749,Turks and Caicos Islands,TCA,1958,6.112,,5426.0,North America
54750,Turks and Caicos Islands,TCA,1959,6.06,,5512.0,North America
54751,Turks and Caicos Islands,TCA,1960,5.991,,5591.0,North America
54752,Turks and Caicos Islands,TCA,1961,5.907,,5602.0,North America
54753,Turks and Caicos Islands,TCA,1962,5.816,,5617.0,North America
54754,Turks and Caicos Islands,TCA,1963,5.719,,5638.0,North America
54755,Turks and Caicos Islands,TCA,1964,5.608,,5647.0,North America
54756,Turks and Caicos Islands,TCA,1965,5.502,,5647.0,North America
54757,Turks and Caicos Islands,TCA,1966,5.435,,5635.0,North America
54758,Turks and Caicos Islands,TCA,1967,5.395,,5645.0,North America
54759,Turks and Caicos Islands,TCA,1968,5.397,,5639.0,North America
54760,Turks and Caicos Islands,TCA,1969,5.311,,5638.0,North America
54761,Turks and Caicos Islands,TCA,1970,5.229,,5653.0,North America
54762,Turks and Caicos Islands,TCA,1971,5.141,,5738.0,North America
54763,Turks and Caicos Islands,TCA,1972,5.027,,5893.0,North America
54764,Turks and Caicos Islands,TCA,1973,4.913,,6072.0,North America
54765,Turks and Caicos Islands,TCA,1974,4.793,,6256.0,North America
54766,Turks and Caicos Islands,TCA,1975,4.687,,6443.0,North America
54767,Turks and Caicos Islands,TCA,1976,4.624,,6633.0,North America
54768,Turks and Caicos Islands,TCA,1977,4.553,,6848.0,North America
54769,Turks and Caicos Islands,TCA,1978,4.485,,7065.0,North America
54770,Turks and Caicos Islands,TCA,1979,4.43,,7289.0,North America
54771,Turks and Caicos Islands,TCA,1980,4.37,,7549.0,North America
54772,Turks and Caicos Islands,TCA,1981,4.291,,7888.0,North America
54773,Turks and Caicos Islands,TCA,1982,4.192,,8280.0,North America
54774,Turks and Caicos Islands,TCA,1983,4.085,,8693.0,North America
54775,Turks and Caicos Islands,TCA,1984,3.986,,9089.0,North America
54776,Turks and Caicos Islands,TCA,1985,3.908,,9509.0,North America
54777,Turks and Caicos Islands,TCA,1986,3.789,,9922.0,North America
54778,Turks and Caicos Islands,TCA,1987,3.653,,10346.0,North America
54779,Turks and Caicos Islands,TCA,1988,3.499,,10765.0,North America
54780,Turks and Caicos Islands,TCA,1989,3.335,,11164.0,North America
54781,Turks and Caicos Islands,TCA,1990,3.189,,11663.0,North America
54782,Turks and Caicos Islands,TCA,1991,3.053,,12281.0,North America
54783,Turks and Caicos Islands,TCA,1992,2.939,,12949.0,North America
54784,Turks and Caicos Islands,TCA,1993,2.842,,13622.0,North America
54785,Turks and Caicos Islands,TCA,1994,2.756,,14322.0,North America
54786,Turks and Caicos Islands,TCA,1995,2.699,,15026.0,North America
54787,Turks and Caicos Islands,TCA,1996,2.649,,15743.0,North America
54788,Turks and Caicos Islands,TCA,1997,2.581,,16459.0,North America
54789,Turks and Caicos Islands,TCA,1998,2.52,,17198.0,North America
54790,Turks and Caicos Islands,TCA,1999,2.464,,17934.0,North America
54791,Turks and Caicos Islands,TCA,2000,2.406,,18713.0,North America
54792,Turks and Caicos Islands,TCA,2001,2.342,,19560.0,North America
54793,Turks and Caicos Islands,TCA,2002,2.242,,20573.0,North America
54794,Turks and Caicos Islands,TCA,2003,2.176,,21706.0,North America
54795,Turks and Caicos Islands,TCA,2004,2.136,,22836.0,North America
54796,Turks and Caicos Islands,TCA,2005,2.106,,23968.0,North America
54797,Turks and Caicos Islands,TCA,2006,2.078,,25105.0,North America
54798,Turks and Caicos Islands,TCA,2007,2.049,,26248.0,North America
54799,Turks and Caicos Islands,TCA,2008,2.005,,27404.0,North America
54800,Turks and Caicos Islands,TCA,2009,1.959,,28566.0,North America
54801,Turks and Caicos Islands,TCA,2010,1.907,,29719.0,North America
54802,Turks and Caicos Islands,TCA,2011,1.859,,30825.0,North America
54803,Turks and Caicos Islands,TCA,2012,1.805,,32104.0,North America
54804,Turks and Caicos Islands,TCA,2013,1.752,,33623.0,North America
54805,Turks and Caicos Islands,TCA,2014,1.729,,35035.0,North America
54806,Turks and Caicos Islands,TCA,2015,1.718,,36590.0,North America
54807,Turks and Caicos Islands,TCA,2016,1.713,,38300.0,North America
54808,Turks and Caicos Islands,TCA,2017,1.704,,39885.0,North America
54809,Turks and Caicos Islands,TCA,2018,1.677,,41526.0,North America
54810,Turks and Caicos Islands,TCA,2019,1.617,,43143.0,North America
54811,Turks and Caicos Islands,TCA,2020,1.552,,44362.0,North America
54846,Tuvalu,TUV,1950,5.417,,4734.0,Oceania
54847,Tuvalu,TUV,1951,5.414,,4911.0,Oceania
54848,Tuvalu,TUV,1952,5.403,,5034.0,Oceania
54849,Tuvalu,TUV,1953,5.39,,5155.0,Oceania
54850,Tuvalu,TUV,1954,5.377,,5257.0,Oceania
54851,Tuvalu,TUV,1955,5.356,,5324.0,Oceania
54852,Tuvalu,TUV,1956,5.316,,5366.0,Oceania
54853,Tuvalu,TUV,1957,5.28,,5419.0,Oceania
54854,Tuvalu,TUV,1958,5.236,,5480.0,Oceania
54855,Tuvalu,TUV,1959,5.191,,5537.0,Oceania
54856,Tuvalu,TUV,1960,5.146,,5583.0,Oceania
54857,Tuvalu,TUV,1961,5.089,,5631.0,Oceania
54858,Tuvalu,TUV,1962,5.004,,5677.0,Oceania
54859,Tuvalu,TUV,1963,4.914,,5724.0,Oceania
54860,Tuvalu,TUV,1964,4.826,,5736.0,Oceania
54861,Tuvalu,TUV,1965,4.726,,5690.0,Oceania
54862,Tuvalu,TUV,1966,4.637,,5670.0,Oceania
54863,Tuvalu,TUV,1967,4.494,,5628.0,Oceania
54864,Tuvalu,TUV,1968,4.361,,5601.0,Oceania
54865,Tuvalu,TUV,1969,4.227,,5619.0,Oceania
54866,Tuvalu,TUV,1970,4.081,,5648.0,Oceania
54867,Tuvalu,TUV,1971,3.944,,5661.0,Oceania
54868,Tuvalu,TUV,1972,3.806,,5666.0,Oceania
54869,Tuvalu,TUV,1973,3.712,,5670.0,Oceania
54870,Tuvalu,TUV,1974,3.633,,5806.0,Oceania
54871,Tuvalu,TUV,1975,3.578,,6094.0,Oceania
54872,Tuvalu,TUV,1976,3.554,,6387.0,Oceania
54873,Tuvalu,TUV,1977,3.555,,6668.0,Oceania
54874,Tuvalu,TUV,1978,3.59,,6953.0,Oceania
54875,Tuvalu,TUV,1979,3.645,,7174.0,Oceania
54876,Tuvalu,TUV,1980,3.73,,7346.0,Oceania
54877,Tuvalu,TUV,1981,3.804,,7515.0,Oceania
54878,Tuvalu,TUV,1982,3.877,,7646.0,Oceania
54879,Tuvalu,TUV,1983,3.912,,7764.0,Oceania
54880,Tuvalu,TUV,1984,3.946,,7881.0,Oceania
54881,Tuvalu,TUV,1985,3.973,,8029.0,Oceania
54882,Tuvalu,TUV,1986,3.973,,8200.0,Oceania
54883,Tuvalu,TUV,1987,3.941,,8360.0,Oceania
54884,Tuvalu,TUV,1988,3.881,,8503.0,Oceania
54885,Tuvalu,TUV,1989,3.797,,8649.0,Oceania
54886,Tuvalu,TUV,1990,3.75,,8778.0,Oceania
54887,Tuvalu,TUV,1991,3.789,,8910.0,Oceania
54888,Tuvalu,TUV,1992,3.86,,9025.0,Oceania
54889,Tuvalu,TUV,1993,3.922,,9107.0,Oceania
54890,Tuvalu,TUV,1994,3.923,,9190.0,Oceania
54891,Tuvalu,TUV,1995,3.963,,9266.0,Oceania
54892,Tuvalu,TUV,1996,3.951,,9322.0,Oceania
54893,Tuvalu,TUV,1997,3.952,,9391.0,Oceania
54894,Tuvalu,TUV,1998,3.951,,9429.0,Oceania
54895,Tuvalu,TUV,1999,3.919,,9473.0,Oceania
54896,Tuvalu,TUV,2000,3.841,,9526.0,Oceania
54897,Tuvalu,TUV,2001,3.749,,9572.0,Oceania
54898,Tuvalu,TUV,2002,3.637,,9604.0,Oceania
54899,Tuvalu,TUV,2003,3.579,,9672.0,Oceania
54900,Tuvalu,TUV,2004,3.553,,9796.0,Oceania
54901,Tuvalu,TUV,2005,3.546,,9922.0,Oceania
54902,Tuvalu,TUV,2006,3.525,,10039.0,Oceania
54903,Tuvalu,TUV,2007,3.446,,10159.0,Oceania
54904,Tuvalu,TUV,2008,3.415,,10305.0,Oceania
54905,Tuvalu,TUV,2009,3.425,,10437.0,Oceania
54906,Tuvalu,TUV,2010,3.442,,10594.0,Oceania
54907,Tuvalu,TUV,2011,3.463,,10766.0,Oceania
54908,Tuvalu,TUV,2012,3.47,,10924.0,Oceania
54909,Tuvalu,TUV,2013,3.389,,10981.0,Oceania
54910,Tuvalu,TUV,2014,3.33,,10964.0,Oceania
54911,Tuvalu,TUV,2015,3.308,,10948.0,Oceania
54912,Tuvalu,TUV,2016,3.297,,10909.0,Oceania
54913,Tuvalu,TUV,2017,3.301,,10857.0,Oceania
54914,Tuvalu,TUV,2018,3.328,,10728.0,Oceania
54915,Tuvalu,TUV,2019,3.331,,10557.0,Oceania
54916,Tuvalu,TUV,2020,3.309,,10383.0,Oceania
55257,USSR,OWID_USS,1950,,,181400304.0,Europe
55258,USSR,OWID_USS,1951,,,184144291.0,Europe
55259,USSR,OWID_USS,1952,,,186956539.0,Europe
55260,USSR,OWID_USS,1953,,,189850165.0,Europe
55261,USSR,OWID_USS,1954,,,192890001.0,Europe
55262,USSR,OWID_USS,1955,,,196098963.0,Europe
55263,USSR,OWID_USS,1956,,,199439434.0,Europe
55264,USSR,OWID_USS,1957,,,202935898.0,Europe
55265,USSR,OWID_USS,1958,,,206581148.0,Europe
55266,USSR,OWID_USS,1959,,,210146936.0,Europe
55267,USSR,OWID_USS,1960,,,213672861.0,Europe
55268,USSR,OWID_USS,1961,,,217263810.0,Europe
55269,USSR,OWID_USS,1962,,,220695538.0,Europe
55270,USSR,OWID_USS,1963,,,223937356.0,Europe
55271,USSR,OWID_USS,1964,,,226984061.0,Europe
55272,USSR,OWID_USS,1965,,,229779245.0,Europe
55273,USSR,OWID_USS,1966,,,232436143.0,Europe
55274,USSR,OWID_USS,1967,,,234999967.0,Europe
55275,USSR,OWID_USS,1968,,,237457469.0,Europe
55276,USSR,OWID_USS,1969,,,239819466.0,Europe
55277,USSR,OWID_USS,1970,,,241944235.0,Europe
55278,USSR,OWID_USS,1971,,,244071411.0,Europe
55279,USSR,OWID_USS,1972,,,246380465.0,Europe
55280,USSR,OWID_USS,1973,,,248656918.0,Europe
55281,USSR,OWID_USS,1974,,,250946901.0,Europe
55282,USSR,OWID_USS,1975,,,253334898.0,Europe
55283,USSR,OWID_USS,1976,,,255859990.0,Europe
55284,USSR,OWID_USS,1977,,,258479136.0,Europe
55285,USSR,OWID_USS,1978,,,261043015.0,Europe
55286,USSR,OWID_USS,1979,,,263351411.0,Europe
55287,USSR,OWID_USS,1980,,,265482946.0,Europe
55288,USSR,OWID_USS,1981,,,267670047.0,Europe
55289,USSR,OWID_USS,1982,,,269984555.0,Europe
55290,USSR,OWID_USS,1983,,,272555073.0,Europe
55291,USSR,OWID_USS,1984,,,275223216.0,Europe
55292,USSR,OWID_USS,1985,,,277862184.0,Europe
55293,USSR,OWID_USS,1986,,,280720847.0,Europe
55294,USSR,OWID_USS,1987,,,283734890.0,Europe
55295,USSR,OWID_USS,1988,,,286648964.0,Europe
55296,USSR,OWID_USS,1989,,,289121917.0,Europe
55297,USSR,OWID_USS,1990,,,291065707.0,Europe
55298,USSR,OWID_USS,1991,,,292663425.0,Europe
55300,Uganda,UGA,1950,6.657,0.43,5750874.0,Africa
55301,Uganda,UGA,1951,6.649,,5911131.0,Africa
55302,Uganda,UGA,1952,6.673,,6076990.0,Africa
55303,Uganda,UGA,1953,6.697,,6249399.0,Africa
55304,Uganda,UGA,1954,6.724,,6428325.0,Africa
55305,Uganda,UGA,1955,6.743,0.5,6613726.0,Africa
55306,Uganda,UGA,1956,6.762,,6805405.0,Africa
55307,Uganda,UGA,1957,6.796,,7003845.0,Africa
55308,Uganda,UGA,1958,6.839,,7209714.0,Africa
55309,Uganda,UGA,1959,6.883,,7423390.0,Africa
55310,Uganda,UGA,1960,6.905,0.58,7640933.0,Africa
55311,Uganda,UGA,1961,6.927,,7862162.0,Africa
55312,Uganda,UGA,1962,6.959,,8092183.0,Africa
55313,Uganda,UGA,1963,6.984,,8333608.0,Africa
55314,Uganda,UGA,1964,7.012,,8586326.0,Africa
55315,Uganda,UGA,1965,7.042,0.68,8849156.0,Africa
55316,Uganda,UGA,1966,7.066,,9122818.0,Africa
55317,Uganda,UGA,1967,7.102,,9408872.0,Africa
55318,Uganda,UGA,1968,7.13,,9708584.0,Africa
55319,Uganda,UGA,1969,7.115,,10014823.0,Africa
55320,Uganda,UGA,1970,7.149,0.9,10321555.0,Africa
55321,Uganda,UGA,1971,7.181,,10618159.0,Africa
55322,Uganda,UGA,1972,7.185,,10885744.0,Africa
55323,Uganda,UGA,1973,7.193,,11144184.0,Africa
55324,Uganda,UGA,1974,7.192,,11424788.0,Africa
55325,Uganda,UGA,1975,7.201,1.23,11725196.0,Africa
55326,Uganda,UGA,1976,7.194,,12037254.0,Africa
55327,Uganda,UGA,1977,7.183,,12359623.0,Africa
55328,Uganda,UGA,1978,7.163,,12692070.0,Africa
55329,Uganda,UGA,1979,7.142,,13002114.0,Africa
55330,Uganda,UGA,1980,7.113,1.6,13275699.0,Africa
55331,Uganda,UGA,1981,7.118,,13556405.0,Africa
55332,Uganda,UGA,1982,7.11,,13873581.0,Africa
55333,Uganda,UGA,1983,7.068,,14221841.0,Africa
55334,Uganda,UGA,1984,7.024,,14607633.0,Africa
55335,Uganda,UGA,1985,7.037,2.12,15023633.0,Africa
55336,Uganda,UGA,1986,7.083,,15467525.0,Africa
55337,Uganda,UGA,1987,7.12,,15954115.0,Africa
55338,Uganda,UGA,1988,7.102,,16470436.0,Africa
55339,Uganda,UGA,1989,7.045,,17010661.0,Africa
55340,Uganda,UGA,1990,7.014,2.92,17569850.0,Africa
55341,Uganda,UGA,1991,6.943,,18155852.0,Africa
55342,Uganda,UGA,1992,6.913,,18784994.0,Africa
55343,Uganda,UGA,1993,6.886,,19445115.0,Africa
55344,Uganda,UGA,1994,6.899,,20108752.0,Africa
55345,Uganda,UGA,1995,6.871,3.32,20665626.0,Africa
55346,Uganda,UGA,1996,6.835,,21231505.0,Africa
55347,Uganda,UGA,1997,6.856,,21855987.0,Africa
55348,Uganda,UGA,1998,6.837,,22515758.0,Africa
55349,Uganda,UGA,1999,6.825,,23257218.0,Africa
55350,Uganda,UGA,2000,6.788,3.87,24000104.0,Africa
55351,Uganda,UGA,2001,6.757,,24745635.0,Africa
55352,Uganda,UGA,2002,6.735,,25532819.0,Africa
55353,Uganda,UGA,2003,6.671,,26352074.0,Africa
55354,Uganda,UGA,2004,6.612,,27154465.0,Africa
55355,Uganda,UGA,2005,6.525,4.53,27963231.0,Africa
55356,Uganda,UGA,2006,6.429,,28793954.0,Africa
55357,Uganda,UGA,2007,6.326,,29653389.0,Africa
55358,Uganda,UGA,2008,6.202,,30539504.0,Africa
55359,Uganda,UGA,2009,6.124,,31451093.0,Africa
55360,Uganda,UGA,2010,6.019,5.41,32390755.0,Africa
55361,Uganda,UGA,2011,5.885,,33354493.0,Africa
55362,Uganda,UGA,2012,5.729,,34337384.0,Africa
55363,Uganda,UGA,2013,5.563,,35336994.0,Africa
55364,Uganda,UGA,2014,5.408,,36395493.0,Africa
55365,Uganda,UGA,2015,5.251,5.93,37531396.0,Africa
55366,Uganda,UGA,2016,5.112,,38799091.0,Africa
55367,Uganda,UGA,2017,4.987,,40177337.0,Africa
55368,Uganda,UGA,2018,4.867,,41565791.0,Africa
55369,Uganda,UGA,2019,4.744,,42999589.0,Africa
55370,Uganda,UGA,2020,4.621,6.46,44457103.0,Africa
55565,Ukraine,UKR,1950,2.447,,37310845.0,Europe
55566,Ukraine,UKR,1951,2.429,,37807712.0,Europe
55567,Ukraine,UKR,1952,2.4,,38306675.0,Europe
55568,Ukraine,UKR,1953,2.361,,38806038.0,Europe
55569,Ukraine,UKR,1954,2.306,,39319985.0,Europe
55570,Ukraine,UKR,1955,2.312,,39859666.0,Europe
55571,Ukraine,UKR,1956,2.303,,40419092.0,Europe
55572,Ukraine,UKR,1957,2.298,,40998719.0,Europe
55573,Ukraine,UKR,1958,2.295,,41627020.0,Europe
55574,Ukraine,UKR,1959,2.295,,42244229.0,Europe
55575,Ukraine,UKR,1960,2.285,,42824051.0,Europe
55576,Ukraine,UKR,1961,2.197,,43399724.0,Europe
55577,Ukraine,UKR,1962,2.154,,43943625.0,Europe
55578,Ukraine,UKR,1963,2.111,,44462312.0,Europe
55579,Ukraine,UKR,1964,2.014,,44951103.0,Europe
55580,Ukraine,UKR,1965,1.943,,45386845.0,Europe
55581,Ukraine,UKR,1966,2.037,,45802467.0,Europe
55582,Ukraine,UKR,1967,2.04,,46215937.0,Europe
55583,Ukraine,UKR,1968,2.031,,46614281.0,Europe
55584,Ukraine,UKR,1969,2.012,,46976195.0,Europe
55585,Ukraine,UKR,1970,2.078,,47261256.0,Europe
55586,Ukraine,UKR,1971,2.113,,47573232.0,Europe
55587,Ukraine,UKR,1972,2.127,,47946849.0,Europe
55588,Ukraine,UKR,1973,2.044,,48277070.0,Europe
55589,Ukraine,UKR,1974,2.064,,48576523.0,Europe
55590,Ukraine,UKR,1975,2.049,,48865176.0,Europe
55591,Ukraine,UKR,1976,2.044,,49120794.0,Europe
55592,Ukraine,UKR,1977,1.983,,49336431.0,Europe
55593,Ukraine,UKR,1978,1.969,,49521185.0,Europe
55594,Ukraine,UKR,1979,1.957,,49721338.0,Europe
55595,Ukraine,UKR,1980,1.949,,49955103.0,Europe
55596,Ukraine,UKR,1981,1.915,,50189240.0,Europe
55597,Ukraine,UKR,1982,1.951,,50402672.0,Europe
55598,Ukraine,UKR,1983,2.099,,50636977.0,Europe
55599,Ukraine,UKR,1984,2.081,,50887549.0,Europe
55600,Ukraine,UKR,1985,2.033,,51108721.0,Europe
55601,Ukraine,UKR,1986,2.117,,51318690.0,Europe
55602,Ukraine,UKR,1987,2.07,,51515681.0,Europe
55603,Ukraine,UKR,1988,2.042,,51724803.0,Europe
55604,Ukraine,UKR,1989,1.927,,51917779.0,Europe
55605,Ukraine,UKR,1990,1.845,,52054034.0,Europe
55606,Ukraine,UKR,1991,1.773,,52170917.0,Europe
55607,Ukraine,UKR,1992,1.674,,52323629.0,Europe
55608,Ukraine,UKR,1993,1.564,,52350078.0,Europe
55609,Ukraine,UKR,1994,1.471,,52075944.0,Europe
55610,Ukraine,UKR,1995,1.399,,51665488.0,Europe
55611,Ukraine,UKR,1996,1.333,,51226062.0,Europe
55612,Ukraine,UKR,1997,1.271,,50786832.0,Europe
55613,Ukraine,UKR,1998,1.206,,50379676.0,Europe
55614,Ukraine,UKR,1999,1.127,,49976390.0,Europe
55615,Ukraine,UKR,2000,1.108,,49556602.0,Europe
55616,Ukraine,UKR,2001,1.092,,49106813.0,Europe
55617,Ukraine,UKR,2002,1.127,,48677235.0,Europe
55618,Ukraine,UKR,2003,1.173,,48315085.0,Europe
55619,Ukraine,UKR,2004,1.215,,47979445.0,Europe
55620,Ukraine,UKR,2005,1.221,,47585510.0,Europe
55621,Ukraine,UKR,2006,1.297,,47278638.0,Europe
55622,Ukraine,UKR,2007,1.343,,47062750.0,Europe
55623,Ukraine,UKR,2008,1.444,,46819115.0,Europe
55624,Ukraine,UKR,2009,1.47,,46623687.0,Europe
55625,Ukraine,UKR,2010,1.436,,46455954.0,Europe
55626,Ukraine,UKR,2011,1.464,,46307812.0,Europe
55627,Ukraine,UKR,2012,1.528,,46210001.0,Europe
55628,Ukraine,UKR,2013,1.515,,46126715.0,Europe
55629,Ukraine,UKR,2014,1.466,,45972329.0,Europe
55630,Ukraine,UKR,2015,1.387,10.93,45784854.0,Europe
55631,Ukraine,UKR,2016,1.391,,45616779.0,Europe
55632,Ukraine,UKR,2017,1.3,,45435996.0,Europe
55633,Ukraine,UKR,2018,1.233,,45208854.0,Europe
55634,Ukraine,UKR,2019,1.218,,44957402.0,Europe
55635,Ukraine,UKR,2020,1.208,10.91,44679967.0,Europe
55830,United Arab Emirates,ARE,1950,6.503,,74489.0,Asia
55831,United Arab Emirates,ARE,1951,6.499,,79522.0,Asia
55832,United Arab Emirates,ARE,1952,6.5,,84732.0,Asia
55833,United Arab Emirates,ARE,1953,6.499,,90121.0,Asia
55834,United Arab Emirates,ARE,1954,6.502,,95623.0,Asia
55835,United Arab Emirates,ARE,1955,6.495,,101231.0,Asia
55836,United Arab Emirates,ARE,1956,6.494,,106936.0,Asia
55837,United Arab Emirates,ARE,1957,6.488,,112755.0,Asia
55838,United Arab Emirates,ARE,1958,6.484,,118728.0,Asia
55839,United Arab Emirates,ARE,1959,6.5,,124905.0,Asia
55840,United Arab Emirates,ARE,1960,6.499,,131303.0,Asia
55841,United Arab Emirates,ARE,1961,6.494,,137952.0,Asia
55842,United Arab Emirates,ARE,1962,6.489,,144921.0,Asia
55843,United Arab Emirates,ARE,1963,6.495,,152179.0,Asia
55844,United Arab Emirates,ARE,1964,6.494,,159653.0,Asia
55845,United Arab Emirates,ARE,1965,6.495,,167067.0,Asia
55846,United Arab Emirates,ARE,1966,6.495,,173945.0,Asia
55847,United Arab Emirates,ARE,1967,6.51,,179663.0,Asia
55848,United Arab Emirates,ARE,1968,6.529,,199390.0,Asia
55849,United Arab Emirates,ARE,1969,6.524,,239628.0,Asia
55850,United Arab Emirates,ARE,1970,6.519,,286514.0,Asia
55851,United Arab Emirates,ARE,1971,6.519,,334995.0,Asia
55852,United Arab Emirates,ARE,1972,6.502,,384981.0,Asia
55853,United Arab Emirates,ARE,1973,6.464,,436361.0,Asia
55854,United Arab Emirates,ARE,1974,6.411,,489057.0,Asia
55855,United Arab Emirates,ARE,1975,6.353,,542824.0,Asia
55856,United Arab Emirates,ARE,1976,6.291,,615823.0,Asia
55857,United Arab Emirates,ARE,1977,6.223,,710170.0,Asia
55858,United Arab Emirates,ARE,1978,6.151,,809251.0,Asia
55859,United Arab Emirates,ARE,1979,6.059,,911974.0,Asia
55860,United Arab Emirates,ARE,1980,5.953,,1015670.0,Asia
55861,United Arab Emirates,ARE,1981,5.814,,1099821.0,Asia
55862,United Arab Emirates,ARE,1982,5.658,,1166332.0,Asia
55863,United Arab Emirates,ARE,1983,5.482,,1235269.0,Asia
55864,United Arab Emirates,ARE,1984,5.303,,1305961.0,Asia
55865,United Arab Emirates,ARE,1985,5.125,,1377874.0,Asia
55866,United Arab Emirates,ARE,1986,4.999,,1467334.0,Asia
55867,United Arab Emirates,ARE,1987,4.883,,1574214.0,Asia
55868,United Arab Emirates,ARE,1988,4.768,,1681747.0,Asia
55869,United Arab Emirates,ARE,1989,4.65,,1789812.0,Asia
55870,United Arab Emirates,ARE,1990,4.506,,1898182.0,Asia
55871,United Arab Emirates,ARE,1991,4.251,,2006584.0,Asia
55872,United Arab Emirates,ARE,1992,4.088,,2114680.0,Asia
55873,United Arab Emirates,ARE,1993,3.819,,2222054.0,Asia
55874,United Arab Emirates,ARE,1994,3.761,,2328151.0,Asia
55875,United Arab Emirates,ARE,1995,3.278,,2434622.0,Asia
55876,United Arab Emirates,ARE,1996,3.06,,2597523.0,Asia
55877,United Arab Emirates,ARE,1997,2.825,,2817373.0,Asia
55878,United Arab Emirates,ARE,1998,2.765,,3040384.0,Asia
55879,United Arab Emirates,ARE,1999,2.793,,3265963.0,Asia
55880,United Arab Emirates,ARE,2000,2.733,,3493539.0,Asia
55881,United Arab Emirates,ARE,2001,2.622,,3723546.0,Asia
55882,United Arab Emirates,ARE,2002,2.541,,3956774.0,Asia
55883,United Arab Emirates,ARE,2003,2.491,,4192414.0,Asia
55884,United Arab Emirates,ARE,2004,2.385,,4428915.0,Asia
55885,United Arab Emirates,ARE,2005,2.232,,4664749.0,Asia
55886,United Arab Emirates,ARE,2006,1.958,,5009050.0,Asia
55887,United Arab Emirates,ARE,2007,1.792,,5624590.0,Asia
55888,United Arab Emirates,ARE,2008,1.516,,6302620.0,Asia
55889,United Arab Emirates,ARE,2009,1.582,,6707016.0,Asia
55890,United Arab Emirates,ARE,2010,1.565,,6938332.0,Asia
55891,United Arab Emirates,ARE,2011,1.539,,7199389.0,Asia
55892,United Arab Emirates,ARE,2012,1.532,,7497073.0,Asia
55893,United Arab Emirates,ARE,2013,1.527,,7831805.0,Asia
55894,United Arab Emirates,ARE,2014,1.483,,8236833.0,Asia
55895,United Arab Emirates,ARE,2015,1.417,10.43,8674586.0,Asia
55896,United Arab Emirates,ARE,2016,1.366,,9030811.0,Asia
55897,United Arab Emirates,ARE,2017,1.35,,9234286.0,Asia
55898,United Arab Emirates,ARE,2018,1.288,,9346819.0,Asia
55899,United Arab Emirates,ARE,2019,1.247,,9377805.0,Asia
55900,United Arab Emirates,ARE,2020,1.289,10.64,9448476.0,Asia
56095,United Kingdom,GBR,1950,2.224,6.65,50120975.0,Europe
56096,United Kingdom,GBR,1951,2.185,,50346783.0,Europe
56097,United Kingdom,GBR,1952,2.193,,50496184.0,Europe
56098,United Kingdom,GBR,1953,2.227,,50726986.0,Europe
56099,United Kingdom,GBR,1954,2.246,,50958197.0,Europe
56100,United Kingdom,GBR,1955,2.279,6.85,51176702.0,Europe
56101,United Kingdom,GBR,1956,2.375,,51400408.0,Europe
56102,United Kingdom,GBR,1957,2.47,,51655860.0,Europe
56103,United Kingdom,GBR,1958,2.546,,51935592.0,Europe
56104,United Kingdom,GBR,1959,2.604,,52226419.0,Europe
56105,United Kingdom,GBR,1960,2.704,7.1,52538492.0,Europe
56106,United Kingdom,GBR,1961,2.789,,52884902.0,Europe
56107,United Kingdom,GBR,1962,2.866,,53272784.0,Europe
56108,United Kingdom,GBR,1963,2.91,,53652890.0,Europe
56109,United Kingdom,GBR,1964,2.931,,54009087.0,Europe
56110,United Kingdom,GBR,1965,2.867,7.68,54358980.0,Europe
56111,United Kingdom,GBR,1966,2.777,,54676292.0,Europe
56112,United Kingdom,GBR,1967,2.678,,54973620.0,Europe
56113,United Kingdom,GBR,1968,2.592,,55240601.0,Europe
56114,United Kingdom,GBR,1969,2.502,,55456156.0,Europe
56115,United Kingdom,GBR,1970,2.421,8.02,55663752.0,Europe
56116,United Kingdom,GBR,1971,2.343,,55890332.0,Europe
56117,United Kingdom,GBR,1972,2.182,,56079191.0,Europe
56118,United Kingdom,GBR,1973,2.036,,56188738.0,Europe
56119,United Kingdom,GBR,1974,1.915,,56224492.0,Europe
56120,United Kingdom,GBR,1975,1.807,8.27,56220085.0,Europe
56121,United Kingdom,GBR,1976,1.738,,56201097.0,Europe
56122,United Kingdom,GBR,1977,1.689,,56175779.0,Europe
56123,United Kingdom,GBR,1978,1.753,,56175504.0,Europe
56124,United Kingdom,GBR,1979,1.857,,56218716.0,Europe
56125,United Kingdom,GBR,1980,1.888,8.63,56282054.0,Europe
56126,United Kingdom,GBR,1981,1.817,,56304540.0,Europe
56127,United Kingdom,GBR,1982,1.778,,56292705.0,Europe
56128,United Kingdom,GBR,1983,1.766,,56332011.0,Europe
56129,United Kingdom,GBR,1984,1.766,,56451263.0,Europe
56130,United Kingdom,GBR,1985,1.788,8.99,56606370.0,Europe
56131,United Kingdom,GBR,1986,1.782,,56751883.0,Europe
56132,United Kingdom,GBR,1987,1.808,,56885983.0,Europe
56133,United Kingdom,GBR,1988,1.82,,57026498.0,Europe
56134,United Kingdom,GBR,1989,1.794,,57182093.0,Europe
56135,United Kingdom,GBR,1990,1.829,9.3,57367820.0,Europe
56136,United Kingdom,GBR,1991,1.817,,57555147.0,Europe
56137,United Kingdom,GBR,1992,1.793,,57719216.0,Europe
56138,United Kingdom,GBR,1993,1.758,,57860992.0,Europe
56139,United Kingdom,GBR,1994,1.737,,58003148.0,Europe
56140,United Kingdom,GBR,1995,1.709,9.67,58154574.0,Europe
56141,United Kingdom,GBR,1996,1.722,,58298512.0,Europe
56142,United Kingdom,GBR,1997,1.722,,58447041.0,Europe
56143,United Kingdom,GBR,1998,1.711,,58626774.0,Europe
56144,United Kingdom,GBR,1999,1.682,,58838619.0,Europe
56145,United Kingdom,GBR,2000,1.641,10.01,59057278.0,Europe
56146,United Kingdom,GBR,2001,1.624,,59288055.0,Europe
56147,United Kingdom,GBR,2002,1.633,,59540709.0,Europe
56148,United Kingdom,GBR,2003,1.698,,59820332.0,Europe
56149,United Kingdom,GBR,2004,1.747,,60169911.0,Europe
56150,United Kingdom,GBR,2005,1.761,11.53,60596057.0,Europe
56151,United Kingdom,GBR,2006,1.812,,61051051.0,Europe
56152,United Kingdom,GBR,2007,1.863,,61535810.0,Europe
56153,United Kingdom,GBR,2008,1.905,,62027249.0,Europe
56154,United Kingdom,GBR,2009,1.893,,62506169.0,Europe
56155,United Kingdom,GBR,2010,1.918,12.38,63006430.0,Europe
56156,United Kingdom,GBR,2011,1.911,,63509238.0,Europe
56157,United Kingdom,GBR,2012,1.909,,63960443.0,Europe
56158,United Kingdom,GBR,2013,1.83,,64389337.0,Europe
56159,United Kingdom,GBR,2014,1.811,,64865865.0,Europe
56160,United Kingdom,GBR,2015,1.801,12.62,65382063.0,Europe
56161,United Kingdom,GBR,2016,1.785,,65893305.0,Europe
56162,United Kingdom,GBR,2017,1.735,,66354423.0,Europe
56163,United Kingdom,GBR,2018,1.676,,66752425.0,Europe
56164,United Kingdom,GBR,2019,1.632,,67110910.0,Europe
56165,United Kingdom,GBR,2020,1.571,12.88,67351806.0,Europe
56360,United States,USA,1950,3.086,8.87,154202632.0,North America
56361,United States,USA,1951,3.197,,156481263.0,North America
56362,United States,USA,1952,3.29,,158794170.0,North America
56363,United States,USA,1953,3.358,,161168268.0,North America
56364,United States,USA,1954,3.475,,163636251.0,North America
56365,United States,USA,1955,3.515,9.26,166199979.0,North America
56366,United States,USA,1956,3.624,,168824918.0,North America
56367,United States,USA,1957,3.703,,171499183.0,North America
56368,United States,USA,1958,3.754,,174215249.0,North America
56369,United States,USA,1959,3.747,,177145721.0,North America
56370,United States,USA,1960,3.732,9.72,180274505.0,North America
56371,United States,USA,1961,3.691,,183489436.0,North America
56372,United States,USA,1962,3.533,,186724236.0,North America
56373,United States,USA,1963,3.39,,189825167.0,North America
56374,United States,USA,1964,3.258,,192819400.0,North America
56375,United States,USA,1965,2.983,10.46,195653733.0,North America
56376,United States,USA,1966,2.769,,198265356.0,North America
56377,United States,USA,1967,2.605,,200699861.0,North America
56378,United States,USA,1968,2.508,,203010975.0,North America
56379,United States,USA,1969,2.504,,205299986.0,North America
56380,United States,USA,1970,2.515,11.12,207796288.0,North America
56381,United States,USA,1971,2.318,,210426379.0,North America
56382,United States,USA,1972,2.057,,212842531.0,North America
56383,United States,USA,1973,1.921,,215006504.0,North America
56384,United States,USA,1974,1.872,,217076422.0,North America
56385,United States,USA,1975,1.815,11.68,219129243.0,North America
56386,United States,USA,1976,1.785,,221168704.0,North America
56387,United States,USA,1977,1.826,,223259362.0,North America
56388,United States,USA,1978,1.804,,225396049.0,North America
56389,United States,USA,1979,1.843,,227575037.0,North America
56390,United States,USA,1980,1.861,12.2,229858606.0,North America
56391,United States,USA,1981,1.847,,232201562.0,North America
56392,United States,USA,1982,1.855,,234583103.0,North America
56393,United States,USA,1983,1.827,,236986311.0,North America
56394,United States,USA,1984,1.827,,239353915.0,North America
56395,United States,USA,1985,1.854,12.37,241690387.0,North America
56396,United States,USA,1986,1.852,,243953759.0,North America
56397,United States,USA,1987,1.885,,246161249.0,North America
56398,United States,USA,1988,1.942,,248393183.0,North America
56399,United States,USA,1989,2.014,,250674998.0,North America
56400,United States,USA,1990,2.072,12.62,253373337.0,North America
56401,United States,USA,1991,2.059,,256471373.0,North America
56402,United States,USA,1992,2.039,,259605966.0,North America
56403,United States,USA,1993,2.01,,262633187.0,North America
56404,United States,USA,1994,1.988,,265474761.0,North America
56405,United States,USA,1995,1.965,12.82,268205740.0,North America
56406,United States,USA,1996,1.96,,270860655.0,North America
56407,United States,USA,1997,1.956,,273467966.0,North America
56408,United States,USA,1998,1.98,,276119277.0,North America
56409,United States,USA,1999,1.99,,278785441.0,North America
56410,United States,USA,2000,2.03,13.16,281484082.0,North America
56411,United States,USA,2001,2.011,,284279583.0,North America
56412,United States,USA,2002,2.003,,287084300.0,North America
56413,United States,USA,2003,2.025,,289908046.0,North America
56414,United States,USA,2004,2.031,,292786200.0,North America
56415,United States,USA,2005,2.04,13.11,295716618.0,North America
56416,United States,USA,2006,2.087,,298730164.0,North America
56417,United States,USA,2007,2.096,,301844176.0,North America
56418,United States,USA,2008,2.053,,304970280.0,North America
56419,United States,USA,2009,1.987,,308023398.0,North America
56420,United States,USA,2010,1.916,13.35,311062741.0,North America
56421,United States,USA,2011,1.879,,314105041.0,North America
56422,United States,USA,2012,1.862,,317115301.0,North America
56423,United States,USA,2013,1.84,,320110710.0,North America
56424,United States,USA,2014,1.848,,323115328.0,North America
56425,United States,USA,2015,1.832,13.37,326126448.0,North America
56426,United States,USA,2016,1.804,,329179362.0,North America
56427,United States,USA,2017,1.753,,332204602.0,North America
56428,United States,USA,2018,1.715,,335056439.0,North America
56429,United States,USA,2019,1.684,,337790020.0,North America
56430,United States,USA,2020,1.616,13.42,339436106.0,North America
56625,United States Virgin Islands,VIR,1950,4.965,,27057.0,North America
56626,United States Virgin Islands,VIR,1951,5.14,,27721.0,North America
56627,United States Virgin Islands,VIR,1952,4.754,,28180.0,North America
56628,United States Virgin Islands,VIR,1953,4.882,,28624.0,North America
56629,United States Virgin Islands,VIR,1954,4.859,,29147.0,North America
56630,United States Virgin Islands,VIR,1955,4.905,,29631.0,North America
56631,United States Virgin Islands,VIR,1956,4.998,,30109.0,North America
56632,United States Virgin Islands,VIR,1957,5.07,,30585.0,North America
56633,United States Virgin Islands,VIR,1958,5.406,,31112.0,North America
56634,United States Virgin Islands,VIR,1959,5.219,,31669.0,North America
56635,United States Virgin Islands,VIR,1960,5.149,,33006.0,North America
56636,United States Virgin Islands,VIR,1961,4.801,,35407.0,North America
56637,United States Virgin Islands,VIR,1962,5.072,,38299.0,North America
56638,United States Virgin Islands,VIR,1963,4.958,,41417.0,North America
56639,United States Virgin Islands,VIR,1964,5.474,,44805.0,North America
56640,United States Virgin Islands,VIR,1965,5.64,,48360.0,North America
56641,United States Virgin Islands,VIR,1966,4.993,,51742.0,North America
56642,United States Virgin Islands,VIR,1967,5.196,,54885.0,North America
56643,United States Virgin Islands,VIR,1968,4.954,,57808.0,North America
56644,United States Virgin Islands,VIR,1969,4.812,,60503.0,North America
56645,United States Virgin Islands,VIR,1970,5.254,,63821.0,North America
56646,United States Virgin Islands,VIR,1971,5.066,,67884.0,North America
56647,United States Virgin Islands,VIR,1972,4.78,,71887.0,North America
56648,United States Virgin Islands,VIR,1973,4.231,,75700.0,North America
56649,United States Virgin Islands,VIR,1974,3.873,,79280.0,North America
56650,United States Virgin Islands,VIR,1975,3.595,,82573.0,North America
56651,United States Virgin Islands,VIR,1976,3.39,,85682.0,North America
56652,United States Virgin Islands,VIR,1977,3.257,,88678.0,North America
56653,United States Virgin Islands,VIR,1978,3.303,,91578.0,North America
56654,United States Virgin Islands,VIR,1979,3.04,,94399.0,North America
56655,United States Virgin Islands,VIR,1980,3.105,,96535.0,North America
56656,United States Virgin Islands,VIR,1981,2.999,,97728.0,North America
56657,United States Virgin Islands,VIR,1982,3.076,,98608.0,North America
56658,United States Virgin Islands,VIR,1983,3.097,,99403.0,North America
56659,United States Virgin Islands,VIR,1984,2.896,,100125.0,North America
56660,United States Virgin Islands,VIR,1985,2.831,,100767.0,North America
56661,United States Virgin Islands,VIR,1986,2.74,,101304.0,North America
56662,United States Virgin Islands,VIR,1987,2.844,,101698.0,North America
56663,United States Virgin Islands,VIR,1988,2.837,,101920.0,North America
56664,United States Virgin Islands,VIR,1989,3.024,,101888.0,North America
56665,United States Virgin Islands,VIR,1990,3.106,,102282.0,North America
56666,United States Virgin Islands,VIR,1991,3.379,,103314.0,North America
56667,United States Virgin Islands,VIR,1992,3.63,,104396.0,North America
56668,United States Virgin Islands,VIR,1993,3.636,,105351.0,North America
56669,United States Virgin Islands,VIR,1994,3.682,,106193.0,North America
56670,United States Virgin Islands,VIR,1995,3.237,,106939.0,North America
56671,United States Virgin Islands,VIR,1996,2.941,,107564.0,North America
56672,United States Virgin Islands,VIR,1997,3.017,,108050.0,North America
56673,United States Virgin Islands,VIR,1998,2.676,,108392.0,North America
56674,United States Virgin Islands,VIR,1999,2.449,,108534.0,North America
56675,United States Virgin Islands,VIR,2000,2.337,,108538.0,North America
56676,United States Virgin Islands,VIR,2001,2.473,,108490.0,North America
56677,United States Virgin Islands,VIR,2002,2.415,,108387.0,North America
56678,United States Virgin Islands,VIR,2003,2.331,,108135.0,North America
56679,United States Virgin Islands,VIR,2004,2.427,,107806.0,North America
56680,United States Virgin Islands,VIR,2005,2.42,,107568.0,North America
56681,United States Virgin Islands,VIR,2006,2.572,,107420.0,North America
56682,United States Virgin Islands,VIR,2007,2.598,,107191.0,North America
56683,United States Virgin Islands,VIR,2008,2.687,,106923.0,North America
56684,United States Virgin Islands,VIR,2009,2.575,,106710.0,North America
56685,United States Virgin Islands,VIR,2010,2.48,,106274.0,North America
56686,United States Virgin Islands,VIR,2011,2.338,,105348.0,North America
56687,United States Virgin Islands,VIR,2012,2.254,,104264.0,North America
56688,United States Virgin Islands,VIR,2013,2.229,,103119.0,North America
56689,United States Virgin Islands,VIR,2014,2.221,,101963.0,North America
56690,United States Virgin Islands,VIR,2015,2.218,,100206.0,North America
56691,United States Virgin Islands,VIR,2016,2.205,,97739.0,North America
56692,United States Virgin Islands,VIR,2017,2.193,,95080.0,North America
56693,United States Virgin Islands,VIR,2018,2.182,,92278.0,North America
56694,United States Virgin Islands,VIR,2019,2.162,,89339.0,North America
56695,United States Virgin Islands,VIR,2020,2.139,,87676.0,North America
56997,Uruguay,URY,1950,2.692,4.42,2234368.0,South America
56998,Uruguay,URY,1951,2.701,,2256361.0,South America
56999,Uruguay,URY,1952,2.719,,2281065.0,South America
57000,Uruguay,URY,1953,2.739,,2307992.0,South America
57001,Uruguay,URY,1954,2.76,,2336819.0,South America
57002,Uruguay,URY,1955,2.757,4.73,2366980.0,South America
57003,Uruguay,URY,1956,2.791,,2398324.0,South America
57004,Uruguay,URY,1957,2.802,,2430723.0,South America
57005,Uruguay,URY,1958,2.815,,2463825.0,South America
57006,Uruguay,URY,1959,2.816,,2497109.0,South America
57007,Uruguay,URY,1960,2.827,5.06,2529916.0,South America
57008,Uruguay,URY,1961,2.846,,2561998.0,South America
57009,Uruguay,URY,1962,2.866,,2593249.0,South America
57010,Uruguay,URY,1963,2.884,,2623721.0,South America
57011,Uruguay,URY,1964,2.863,,2653134.0,South America
57012,Uruguay,URY,1965,2.84,5.45,2681116.0,South America
57013,Uruguay,URY,1966,2.819,,2707603.0,South America
57014,Uruguay,URY,1967,2.784,,2732229.0,South America
57015,Uruguay,URY,1968,2.771,,2754558.0,South America
57016,Uruguay,URY,1969,2.769,,2773935.0,South America
57017,Uruguay,URY,1970,2.772,6.01,2790763.0,South America
57018,Uruguay,URY,1971,2.767,,2806418.0,South America
57019,Uruguay,URY,1972,2.782,,2821601.0,South America
57020,Uruguay,URY,1973,2.855,,2837091.0,South America
57021,Uruguay,URY,1974,2.957,,2853893.0,South America
57022,Uruguay,URY,1975,3.017,6.56,2872280.0,South America
57023,Uruguay,URY,1976,3.005,,2891351.0,South America
57024,Uruguay,URY,1977,2.899,,2909420.0,South America
57025,Uruguay,URY,1978,2.829,,2925660.0,South America
57026,Uruguay,URY,1979,2.711,,2939861.0,South America
57027,Uruguay,URY,1980,2.59,7.12,2951905.0,South America
57028,Uruguay,URY,1981,2.534,,2963206.0,South America
57029,Uruguay,URY,1982,2.512,,2975444.0,South America
57030,Uruguay,URY,1983,2.486,,2988731.0,South America
57031,Uruguay,URY,1984,2.471,,3002443.0,South America
57032,Uruguay,URY,1985,2.47,7.58,3016999.0,South America
57033,Uruguay,URY,1986,2.47,,3032799.0,South America
57034,Uruguay,URY,1987,2.486,,3049842.0,South America
57035,Uruguay,URY,1988,2.503,,3067912.0,South America
57036,Uruguay,URY,1989,2.498,,3086210.0,South America
57037,Uruguay,URY,1990,2.477,7.53,3104365.0,South America
57038,Uruguay,URY,1991,2.454,,3122314.0,South America
57039,Uruguay,URY,1992,2.432,,3139656.0,South America
57040,Uruguay,URY,1993,2.408,,3156306.0,South America
57041,Uruguay,URY,1994,2.425,,3172786.0,South America
57042,Uruguay,URY,1995,2.401,7.53,3189385.0,South America
57043,Uruguay,URY,1996,2.364,,3206280.0,South America
57044,Uruguay,URY,1997,2.328,,3223305.0,South America
57045,Uruguay,URY,1998,2.271,,3239241.0,South America
57046,Uruguay,URY,1999,2.248,,3253972.0,South America
57047,Uruguay,URY,2000,2.196,8.24,3266165.0,South America
57048,Uruguay,URY,2001,2.161,,3274201.0,South America
57049,Uruguay,URY,2002,2.16,,3278826.0,South America
57050,Uruguay,URY,2003,2.116,,3281135.0,South America
57051,Uruguay,URY,2004,2.093,,3283108.0,South America
57052,Uruguay,URY,2005,2.097,8.8,3285727.0,South America
57053,Uruguay,URY,2006,2.07,,3289456.0,South America
57054,Uruguay,URY,2007,2.048,,3295106.0,South America
57055,Uruguay,URY,2008,2.03,,3302124.0,South America
57056,Uruguay,URY,2009,2.018,,3310038.0,South America
57057,Uruguay,URY,2010,2.011,8.92,3318536.0,South America
57058,Uruguay,URY,2011,1.987,,3326787.0,South America
57059,Uruguay,URY,2012,2.012,,3335354.0,South America
57060,Uruguay,URY,2013,2.034,,3345281.0,South America
57061,Uruguay,URY,2014,2.026,,3356294.0,South America
57062,Uruguay,URY,2015,2.041,8.96,3367974.0,South America
57063,Uruguay,URY,2016,1.966,,3379233.0,South America
57064,Uruguay,URY,2017,1.824,,3388401.0,South America
57065,Uruguay,URY,2018,1.681,,3394494.0,South America
57066,Uruguay,URY,2019,1.567,,3397150.0,South America
57067,Uruguay,URY,2020,1.497,9.07,3398912.0,South America
57262,Uzbekistan,UZB,1950,5.173,,6239857.0,Asia
57263,Uzbekistan,UZB,1951,5.174,,6384953.0,Asia
57264,Uzbekistan,UZB,1952,5.308,,6536475.0,Asia
57265,Uzbekistan,UZB,1953,5.42,,6698076.0,Asia
57266,Uzbekistan,UZB,1954,5.526,,6869755.0,Asia
57267,Uzbekistan,UZB,1955,5.678,,7053989.0,Asia
57268,Uzbekistan,UZB,1956,5.8,,7251998.0,Asia
57269,Uzbekistan,UZB,1957,5.92,,7463019.0,Asia
57270,Uzbekistan,UZB,1958,6.096,,7689122.0,Asia
57271,Uzbekistan,UZB,1959,6.35,,7935425.0,Asia
57272,Uzbekistan,UZB,1960,6.613,,8209074.0,Asia
57273,Uzbekistan,UZB,1961,6.752,,8517672.0,Asia
57274,Uzbekistan,UZB,1962,6.878,,8854317.0,Asia
57275,Uzbekistan,UZB,1963,6.808,,9202194.0,Asia
57276,Uzbekistan,UZB,1964,6.823,,9557565.0,Asia
57277,Uzbekistan,UZB,1965,6.81,,9921631.0,Asia
57278,Uzbekistan,UZB,1966,6.66,,10289244.0,Asia
57279,Uzbekistan,UZB,1967,6.567,,10659136.0,Asia
57280,Uzbekistan,UZB,1968,6.394,,11032106.0,Asia
57281,Uzbekistan,UZB,1969,6.338,,11403104.0,Asia
57282,Uzbekistan,UZB,1970,6.313,,11762592.0,Asia
57283,Uzbekistan,UZB,1971,6.284,,12111464.0,Asia
57284,Uzbekistan,UZB,1972,6.246,,12465055.0,Asia
57285,Uzbekistan,UZB,1973,6.162,,12830993.0,Asia
57286,Uzbekistan,UZB,1974,6.053,,13208970.0,Asia
57287,Uzbekistan,UZB,1975,5.918,,13598462.0,Asia
57288,Uzbekistan,UZB,1976,5.749,,13998570.0,Asia
57289,Uzbekistan,UZB,1977,5.54,,14408762.0,Asia
57290,Uzbekistan,UZB,1978,5.281,,14816297.0,Asia
57291,Uzbekistan,UZB,1979,5.159,,15215534.0,Asia
57292,Uzbekistan,UZB,1980,5.039,,15619888.0,Asia
57293,Uzbekistan,UZB,1981,4.905,,16034978.0,Asia
57294,Uzbekistan,UZB,1982,4.817,,16462701.0,Asia
57295,Uzbekistan,UZB,1983,4.714,,16908344.0,Asia
57296,Uzbekistan,UZB,1984,4.729,,17378811.0,Asia
57297,Uzbekistan,UZB,1985,4.691,,17875288.0,Asia
57298,Uzbekistan,UZB,1986,4.675,,18395580.0,Asia
57299,Uzbekistan,UZB,1987,4.532,,18930024.0,Asia
57300,Uzbekistan,UZB,1988,4.263,,19460581.0,Asia
57301,Uzbekistan,UZB,1989,4.102,,19977152.0,Asia
57302,Uzbekistan,UZB,1990,4.122,,20464919.0,Asia
57303,Uzbekistan,UZB,1991,4.19,,20962868.0,Asia
57304,Uzbekistan,UZB,1992,4.056,,21485048.0,Asia
57305,Uzbekistan,UZB,1993,3.863,,21987911.0,Asia
57306,Uzbekistan,UZB,1994,3.66,,22463238.0,Asia
57307,Uzbekistan,UZB,1995,3.566,,22917532.0,Asia
57308,Uzbekistan,UZB,1996,3.393,,23351929.0,Asia
57309,Uzbekistan,UZB,1997,3.186,,23758910.0,Asia
57310,Uzbekistan,UZB,1998,2.985,,24134883.0,Asia
57311,Uzbekistan,UZB,1999,2.831,,24475974.0,Asia
57312,Uzbekistan,UZB,2000,2.696,,24787003.0,Asia
57313,Uzbekistan,UZB,2001,2.61,,25090234.0,Asia
57314,Uzbekistan,UZB,2002,2.575,,25399940.0,Asia
57315,Uzbekistan,UZB,2003,2.503,,25711212.0,Asia
57316,Uzbekistan,UZB,2004,2.496,,26029305.0,Asia
57317,Uzbekistan,UZB,2005,2.438,,26356932.0,Asia
57318,Uzbekistan,UZB,2006,2.461,,26698989.0,Asia
57319,Uzbekistan,UZB,2007,2.573,,27075969.0,Asia
57320,Uzbekistan,UZB,2008,2.635,,27494727.0,Asia
57321,Uzbekistan,UZB,2009,2.559,,27939281.0,Asia
57322,Uzbekistan,UZB,2010,2.442,,28385466.0,Asia
57323,Uzbekistan,UZB,2011,2.354,,28823141.0,Asia
57324,Uzbekistan,UZB,2012,2.337,,29261864.0,Asia
57325,Uzbekistan,UZB,2013,2.445,,29724011.0,Asia
57326,Uzbekistan,UZB,2014,2.546,,30222939.0,Asia
57327,Uzbekistan,UZB,2015,2.583,,30749306.0,Asia
57328,Uzbekistan,UZB,2016,2.564,,31284509.0,Asia
57329,Uzbekistan,UZB,2017,2.57,,31819131.0,Asia
57330,Uzbekistan,UZB,2018,2.713,,32373443.0,Asia
57331,Uzbekistan,UZB,2019,2.869,,32964655.0,Asia
57332,Uzbekistan,UZB,2020,3.062,,33586325.0,Asia
57523,Vanuatu,VUT,1950,7.039,,51509.0,Oceania
57524,Vanuatu,VUT,1951,7.029,,52337.0,Oceania
57525,Vanuatu,VUT,1952,7.029,,53247.0,Oceania
57526,Vanuatu,VUT,1953,7.032,,54272.0,Oceania
57527,Vanuatu,VUT,1954,7.042,,55394.0,Oceania
57528,Vanuatu,VUT,1955,7.033,,56607.0,Oceania
57529,Vanuatu,VUT,1956,7.002,,57889.0,Oceania
57530,Vanuatu,VUT,1957,6.953,,59350.0,Oceania
57531,Vanuatu,VUT,1958,6.9,,60944.0,Oceania
57532,Vanuatu,VUT,1959,6.843,,62644.0,Oceania
57533,Vanuatu,VUT,1960,6.784,,64401.0,Oceania
57534,Vanuatu,VUT,1961,6.729,,66233.0,Oceania
57535,Vanuatu,VUT,1962,6.672,,68149.0,Oceania
57536,Vanuatu,VUT,1963,6.623,,70133.0,Oceania
57537,Vanuatu,VUT,1964,6.568,,72190.0,Oceania
57538,Vanuatu,VUT,1965,6.524,,74329.0,Oceania
57539,Vanuatu,VUT,1966,6.511,,76566.0,Oceania
57540,Vanuatu,VUT,1967,6.509,,78893.0,Oceania
57541,Vanuatu,VUT,1968,6.463,,81292.0,Oceania
57542,Vanuatu,VUT,1969,6.41,,83719.0,Oceania
57543,Vanuatu,VUT,1970,6.346,,86243.0,Oceania
57544,Vanuatu,VUT,1971,6.293,,88824.0,Oceania
57545,Vanuatu,VUT,1972,6.228,,91535.0,Oceania
57546,Vanuatu,VUT,1973,6.151,,94331.0,Oceania
57547,Vanuatu,VUT,1974,6.057,,97219.0,Oceania
57548,Vanuatu,VUT,1975,5.976,,100252.0,Oceania
57549,Vanuatu,VUT,1976,5.885,,103360.0,Oceania
57550,Vanuatu,VUT,1977,5.806,,106590.0,Oceania
57551,Vanuatu,VUT,1978,5.768,,109934.0,Oceania
57552,Vanuatu,VUT,1979,5.733,,113016.0,Oceania
57553,Vanuatu,VUT,1980,5.691,,115632.0,Oceania
57554,Vanuatu,VUT,1981,5.651,,118220.0,Oceania
57555,Vanuatu,VUT,1982,5.603,,121009.0,Oceania
57556,Vanuatu,VUT,1983,5.547,,123963.0,Oceania
57557,Vanuatu,VUT,1984,5.489,,127071.0,Oceania
57558,Vanuatu,VUT,1985,5.433,,130331.0,Oceania
57559,Vanuatu,VUT,1986,5.382,,133685.0,Oceania
57560,Vanuatu,VUT,1987,5.328,,137162.0,Oceania
57561,Vanuatu,VUT,1988,5.27,,140719.0,Oceania
57562,Vanuatu,VUT,1989,5.211,,144360.0,Oceania
57563,Vanuatu,VUT,1990,5.166,,148024.0,Oceania
57564,Vanuatu,VUT,1991,5.13,,151764.0,Oceania
57565,Vanuatu,VUT,1992,5.094,,155571.0,Oceania
57566,Vanuatu,VUT,1993,5.023,,159431.0,Oceania
57567,Vanuatu,VUT,1994,4.937,,163276.0,Oceania
57568,Vanuatu,VUT,1995,4.847,,167109.0,Oceania
57569,Vanuatu,VUT,1996,4.752,,170880.0,Oceania
57570,Vanuatu,VUT,1997,4.657,,174591.0,Oceania
57571,Vanuatu,VUT,1998,4.603,,178275.0,Oceania
57572,Vanuatu,VUT,1999,4.556,,182017.0,Oceania
57573,Vanuatu,VUT,2000,4.537,,186239.0,Oceania
57574,Vanuatu,VUT,2001,4.495,,190999.0,Oceania
57575,Vanuatu,VUT,2002,4.382,,195817.0,Oceania
57576,Vanuatu,VUT,2003,4.293,,200713.0,Oceania
57577,Vanuatu,VUT,2004,4.214,,205676.0,Oceania
57578,Vanuatu,VUT,2005,4.133,,210722.0,Oceania
57579,Vanuatu,VUT,2006,4.1,,215894.0,Oceania
57580,Vanuatu,VUT,2007,4.117,,221243.0,Oceania
57581,Vanuatu,VUT,2008,4.159,,226856.0,Oceania
57582,Vanuatu,VUT,2009,4.157,,232691.0,Oceania
57583,Vanuatu,VUT,2010,4.126,,238203.0,Oceania
57584,Vanuatu,VUT,2011,4.093,,243438.0,Oceania
57585,Vanuatu,VUT,2012,4.059,,248850.0,Oceania
57586,Vanuatu,VUT,2013,4.039,,254448.0,Oceania
57587,Vanuatu,VUT,2014,3.999,,260196.0,Oceania
57588,Vanuatu,VUT,2015,3.952,,266060.0,Oceania
57589,Vanuatu,VUT,2016,3.915,,272050.0,Oceania
57590,Vanuatu,VUT,2017,3.875,,278465.0,Oceania
57591,Vanuatu,VUT,2018,3.834,,285223.0,Oceania
57592,Vanuatu,VUT,2019,3.79,,291943.0,Oceania
57593,Vanuatu,VUT,2020,3.738,,298824.0,Oceania
57774,Vatican,VAT,1950,1.0,,856.0,Europe
57775,Vatican,VAT,1951,1.0,,862.0,Europe
57776,Vatican,VAT,1952,1.0,,868.0,Europe
57777,Vatican,VAT,1953,1.0,,874.0,Europe
57778,Vatican,VAT,1954,1.0,,881.0,Europe
57779,Vatican,VAT,1955,1.0,,888.0,Europe
57780,Vatican,VAT,1956,1.0,,893.0,Europe
57781,Vatican,VAT,1957,1.0,,895.0,Europe
57782,Vatican,VAT,1958,1.0,,897.0,Europe
57783,Vatican,VAT,1959,1.0,,898.0,Europe
57784,Vatican,VAT,1960,1.0,,896.0,Europe
57785,Vatican,VAT,1961,1.0,,894.0,Europe
57786,Vatican,VAT,1962,1.0,,897.0,Europe
57787,Vatican,VAT,1963,1.0,,899.0,Europe
57788,Vatican,VAT,1964,1.0,,899.0,Europe
57789,Vatican,VAT,1965,1.0,,869.0,Europe
57790,Vatican,VAT,1966,1.0,,831.0,Europe
57791,Vatican,VAT,1967,1.0,,795.0,Europe
57792,Vatican,VAT,1968,1.0,,759.0,Europe
57793,Vatican,VAT,1969,1.0,,744.0,Europe
57794,Vatican,VAT,1970,1.0,,736.0,Europe
57795,Vatican,VAT,1971,1.0,,732.0,Europe
57796,Vatican,VAT,1972,1.0,,730.0,Europe
57797,Vatican,VAT,1973,1.0,,727.0,Europe
57798,Vatican,VAT,1974,1.0,,727.0,Europe
57799,Vatican,VAT,1975,1.0,,726.0,Europe
57800,Vatican,VAT,1976,1.0,,731.0,Europe
57801,Vatican,VAT,1977,1.0,,734.0,Europe
57802,Vatican,VAT,1978,1.0,,737.0,Europe
57803,Vatican,VAT,1979,1.0,,739.0,Europe
57804,Vatican,VAT,1980,1.0,,738.0,Europe
57805,Vatican,VAT,1981,1.0,,737.0,Europe
57806,Vatican,VAT,1982,1.0,,734.0,Europe
57807,Vatican,VAT,1983,1.0,,730.0,Europe
57808,Vatican,VAT,1984,1.0,,726.0,Europe
57809,Vatican,VAT,1985,1.0,,722.0,Europe
57810,Vatican,VAT,1986,1.0,,720.0,Europe
57811,Vatican,VAT,1987,1.0,,719.0,Europe
57812,Vatican,VAT,1988,1.0,,716.0,Europe
57813,Vatican,VAT,1989,1.0,,718.0,Europe
57814,Vatican,VAT,1990,1.0,,718.0,Europe
57815,Vatican,VAT,1991,1.0,,719.0,Europe
57816,Vatican,VAT,1992,1.0,,719.0,Europe
57817,Vatican,VAT,1993,1.0,,714.0,Europe
57818,Vatican,VAT,1994,1.0,,707.0,Europe
57819,Vatican,VAT,1995,1.0,,702.0,Europe
57820,Vatican,VAT,1996,1.0,,696.0,Europe
57821,Vatican,VAT,1997,1.0,,693.0,Europe
57822,Vatican,VAT,1998,1.0,,694.0,Europe
57823,Vatican,VAT,1999,1.0,,691.0,Europe
57824,Vatican,VAT,2000,1.0,,683.0,Europe
57825,Vatican,VAT,2001,1.0,,672.0,Europe
57826,Vatican,VAT,2002,1.0,,665.0,Europe
57827,Vatican,VAT,2003,1.0,,653.0,Europe
57828,Vatican,VAT,2004,1.0,,646.0,Europe
57829,Vatican,VAT,2005,1.0,,646.0,Europe
57830,Vatican,VAT,2006,1.0,,644.0,Europe
57831,Vatican,VAT,2007,1.0,,636.0,Europe
57832,Vatican,VAT,2008,1.0,,628.0,Europe
57833,Vatican,VAT,2009,1.0,,617.0,Europe
57834,Vatican,VAT,2010,1.0,,613.0,Europe
57835,Vatican,VAT,2011,1.0,,610.0,Europe
57836,Vatican,VAT,2012,1.0,,602.0,Europe
57837,Vatican,VAT,2013,1.0,,588.0,Europe
57838,Vatican,VAT,2014,1.0,,577.0,Europe
57839,Vatican,VAT,2015,1.0,,569.0,Europe
57840,Vatican,VAT,2016,1.0,,560.0,Europe
57841,Vatican,VAT,2017,1.0,,550.0,Europe
57842,Vatican,VAT,2018,1.0,,539.0,Europe
57843,Vatican,VAT,2019,1.0,,527.0,Europe
57844,Vatican,VAT,2020,1.0,,521.0,Europe
57998,Venezuela,VEN,1950,6.635,1.38,5488803.0,South America
57999,Venezuela,VEN,1951,6.619,,5732553.0,South America
58000,Venezuela,VEN,1952,6.612,,5981325.0,South America
58001,Venezuela,VEN,1953,6.607,,6234727.0,South America
58002,Venezuela,VEN,1954,6.602,,6492763.0,South America
58003,Venezuela,VEN,1955,6.599,1.67,6755777.0,South America
58004,Venezuela,VEN,1956,6.596,,7024269.0,South America
58005,Venezuela,VEN,1957,6.588,,7299393.0,South America
58006,Venezuela,VEN,1958,6.567,,7581930.0,South America
58007,Venezuela,VEN,1959,6.446,,7869179.0,South America
58008,Venezuela,VEN,1960,6.382,2.09,8160039.0,South America
58009,Venezuela,VEN,1961,6.298,,8455868.0,South America
58010,Venezuela,VEN,1962,6.231,,8756836.0,South America
58011,Venezuela,VEN,1963,6.155,,9063964.0,South America
58012,Venezuela,VEN,1964,6.071,,9377666.0,South America
58013,Venezuela,VEN,1965,5.977,2.51,9697750.0,South America
58014,Venezuela,VEN,1966,5.87,,10024810.0,South America
58015,Venezuela,VEN,1967,5.748,,10358462.0,South America
58016,Venezuela,VEN,1968,5.614,,10697491.0,South America
58017,Venezuela,VEN,1969,5.469,,11040238.0,South America
58018,Venezuela,VEN,1970,5.321,3.31,11387742.0,South America
58019,Venezuela,VEN,1971,5.174,,11740964.0,South America
58020,Venezuela,VEN,1972,5.035,,12099135.0,South America
58021,Venezuela,VEN,1973,4.906,,12463492.0,South America
58022,Venezuela,VEN,1974,4.791,,12835307.0,South America
58023,Venezuela,VEN,1975,4.686,4.32,13215836.0,South America
58024,Venezuela,VEN,1976,4.589,,13606241.0,South America
58025,Venezuela,VEN,1977,4.494,,14006769.0,South America
58026,Venezuela,VEN,1978,4.397,,14416629.0,South America
58027,Venezuela,VEN,1979,4.298,,14834502.0,South America
58028,Venezuela,VEN,1980,4.2,5.31,15258178.0,South America
58029,Venezuela,VEN,1981,4.104,,15687249.0,South America
58030,Venezuela,VEN,1982,4.014,,16121826.0,South America
58031,Venezuela,VEN,1983,3.933,,16562159.0,South America
58032,Venezuela,VEN,1984,3.861,,17008796.0,South America
58033,Venezuela,VEN,1985,3.794,5.26,17461384.0,South America
58034,Venezuela,VEN,1986,3.73,,17923491.0,South America
58035,Venezuela,VEN,1987,3.665,,18394915.0,South America
58036,Venezuela,VEN,1988,3.597,,18870966.0,South America
58037,Venezuela,VEN,1989,3.524,,19348872.0,South America
58038,Venezuela,VEN,1990,3.448,5.34,19826964.0,South America
58039,Venezuela,VEN,1991,3.37,,20304851.0,South America
58040,Venezuela,VEN,1992,3.292,,20780903.0,South America
58041,Venezuela,VEN,1993,3.218,,21254472.0,South America
58042,Venezuela,VEN,1994,3.147,,21725143.0,South America
58043,Venezuela,VEN,1995,3.082,6.2,22193779.0,South America
58044,Venezuela,VEN,1996,3.022,,22662059.0,South America
58045,Venezuela,VEN,1997,2.967,,23131643.0,South America
58046,Venezuela,VEN,1998,2.912,,23601294.0,South America
58047,Venezuela,VEN,1999,2.856,,24066549.0,South America
58048,Venezuela,VEN,2000,2.79,7.14,24526662.0,South America
58049,Venezuela,VEN,2001,2.779,,24979886.0,South America
58050,Venezuela,VEN,2002,2.739,,25435624.0,South America
58051,Venezuela,VEN,2003,2.703,,25892668.0,South America
58052,Venezuela,VEN,2004,2.639,,26340788.0,South America
58053,Venezuela,VEN,2005,2.629,8.03,26785743.0,South America
58054,Venezuela,VEN,2006,2.595,,27224637.0,South America
58055,Venezuela,VEN,2007,2.524,,27649328.0,South America
58056,Venezuela,VEN,2008,2.475,,28053644.0,South America
58057,Venezuela,VEN,2009,2.422,,28438244.0,South America
58058,Venezuela,VEN,2010,2.396,9.14,28813062.0,South America
58059,Venezuela,VEN,2011,2.398,,29185167.0,South America
58060,Venezuela,VEN,2012,2.379,,29553788.0,South America
58061,Venezuela,VEN,2013,2.334,,29912142.0,South America
58062,Venezuela,VEN,2014,2.296,,30254025.0,South America
58063,Venezuela,VEN,2015,2.253,9.35,30573919.0,South America
58064,Venezuela,VEN,2016,2.217,,30765670.0,South America
58065,Venezuela,VEN,2017,2.183,,30565285.0,South America
58066,Venezuela,VEN,2018,2.151,,29807542.0,South America
58067,Venezuela,VEN,2019,2.131,,28938043.0,South America
58068,Venezuela,VEN,2020,2.116,9.66,28444030.0,South America
58263,Vietnam,VNM,1950,5.147,,25100685.0,Asia
58264,Vietnam,VNM,1951,4.651,,25600226.0,Asia
58265,Vietnam,VNM,1952,5.467,,26143866.0,Asia
58266,Vietnam,VNM,1953,5.274,,26757916.0,Asia
58267,Vietnam,VNM,1954,5.797,,27427867.0,Asia
58268,Vietnam,VNM,1955,5.535,,28166396.0,Asia
58269,Vietnam,VNM,1956,5.621,,28922269.0,Asia
58270,Vietnam,VNM,1957,6.145,,29754376.0,Asia
58271,Vietnam,VNM,1958,6.209,,30658399.0,Asia
58272,Vietnam,VNM,1959,6.25,,31585499.0,Asia
58273,Vietnam,VNM,1960,6.273,,32531879.0,Asia
58274,Vietnam,VNM,1961,5.476,,33409006.0,Asia
58275,Vietnam,VNM,1962,6.257,,34288512.0,Asia
58276,Vietnam,VNM,1963,6.385,,35249058.0,Asia
58277,Vietnam,VNM,1964,6.285,,36201519.0,Asia
58278,Vietnam,VNM,1965,6.156,,37129616.0,Asia
58279,Vietnam,VNM,1966,5.968,,38024779.0,Asia
58280,Vietnam,VNM,1967,5.883,,38895033.0,Asia
58281,Vietnam,VNM,1968,6.029,,39734559.0,Asia
58282,Vietnam,VNM,1969,6.013,,40582047.0,Asia
58283,Vietnam,VNM,1970,6.019,,41475177.0,Asia
58284,Vietnam,VNM,1971,6.069,,42449231.0,Asia
58285,Vietnam,VNM,1972,6.1,,43429129.0,Asia
58286,Vietnam,VNM,1973,6.108,,44409804.0,Asia
58287,Vietnam,VNM,1974,5.781,,45413487.0,Asia
58288,Vietnam,VNM,1975,5.621,,46482853.0,Asia
58289,Vietnam,VNM,1976,5.461,,47684874.0,Asia
58290,Vietnam,VNM,1977,5.291,,48954823.0,Asia
58291,Vietnam,VNM,1978,5.104,,50249505.0,Asia
58292,Vietnam,VNM,1979,4.94,,51378168.0,Asia
58293,Vietnam,VNM,1980,4.795,,52490051.0,Asia
58294,Vietnam,VNM,1981,4.665,,53738083.0,Asia
58295,Vietnam,VNM,1982,4.593,,55011246.0,Asia
58296,Vietnam,VNM,1983,4.524,,56337870.0,Asia
58297,Vietnam,VNM,1984,4.412,,57706012.0,Asia
58298,Vietnam,VNM,1985,4.206,,59060576.0,Asia
58299,Vietnam,VNM,1986,3.955,,60346997.0,Asia
58300,Vietnam,VNM,1987,3.717,,61584586.0,Asia
58301,Vietnam,VNM,1988,3.623,,62843178.0,Asia
58302,Vietnam,VNM,1989,3.641,,64147307.0,Asia
58303,Vietnam,VNM,1990,3.602,,65504503.0,Asia
58304,Vietnam,VNM,1991,3.524,,66891732.0,Asia
58305,Vietnam,VNM,1992,3.353,,68260287.0,Asia
58306,Vietnam,VNM,1993,3.172,,69586352.0,Asia
58307,Vietnam,VNM,1994,2.941,,70854342.0,Asia
58308,Vietnam,VNM,1995,2.7,,72049901.0,Asia
58309,Vietnam,VNM,1996,2.468,,73156404.0,Asia
58310,Vietnam,VNM,1997,2.274,,74226840.0,Asia
58311,Vietnam,VNM,1998,2.098,,75299613.0,Asia
58312,Vietnam,VNM,1999,1.999,,76287407.0,Asia
58313,Vietnam,VNM,2000,2.028,,77153969.0,Asia
58314,Vietnam,VNM,2001,2.023,,77969304.0,Asia
58315,Vietnam,VNM,2002,2.006,,78772174.0,Asia
58316,Vietnam,VNM,2003,1.999,,79563721.0,Asia
58317,Vietnam,VNM,2004,1.968,,80338926.0,Asia
58318,Vietnam,VNM,2005,1.887,,81088259.0,Asia
58319,Vietnam,VNM,2006,1.873,,82167850.0,Asia
58320,Vietnam,VNM,2007,1.911,,83633326.0,Asia
58321,Vietnam,VNM,2008,1.933,,85175740.0,Asia
58322,Vietnam,VNM,2009,1.92,,86459976.0,Asia
58323,Vietnam,VNM,2010,1.906,,87455095.0,Asia
58324,Vietnam,VNM,2011,1.927,,88468266.0,Asia
58325,Vietnam,VNM,2012,1.967,,89510294.0,Asia
58326,Vietnam,VNM,2013,1.98,,90573054.0,Asia
58327,Vietnam,VNM,2014,2.09,,91679537.0,Asia
58328,Vietnam,VNM,2015,2.1,7.73,92823207.0,Asia
58329,Vietnam,VNM,2016,2.0,,94000065.0,Asia
58330,Vietnam,VNM,2017,1.985,,95176934.0,Asia
58331,Vietnam,VNM,2018,1.88,,96237273.0,Asia
58332,Vietnam,VNM,2019,1.943,,97173733.0,Asia
58333,Vietnam,VNM,2020,1.957,8.16,98079150.0,Asia
58528,Wallis and Futuna,WLF,1950,6.947,,8516.0,Oceania
58529,Wallis and Futuna,WLF,1951,6.95,,8794.0,Oceania
58530,Wallis and Futuna,WLF,1952,6.952,,9175.0,Oceania
58531,Wallis and Futuna,WLF,1953,6.955,,9534.0,Oceania
58532,Wallis and Futuna,WLF,1954,6.968,,9697.0,Oceania
58533,Wallis and Futuna,WLF,1955,6.967,,9634.0,Oceania
58534,Wallis and Futuna,WLF,1956,6.965,,9498.0,Oceania
58535,Wallis and Futuna,WLF,1957,6.962,,9323.0,Oceania
58536,Wallis and Futuna,WLF,1958,6.969,,9120.0,Oceania
58537,Wallis and Futuna,WLF,1959,6.983,,8883.0,Oceania
58538,Wallis and Futuna,WLF,1960,7.001,,8610.0,Oceania
58539,Wallis and Futuna,WLF,1961,7.021,,8283.0,Oceania
58540,Wallis and Futuna,WLF,1962,7.039,,8133.0,Oceania
58541,Wallis and Futuna,WLF,1963,7.071,,8183.0,Oceania
58542,Wallis and Futuna,WLF,1964,7.101,,8237.0,Oceania
58543,Wallis and Futuna,WLF,1965,7.139,,8266.0,Oceania
58544,Wallis and Futuna,WLF,1966,7.184,,8283.0,Oceania
58545,Wallis and Futuna,WLF,1967,7.232,,8370.0,Oceania
58546,Wallis and Futuna,WLF,1968,7.288,,8485.0,Oceania
58547,Wallis and Futuna,WLF,1969,7.347,,8635.0,Oceania
58548,Wallis and Futuna,WLF,1970,7.316,,8821.0,Oceania
58549,Wallis and Futuna,WLF,1971,7.283,,8969.0,Oceania
58550,Wallis and Futuna,WLF,1972,7.29,,9119.0,Oceania
58551,Wallis and Futuna,WLF,1973,7.301,,9249.0,Oceania
58552,Wallis and Futuna,WLF,1974,6.896,,9347.0,Oceania
58553,Wallis and Futuna,WLF,1975,6.439,,9310.0,Oceania
58554,Wallis and Futuna,WLF,1976,6.119,,9387.0,Oceania
58555,Wallis and Futuna,WLF,1977,6.358,,9737.0,Oceania
58556,Wallis and Futuna,WLF,1978,6.624,,10157.0,Oceania
58557,Wallis and Futuna,WLF,1979,6.475,,10623.0,Oceania
58558,Wallis and Futuna,WLF,1980,5.972,,11101.0,Oceania
58559,Wallis and Futuna,WLF,1981,6.399,,11604.0,Oceania
58560,Wallis and Futuna,WLF,1982,5.885,,12133.0,Oceania
58561,Wallis and Futuna,WLF,1983,5.507,,12484.0,Oceania
58562,Wallis and Futuna,WLF,1984,5.613,,12649.0,Oceania
58563,Wallis and Futuna,WLF,1985,5.443,,12783.0,Oceania
58564,Wallis and Futuna,WLF,1986,5.591,,12920.0,Oceania
58565,Wallis and Futuna,WLF,1987,5.633,,13051.0,Oceania
58566,Wallis and Futuna,WLF,1988,4.812,,13187.0,Oceania
58567,Wallis and Futuna,WLF,1989,4.488,,13324.0,Oceania
58568,Wallis and Futuna,WLF,1990,4.582,,13466.0,Oceania
58569,Wallis and Futuna,WLF,1991,4.418,,13613.0,Oceania
58570,Wallis and Futuna,WLF,1992,4.178,,13754.0,Oceania
58571,Wallis and Futuna,WLF,1993,3.916,,13906.0,Oceania
58572,Wallis and Futuna,WLF,1994,3.64,,14036.0,Oceania
58573,Wallis and Futuna,WLF,1995,3.384,,14182.0,Oceania
58574,Wallis and Futuna,WLF,1996,3.084,,14295.0,Oceania
58575,Wallis and Futuna,WLF,1997,2.628,,14400.0,Oceania
58576,Wallis and Futuna,WLF,1998,2.619,,14515.0,Oceania
58577,Wallis and Futuna,WLF,1999,3.129,,14626.0,Oceania
58578,Wallis and Futuna,WLF,2000,2.451,,14755.0,Oceania
58579,Wallis and Futuna,WLF,2001,2.372,,14894.0,Oceania
58580,Wallis and Futuna,WLF,2002,2.376,,15008.0,Oceania
58581,Wallis and Futuna,WLF,2003,2.583,,15029.0,Oceania
58582,Wallis and Futuna,WLF,2004,2.189,,14876.0,Oceania
58583,Wallis and Futuna,WLF,2005,2.07,,14590.0,Oceania
58584,Wallis and Futuna,WLF,2006,2.11,,14290.0,Oceania
58585,Wallis and Futuna,WLF,2007,2.111,,13973.0,Oceania
58586,Wallis and Futuna,WLF,2008,1.961,,13665.0,Oceania
58587,Wallis and Futuna,WLF,2009,2.43,,13386.0,Oceania
58588,Wallis and Futuna,WLF,2010,1.872,,13148.0,Oceania
58589,Wallis and Futuna,WLF,2011,2.278,,12891.0,Oceania
58590,Wallis and Futuna,WLF,2012,2.066,,12662.0,Oceania
58591,Wallis and Futuna,WLF,2013,1.829,,12457.0,Oceania
58592,Wallis and Futuna,WLF,2014,1.82,,12282.0,Oceania
58593,Wallis and Futuna,WLF,2015,1.972,,12147.0,Oceania
58594,Wallis and Futuna,WLF,2016,2.004,,12016.0,Oceania
58595,Wallis and Futuna,WLF,2017,2.027,,11905.0,Oceania
58596,Wallis and Futuna,WLF,2018,1.716,,11788.0,Oceania
58597,Wallis and Futuna,WLF,2019,2.048,,11670.0,Oceania
58598,Wallis and Futuna,WLF,2020,1.574,,11602.0,Oceania
58609,West Germany,OWID_GFR,1950,,,49980000.0,Europe
58610,West Germany,OWID_GFR,1973,,,61980000.0,Europe
58611,West Germany,OWID_GFR,1990,,,63250000.0,Europe
58613,Western Sahara,ESH,1950,6.012,,12935.0,Africa
58614,Western Sahara,ESH,1951,6.047,,14186.0,Africa
58615,Western Sahara,ESH,1952,6.082,,15516.0,Africa
58616,Western Sahara,ESH,1953,6.119,,16955.0,Africa
58617,Western Sahara,ESH,1954,6.154,,18516.0,Africa
58618,Western Sahara,ESH,1955,6.193,,20200.0,Africa
58619,Western Sahara,ESH,1956,6.218,,21987.0,Africa
58620,Western Sahara,ESH,1957,6.237,,23878.0,Africa
58621,Western Sahara,ESH,1958,6.301,,25895.0,Africa
58622,Western Sahara,ESH,1959,6.349,,28045.0,Africa
58623,Western Sahara,ESH,1960,6.407,,30312.0,Africa
58624,Western Sahara,ESH,1961,6.458,,32696.0,Africa
58625,Western Sahara,ESH,1962,6.508,,35237.0,Africa
58626,Western Sahara,ESH,1963,6.518,,37865.0,Africa
58627,Western Sahara,ESH,1964,6.516,,40633.0,Africa
58628,Western Sahara,ESH,1965,6.515,,43506.0,Africa
58629,Western Sahara,ESH,1966,6.526,,46497.0,Africa
58630,Western Sahara,ESH,1967,6.512,,50603.0,Africa
58631,Western Sahara,ESH,1968,6.478,,55958.0,Africa
58632,Western Sahara,ESH,1969,6.426,,61610.0,Africa
58633,Western Sahara,ESH,1970,6.371,,71697.0,Africa
58634,Western Sahara,ESH,1971,6.319,,78687.0,Africa
58635,Western Sahara,ESH,1972,6.285,,78228.0,Africa
58636,Western Sahara,ESH,1973,6.252,,77628.0,Africa
58637,Western Sahara,ESH,1974,6.223,,76441.0,Africa
58638,Western Sahara,ESH,1975,6.202,,66867.0,Africa
58639,Western Sahara,ESH,1976,6.18,,64476.0,Africa
58640,Western Sahara,ESH,1977,6.124,,77357.0,Africa
58641,Western Sahara,ESH,1978,6.055,,90850.0,Africa
58642,Western Sahara,ESH,1979,5.962,,104942.0,Africa
58643,Western Sahara,ESH,1980,5.855,,117330.0,Africa
58644,Western Sahara,ESH,1981,5.707,,126848.0,Africa
58645,Western Sahara,ESH,1982,5.598,,134443.0,Africa
58646,Western Sahara,ESH,1983,5.52,,140559.0,Africa
58647,Western Sahara,ESH,1984,5.443,,146120.0,Africa
58648,Western Sahara,ESH,1985,5.363,,151742.0,Africa
58649,Western Sahara,ESH,1986,5.222,,157323.0,Africa
58650,Western Sahara,ESH,1987,5.079,,162843.0,Africa
58651,Western Sahara,ESH,1988,4.937,,168370.0,Africa
58652,Western Sahara,ESH,1989,4.813,,173893.0,Africa
58653,Western Sahara,ESH,1990,4.691,,179512.0,Africa
58654,Western Sahara,ESH,1991,4.538,,185269.0,Africa
58655,Western Sahara,ESH,1992,4.402,,190913.0,Africa
58656,Western Sahara,ESH,1993,4.271,,196442.0,Africa
58657,Western Sahara,ESH,1994,4.149,,201885.0,Africa
58658,Western Sahara,ESH,1995,4.046,,209903.0,Africa
58659,Western Sahara,ESH,1996,3.943,,221348.0,Africa
58660,Western Sahara,ESH,1997,3.832,,233739.0,Africa
58661,Western Sahara,ESH,1998,3.722,,246266.0,Africa
58662,Western Sahara,ESH,1999,3.608,,258936.0,Africa
58663,Western Sahara,ESH,2000,3.487,,271899.0,Africa
58664,Western Sahara,ESH,2001,3.341,,285154.0,Africa
58665,Western Sahara,ESH,2002,3.193,,298418.0,Africa
58666,Western Sahara,ESH,2003,3.07,,311741.0,Africa
58667,Western Sahara,ESH,2004,2.965,,325140.0,Africa
58668,Western Sahara,ESH,2005,2.892,,338651.0,Africa
58669,Western Sahara,ESH,2006,2.832,,352606.0,Africa
58670,Western Sahara,ESH,2007,2.775,,366828.0,Africa
58671,Western Sahara,ESH,2008,2.723,,380780.0,Africa
58672,Western Sahara,ESH,2009,2.675,,394907.0,Africa
58673,Western Sahara,ESH,2010,2.635,,409671.0,Africa
58674,Western Sahara,ESH,2011,2.586,,425044.0,Africa
58675,Western Sahara,ESH,2012,2.549,,440984.0,Africa
58676,Western Sahara,ESH,2013,2.499,,457386.0,Africa
58677,Western Sahara,ESH,2014,2.459,,472540.0,Africa
58678,Western Sahara,ESH,2015,2.417,,486183.0,Africa
58679,Western Sahara,ESH,2016,2.382,,499608.0,Africa
58680,Western Sahara,ESH,2017,2.352,,512803.0,Africa
58681,Western Sahara,ESH,2018,2.316,,525744.0,Africa
58682,Western Sahara,ESH,2019,2.281,,538401.0,Africa
58683,Western Sahara,ESH,2020,2.25,,549312.0,Africa
58728,World,OWID_WRL,1950,4.852,2.6295884,2493092801.0,World
58729,World,OWID_WRL,1951,4.816,,2536926981.0,World
58730,World,OWID_WRL,1952,5.001,,2584086282.0,World
58731,World,OWID_WRL,1953,4.922,,2634106196.0,World
58732,World,OWID_WRL,1954,4.998,,2685894824.0,World
58733,World,OWID_WRL,1955,5.003,2.8005378,2740213742.0,World
58734,World,OWID_WRL,1956,4.931,,2795409946.0,World
58735,World,OWID_WRL,1957,5.068,,2852618291.0,World
58736,World,OWID_WRL,1958,4.932,,2911249598.0,World
58737,World,OWID_WRL,1959,4.74,,2965950296.0,World
58738,World,OWID_WRL,1960,4.696,3.0395148,3015470858.0,World
58739,World,OWID_WRL,1961,4.571,,3064869609.0,World
58740,World,OWID_WRL,1962,5.022,,3123374259.0,World
58741,World,OWID_WRL,1963,5.308,,3192807773.0,World
58742,World,OWID_WRL,1964,5.123,,3264487295.0,World
58743,World,OWID_WRL,1965,5.071,3.3475354,3334533671.0,World
58744,World,OWID_WRL,1966,4.961,,3404041061.0,World
58745,World,OWID_WRL,1967,4.852,,3473412825.0,World
58746,World,OWID_WRL,1968,4.963,,3545187204.0,World
58747,World,OWID_WRL,1969,4.866,,3619491543.0,World
58748,World,OWID_WRL,1970,4.825,3.7778242,3694683753.0,World
58749,World,OWID_WRL,1971,4.679,,3769847803.0,World
58750,World,OWID_WRL,1972,4.545,,3844917635.0,World
58751,World,OWID_WRL,1973,4.416,,3920804971.0,World
58752,World,OWID_WRL,1974,4.259,,3996416050.0,World
58753,World,OWID_WRL,1975,4.08,4.1753187,4070735208.0,World
58754,World,OWID_WRL,1976,3.974,,4144246343.0,World
58755,World,OWID_WRL,1977,3.85,,4217863768.0,World
58756,World,OWID_WRL,1978,3.787,,4292097452.0,World
58757,World,OWID_WRL,1979,3.771,,4368539442.0,World
58758,World,OWID_WRL,1980,3.744,4.685742,4447606162.0,World
58759,World,OWID_WRL,1981,3.711,,4528777252.0,World
58760,World,OWID_WRL,1982,3.712,,4612673388.0,World
58761,World,OWID_WRL,1983,3.581,,4697327540.0,World
58762,World,OWID_WRL,1984,3.553,,4782175455.0,World
58763,World,OWID_WRL,1985,3.515,5.157459,4868943409.0,World
58764,World,OWID_WRL,1986,3.504,,4958072773.0,World
58765,World,OWID_WRL,1987,3.476,,5049746328.0,World
58766,World,OWID_WRL,1988,3.39,,5141992501.0,World
58767,World,OWID_WRL,1989,3.347,,5234431681.0,World
58768,World,OWID_WRL,1990,3.31,5.6542764,5327803039.0,World
58769,World,OWID_WRL,1991,3.131,,5418735854.0,World
58770,World,OWID_WRL,1992,3.044,,5505989763.0,World
58771,World,OWID_WRL,1993,2.98,,5591544754.0,World
58772,World,OWID_WRL,1994,2.933,,5675551219.0,World
58773,World,OWID_WRL,1995,2.889,6.111479,5758878939.0,World
58774,World,OWID_WRL,1996,2.846,,5842055673.0,World
58775,World,OWID_WRL,1997,2.809,,5924787768.0,World
58776,World,OWID_WRL,1998,2.776,,6007066661.0,World
58777,World,OWID_WRL,1999,2.75,,6089006306.0,World
58778,World,OWID_WRL,2000,2.754,6.6108136,6171702952.0,World
58779,World,OWID_WRL,2001,2.714,,6254936409.0,World
58780,World,OWID_WRL,2002,2.684,,6337730260.0,World
58781,World,OWID_WRL,2003,2.659,,6420361599.0,World
58782,World,OWID_WRL,2004,2.647,,6503377733.0,World
58783,World,OWID_WRL,2005,2.63,7.1523767,6586970109.0,World
58784,World,OWID_WRL,2006,2.625,,6671451961.0,World
58785,World,OWID_WRL,2007,2.623,,6757308732.0,World
58786,World,OWID_WRL,2008,2.626,,6844457620.0,World
58787,World,OWID_WRL,2009,2.621,,6932766373.0,World
58788,World,OWID_WRL,2010,2.602,7.670541,7021732097.0,World
58789,World,OWID_WRL,2011,2.588,,7110923706.0,World
58790,World,OWID_WRL,2012,2.607,,7201202442.0,World
58791,World,OWID_WRL,2013,2.572,,7291793521.0,World
58792,World,OWID_WRL,2014,2.564,,7381616193.0,World
58793,World,OWID_WRL,2015,2.537,8.101048,7470491849.0,World
58794,World,OWID_WRL,2016,2.536,,7558554482.0,World
58795,World,OWID_WRL,2017,2.504,,7645617937.0,World
58796,World,OWID_WRL,2018,2.437,,7729902735.0,World
58797,World,OWID_WRL,2019,2.397,,7811293646.0,World
58798,World,OWID_WRL,2020,2.322,8.610345,7887001253.0,World
58993,Yemen,YEM,1950,7.971,0.03,4616730.0,Asia
58994,Yemen,YEM,1951,7.971,,4684104.0,Asia
58995,Yemen,YEM,1952,7.969,,4758126.0,Asia
58996,Yemen,YEM,1953,7.964,,4837244.0,Asia
58997,Yemen,YEM,1954,7.964,,4921086.0,Asia
58998,Yemen,YEM,1955,7.97,0.03,5009621.0,Asia
58999,Yemen,YEM,1956,7.965,,5103052.0,Asia
59000,Yemen,YEM,1957,7.963,,5201565.0,Asia
59001,Yemen,YEM,1958,7.969,,5305693.0,Asia
59002,Yemen,YEM,1959,7.984,,5415867.0,Asia
59003,Yemen,YEM,1960,7.988,0.03,5532249.0,Asia
59004,Yemen,YEM,1961,8.0,,5655182.0,Asia
59005,Yemen,YEM,1962,8.01,,5782184.0,Asia
59006,Yemen,YEM,1963,8.028,,5911097.0,Asia
59007,Yemen,YEM,1964,8.071,,6047968.0,Asia
59008,Yemen,YEM,1965,8.101,0.03,6195555.0,Asia
59009,Yemen,YEM,1966,8.142,,6351431.0,Asia
59010,Yemen,YEM,1967,8.174,,6516394.0,Asia
59011,Yemen,YEM,1968,8.191,,6690469.0,Asia
59012,Yemen,YEM,1969,8.216,,6875809.0,Asia
59013,Yemen,YEM,1970,8.234,0.03,7065232.0,Asia
59014,Yemen,YEM,1971,8.26,,7257431.0,Asia
59015,Yemen,YEM,1972,8.273,,7460016.0,Asia
59016,Yemen,YEM,1973,8.29,,7672744.0,Asia
59017,Yemen,YEM,1974,8.326,,7896748.0,Asia
59018,Yemen,YEM,1975,8.373,0.03,8133557.0,Asia
59019,Yemen,YEM,1976,8.423,,8384064.0,Asia
59020,Yemen,YEM,1977,8.466,,8648171.0,Asia
59021,Yemen,YEM,1978,8.501,,8926549.0,Asia
59022,Yemen,YEM,1979,8.671,,9224149.0,Asia
59023,Yemen,YEM,1980,8.71,0.09,9543316.0,Asia
59024,Yemen,YEM,1981,8.752,,9882320.0,Asia
59025,Yemen,YEM,1982,8.793,,10240953.0,Asia
59026,Yemen,YEM,1983,8.828,,10621454.0,Asia
59027,Yemen,YEM,1984,8.853,,11025549.0,Asia
59028,Yemen,YEM,1985,8.864,0.19,11453783.0,Asia
59029,Yemen,YEM,1986,8.858,,11900998.0,Asia
59030,Yemen,YEM,1987,8.833,,12369868.0,Asia
59031,Yemen,YEM,1988,8.786,,12859672.0,Asia
59032,Yemen,YEM,1989,8.713,,13364132.0,Asia
59033,Yemen,YEM,1990,8.606,0.46,13887801.0,Asia
59034,Yemen,YEM,1991,8.459,,14430160.0,Asia
59035,Yemen,YEM,1992,8.272,,14989446.0,Asia
59036,Yemen,YEM,1993,8.048,,15563867.0,Asia
59037,Yemen,YEM,1994,7.795,,16149093.0,Asia
59038,Yemen,YEM,1995,7.525,0.75,16740017.0,Asia
59039,Yemen,YEM,1996,7.004,,17313127.0,Asia
59040,Yemen,YEM,1997,6.82,,17873898.0,Asia
59041,Yemen,YEM,1998,6.639,,18445969.0,Asia
59042,Yemen,YEM,1999,6.489,,19029377.0,Asia
59043,Yemen,YEM,2000,6.317,1.21,19624093.0,Asia
59044,Yemen,YEM,2001,6.143,,20226100.0,Asia
59045,Yemen,YEM,2002,5.971,,20835051.0,Asia
59046,Yemen,YEM,2003,5.839,,21456325.0,Asia
59047,Yemen,YEM,2004,5.712,,22095118.0,Asia
59048,Yemen,YEM,2005,5.563,1.86,22790036.0,Asia
59049,Yemen,YEM,2006,5.412,,23543046.0,Asia
59050,Yemen,YEM,2007,5.261,,24318038.0,Asia
59051,Yemen,YEM,2008,5.113,,25111897.0,Asia
59052,Yemen,YEM,2009,5.004,,25927683.0,Asia
59053,Yemen,YEM,2010,4.81,2.78,26754341.0,Asia
59054,Yemen,YEM,2011,4.63,,27582855.0,Asia
59055,Yemen,YEM,2012,4.633,,28433605.0,Asia
59056,Yemen,YEM,2013,4.623,,29312908.0,Asia
59057,Yemen,YEM,2014,4.62,,30226266.0,Asia
59058,Yemen,YEM,2015,4.617,3.79,31159328.0,Asia
59059,Yemen,YEM,2016,4.613,,32108978.0,Asia
59060,Yemen,YEM,2017,4.61,,33090884.0,Asia
59061,Yemen,YEM,2018,4.607,,34085134.0,Asia
59062,Yemen,YEM,2019,4.603,,35111377.0,Asia
59063,Yemen,YEM,2020,4.6,4.8,36134822.0,Asia
59260,Yemen Arab Republic,OWID_YAR,1970,,,4880000.0,Asia
59261,Yemen Arab Republic,OWID_YAR,1971,,,4966000.0,Asia
59262,Yemen Arab Republic,OWID_YAR,1972,,,5055000.0,Asia
59263,Yemen Arab Republic,OWID_YAR,1973,,,5155000.0,Asia
59264,Yemen Arab Republic,OWID_YAR,1974,,,5272000.0,Asia
59265,Yemen Arab Republic,OWID_YAR,1975,,,5415000.0,Asia
59266,Yemen Arab Republic,OWID_YAR,1976,,,5585000.0,Asia
59267,Yemen Arab Republic,OWID_YAR,1977,,,5781000.0,Asia
59268,Yemen Arab Republic,OWID_YAR,1978,,,6000000.0,Asia
59269,Yemen Arab Republic,OWID_YAR,1979,,,6235000.0,Asia
59270,Yemen Arab Republic,OWID_YAR,1980,,,6483000.0,Asia
59271,Yemen Arab Republic,OWID_YAR,1981,,,6744000.0,Asia
59272,Yemen Arab Republic,OWID_YAR,1982,,,7020000.0,Asia
59273,Yemen Arab Republic,OWID_YAR,1983,,,7309000.0,Asia
59274,Yemen Arab Republic,OWID_YAR,1984,,,7608000.0,Asia
59275,Yemen Arab Republic,OWID_YAR,1985,,,7917000.0,Asia
59276,Yemen Arab Republic,OWID_YAR,1986,,,8231000.0,Asia
59277,Yemen Arab Republic,OWID_YAR,1987,,,8550000.0,Asia
59278,Yemen Arab Republic,OWID_YAR,1988,,,8891000.0,Asia
59279,Yemen Arab Republic,OWID_YAR,1989,,,9224000.0,Asia
59280,Yemen Arab Republic,OWID_YAR,1990,,,9632000.0,Asia
59284,Yemen People's Republic,OWID_YPR,1970,,,1511000.0,Asia
59285,Yemen People's Republic,OWID_YPR,1971,,,1544000.0,Asia
59286,Yemen People's Republic,OWID_YPR,1972,,,1577000.0,Asia
59287,Yemen People's Republic,OWID_YPR,1973,,,1609000.0,Asia
59288,Yemen People's Republic,OWID_YPR,1974,,,1643000.0,Asia
59289,Yemen People's Republic,OWID_YPR,1975,,,1678000.0,Asia
59290,Yemen People's Republic,OWID_YPR,1976,,,1716000.0,Asia
59291,Yemen People's Republic,OWID_YPR,1977,,,1757000.0,Asia
59292,Yemen People's Republic,OWID_YPR,1978,,,1800000.0,Asia
59293,Yemen People's Republic,OWID_YPR,1979,,,1847000.0,Asia
59294,Yemen People's Republic,OWID_YPR,1980,,,1898000.0,Asia
59295,Yemen People's Republic,OWID_YPR,1981,,,1955000.0,Asia
59296,Yemen People's Republic,OWID_YPR,1982,,,2016000.0,Asia
59297,Yemen People's Republic,OWID_YPR,1983,,,2082000.0,Asia
59298,Yemen People's Republic,OWID_YPR,1984,,,2150000.0,Asia
59299,Yemen People's Republic,OWID_YPR,1985,,,2220000.0,Asia
59300,Yemen People's Republic,OWID_YPR,1986,,,2290000.0,Asia
59301,Yemen People's Republic,OWID_YPR,1987,,,2362000.0,Asia
59302,Yemen People's Republic,OWID_YPR,1988,,,2438000.0,Asia
59303,Yemen People's Republic,OWID_YPR,1989,,,2567000.0,Asia
59304,Yemen People's Republic,OWID_YPR,1990,,,2681000.0,Asia
59340,Yugoslavia,OWID_YGS,1950,,,16300000.0,Europe
59341,Yugoslavia,OWID_YGS,1951,,,16520000.0,Europe
59342,Yugoslavia,OWID_YGS,1952,,,16710000.0,Europe
59343,Yugoslavia,OWID_YGS,1953,,,16940000.0,Europe
59344,Yugoslavia,OWID_YGS,1954,,,17150000.0,Europe
59345,Yugoslavia,OWID_YGS,1955,,,17360000.0,Europe
59346,Yugoslavia,OWID_YGS,1956,,,17510000.0,Europe
59347,Yugoslavia,OWID_YGS,1957,,,17660000.0,Europe
59348,Yugoslavia,OWID_YGS,1958,,,17800000.0,Europe
59349,Yugoslavia,OWID_YGS,1959,,,17970000.0,Europe
59350,Yugoslavia,OWID_YGS,1960,,,18130000.0,Europe
59351,Yugoslavia,OWID_YGS,1961,,,18320000.0,Europe
59352,Yugoslavia,OWID_YGS,1962,,,18500000.0,Europe
59353,Yugoslavia,OWID_YGS,1963,,,18680000.0,Europe
59354,Yugoslavia,OWID_YGS,1964,,,18850000.0,Europe
59355,Yugoslavia,OWID_YGS,1965,,,19040000.0,Europe
59356,Yugoslavia,OWID_YGS,1966,,,19220000.0,Europe
59357,Yugoslavia,OWID_YGS,1967,,,19390000.0,Europe
59358,Yugoslavia,OWID_YGS,1968,,,19550000.0,Europe
59359,Yugoslavia,OWID_YGS,1969,,,19700000.0,Europe
59360,Yugoslavia,OWID_YGS,1970,,,19840000.0,Europe
59361,Yugoslavia,OWID_YGS,1971,,,20010000.0,Europe
59362,Yugoslavia,OWID_YGS,1972,,,20200000.0,Europe
59363,Yugoslavia,OWID_YGS,1973,,,20370000.0,Europe
59364,Yugoslavia,OWID_YGS,1974,,,20550000.0,Europe
59365,Yugoslavia,OWID_YGS,1975,,,20730000.0,Europe
59366,Yugoslavia,OWID_YGS,1976,,,20930000.0,Europe
59367,Yugoslavia,OWID_YGS,1977,,,21130000.0,Europe
59368,Yugoslavia,OWID_YGS,1978,,,21310000.0,Europe
59369,Yugoslavia,OWID_YGS,1979,,,21490000.0,Europe
59370,Yugoslavia,OWID_YGS,1980,,,21620000.0,Europe
59371,Yugoslavia,OWID_YGS,1981,,,21710000.0,Europe
59372,Yugoslavia,OWID_YGS,1982,,,21880000.0,Europe
59373,Yugoslavia,OWID_YGS,1983,,,22020000.0,Europe
59374,Yugoslavia,OWID_YGS,1984,,,22090000.0,Europe
59375,Yugoslavia,OWID_YGS,1985,,,22220000.0,Europe
59376,Yugoslavia,OWID_YGS,1986,,,22340000.0,Europe
59377,Yugoslavia,OWID_YGS,1987,,,22440000.0,Europe
59378,Yugoslavia,OWID_YGS,1988,,,22540000.0,Europe
59379,Yugoslavia,OWID_YGS,1989,,,22630000.0,Europe
59380,Yugoslavia,OWID_YGS,1990,,,22720000.0,Europe
59381,Yugoslavia,OWID_YGS,1991,,,23070000.0,Europe
59382,Yugoslavia,OWID_YGS,1992,,,23090000.0,Europe
59384,Zambia,ZMB,1950,6.779,1.35,2321252.0,Africa
59385,Zambia,ZMB,1951,6.766,,2393260.0,Africa
59386,Zambia,ZMB,1952,6.774,,2467223.0,Africa
59387,Zambia,ZMB,1953,6.786,,2543500.0,Africa
59388,Zambia,ZMB,1954,6.795,,2622224.0,Africa
59389,Zambia,ZMB,1955,6.803,1.51,2703491.0,Africa
59390,Zambia,ZMB,1956,6.809,,2787366.0,Africa
59391,Zambia,ZMB,1957,6.832,,2874022.0,Africa
59392,Zambia,ZMB,1958,6.864,,2963817.0,Africa
59393,Zambia,ZMB,1959,6.903,,3057013.0,Africa
59394,Zambia,ZMB,1960,6.947,1.8,3153682.0,Africa
59395,Zambia,ZMB,1961,6.982,,3254031.0,Africa
59396,Zambia,ZMB,1962,7.012,,3358045.0,Africa
59397,Zambia,ZMB,1963,7.06,,3465863.0,Africa
59398,Zambia,ZMB,1964,7.085,,3576968.0,Africa
59399,Zambia,ZMB,1965,7.116,2.1,3692043.0,Africa
59400,Zambia,ZMB,1966,7.138,,3811956.0,Africa
59401,Zambia,ZMB,1967,7.154,,3936306.0,Africa
59402,Zambia,ZMB,1968,7.18,,4065553.0,Africa
59403,Zambia,ZMB,1969,7.18,,4197066.0,Africa
59404,Zambia,ZMB,1970,7.224,2.59,4321683.0,Africa
59405,Zambia,ZMB,1971,7.26,,4442472.0,Africa
59406,Zambia,ZMB,1972,7.3,,4569266.0,Africa
59407,Zambia,ZMB,1973,7.339,,4702649.0,Africa
59408,Zambia,ZMB,1974,7.364,,4842698.0,Africa
59409,Zambia,ZMB,1975,7.421,2.9,4990037.0,Africa
59410,Zambia,ZMB,1976,7.388,,5143804.0,Africa
59411,Zambia,ZMB,1977,7.353,,5302424.0,Africa
59412,Zambia,ZMB,1978,7.294,,5465319.0,Africa
59413,Zambia,ZMB,1979,7.222,,5631683.0,Africa
59414,Zambia,ZMB,1980,7.139,3.28,5802797.0,Africa
59415,Zambia,ZMB,1981,7.073,,5983257.0,Africa
59416,Zambia,ZMB,1982,7.039,,6178583.0,Africa
59417,Zambia,ZMB,1983,7.007,,6381001.0,Africa
59418,Zambia,ZMB,1984,6.974,,6580454.0,Africa
59419,Zambia,ZMB,1985,6.928,3.69,6780909.0,Africa
59420,Zambia,ZMB,1986,6.868,,6986421.0,Africa
59421,Zambia,ZMB,1987,6.798,,7191237.0,Africa
59422,Zambia,ZMB,1988,6.703,,7391399.0,Africa
59423,Zambia,ZMB,1989,6.635,,7589181.0,Africa
59424,Zambia,ZMB,1990,6.567,3.98,7786113.0,Africa
59425,Zambia,ZMB,1991,6.458,,7981603.0,Africa
59426,Zambia,ZMB,1992,6.349,,8176624.0,Africa
59427,Zambia,ZMB,1993,6.298,,8373871.0,Africa
59428,Zambia,ZMB,1994,6.26,,8576216.0,Africa
59429,Zambia,ZMB,1995,6.232,5.24,8785712.0,Africa
59430,Zambia,ZMB,1996,6.182,,9004013.0,Africa
59431,Zambia,ZMB,1997,6.124,,9237016.0,Africa
59432,Zambia,ZMB,1998,6.067,,9482364.0,Africa
59433,Zambia,ZMB,1999,5.998,,9739963.0,Africa
59434,Zambia,ZMB,2000,5.921,5.75,10017580.0,Africa
59435,Zambia,ZMB,2001,5.848,,10325145.0,Africa
59436,Zambia,ZMB,2002,5.774,,10647905.0,Africa
59437,Zambia,ZMB,2003,5.71,,10983561.0,Africa
59438,Zambia,ZMB,2004,5.698,,11338148.0,Africa
59439,Zambia,ZMB,2005,5.697,6.21,11718768.0,Africa
59440,Zambia,ZMB,2006,5.679,,12129509.0,Africa
59441,Zambia,ZMB,2007,5.613,,12565040.0,Africa
59442,Zambia,ZMB,2008,5.53,,13021274.0,Africa
59443,Zambia,ZMB,2009,5.453,,13490345.0,Africa
59444,Zambia,ZMB,2010,5.359,7.06,13965529.0,Africa
59445,Zambia,ZMB,2011,5.256,,14437740.0,Africa
59446,Zambia,ZMB,2012,5.136,,14913571.0,Africa
59447,Zambia,ZMB,2013,5.014,,15398950.0,Africa
59448,Zambia,ZMB,2014,4.89,,15895274.0,Africa
59449,Zambia,ZMB,2015,4.775,7.69,16399034.0,Africa
59450,Zambia,ZMB,2016,4.669,,16914380.0,Africa
59451,Zambia,ZMB,2017,4.567,,17441277.0,Africa
59452,Zambia,ZMB,2018,4.492,,17973515.0,Africa
59453,Zambia,ZMB,2019,4.418,,18513790.0,Africa
59454,Zambia,ZMB,2020,4.323,8.26,19059354.0,Africa
59649,Zimbabwe,ZWE,1950,7.041,1.37,2790863.0,Africa
59650,Zimbabwe,ZWE,1951,7.06,,2880852.0,Africa
59651,Zimbabwe,ZWE,1952,7.069,,2972864.0,Africa
59652,Zimbabwe,ZWE,1953,7.081,,3067121.0,Africa
59653,Zimbabwe,ZWE,1954,7.091,,3163838.0,Africa
59654,Zimbabwe,ZWE,1955,7.099,1.62,3263179.0,Africa
59655,Zimbabwe,ZWE,1956,7.121,,3365493.0,Africa
59656,Zimbabwe,ZWE,1957,7.142,,3471101.0,Africa
59657,Zimbabwe,ZWE,1958,7.159,,3580131.0,Africa
59658,Zimbabwe,ZWE,1959,7.173,,3692761.0,Africa
59659,Zimbabwe,ZWE,1960,7.195,1.96,3809349.0,Africa
59660,Zimbabwe,ZWE,1961,7.212,,3930357.0,Africa
59661,Zimbabwe,ZWE,1962,7.231,,4055920.0,Africa
59662,Zimbabwe,ZWE,1963,7.23,,4185830.0,Africa
59663,Zimbabwe,ZWE,1964,7.23,,4319949.0,Africa
59664,Zimbabwe,ZWE,1965,7.231,2.23,4458416.0,Africa
59665,Zimbabwe,ZWE,1966,7.196,,4601171.0,Africa
59666,Zimbabwe,ZWE,1967,7.157,,4748262.0,Africa
59667,Zimbabwe,ZWE,1968,7.114,,4900392.0,Africa
59668,Zimbabwe,ZWE,1969,7.036,,5058138.0,Africa
59669,Zimbabwe,ZWE,1970,6.982,2.74,5215872.0,Africa
59670,Zimbabwe,ZWE,1971,6.939,,5374671.0,Africa
59671,Zimbabwe,ZWE,1972,6.942,,5542397.0,Africa
59672,Zimbabwe,ZWE,1973,6.942,,5720362.0,Africa
59673,Zimbabwe,ZWE,1974,6.879,,5908276.0,Africa
59674,Zimbabwe,ZWE,1975,6.832,3.01,6098605.0,Africa
59675,Zimbabwe,ZWE,1976,6.771,,6287053.0,Africa
59676,Zimbabwe,ZWE,1977,6.713,,6449465.0,Africa
59677,Zimbabwe,ZWE,1978,6.658,,6543524.0,Africa
59678,Zimbabwe,ZWE,1979,6.59,,6647506.0,Africa
59679,Zimbabwe,ZWE,1980,6.517,3.44,7041251.0,Africa
59680,Zimbabwe,ZWE,1981,6.445,,7498592.0,Africa
59681,Zimbabwe,ZWE,1982,6.333,,7796454.0,Africa
59682,Zimbabwe,ZWE,1983,6.197,,8098356.0,Africa
59683,Zimbabwe,ZWE,1984,6.044,,8391455.0,Africa
59684,Zimbabwe,ZWE,1985,5.871,4.05,8686765.0,Africa
59685,Zimbabwe,ZWE,1986,5.688,,8982530.0,Africa
59686,Zimbabwe,ZWE,1987,5.5,,9284594.0,Africa
59687,Zimbabwe,ZWE,1988,5.279,,9583054.0,Africa
59688,Zimbabwe,ZWE,1989,5.073,,9864749.0,Africa
59689,Zimbabwe,ZWE,1990,4.876,5.23,10137236.0,Africa
59690,Zimbabwe,ZWE,1991,4.715,,10404776.0,Africa
59691,Zimbabwe,ZWE,1992,4.567,,10702643.0,Africa
59692,Zimbabwe,ZWE,1993,4.391,,10860236.0,Africa
59693,Zimbabwe,ZWE,1994,4.284,,10873091.0,Africa
59694,Zimbabwe,ZWE,1995,4.153,6.2,10974557.0,Africa
59695,Zimbabwe,ZWE,1996,4.11,,11158312.0,Africa
59696,Zimbabwe,ZWE,1997,4.075,,11369780.0,Africa
59697,Zimbabwe,ZWE,1998,4.067,,11594240.0,Africa
59698,Zimbabwe,ZWE,1999,4.056,,11783404.0,Africa
59699,Zimbabwe,ZWE,2000,4.009,6.77,11892005.0,Africa
59700,Zimbabwe,ZWE,2001,3.983,,11971852.0,Africa
59701,Zimbabwe,ZWE,2002,3.925,,12087610.0,Africa
59702,Zimbabwe,ZWE,2003,3.862,,12232280.0,Africa
59703,Zimbabwe,ZWE,2004,3.776,,12365847.0,Africa
59704,Zimbabwe,ZWE,2005,3.693,7.32,12483384.0,Africa
59705,Zimbabwe,ZWE,2006,3.635,,12636402.0,Africa
59706,Zimbabwe,ZWE,2007,3.677,,12804022.0,Africa
59707,Zimbabwe,ZWE,2008,3.783,,12959096.0,Africa
59708,Zimbabwe,ZWE,2009,3.95,,13142740.0,Africa
59709,Zimbabwe,ZWE,2010,4.04,7.68,13356502.0,Africa
59710,Zimbabwe,ZWE,2011,4.126,,13595372.0,Africa
59711,Zimbabwe,ZWE,2012,4.134,,13817838.0,Africa
59712,Zimbabwe,ZWE,2013,4.111,,14013761.0,Africa
59713,Zimbabwe,ZWE,2014,4.011,,14207314.0,Africa
59714,Zimbabwe,ZWE,2015,3.911,7.97,14398957.0,Africa
59715,Zimbabwe,ZWE,2016,3.828,,14600243.0,Africa
59716,Zimbabwe,ZWE,2017,3.768,,14812430.0,Africa
59717,Zimbabwe,ZWE,2018,3.744,,15034396.0,Africa
59718,Zimbabwe,ZWE,2019,3.748,,15271330.0,Africa
59719,Zimbabwe,ZWE,2020,3.754,8.32,15526837.0,Africa
